name,column_name,n_tuples,missing_perc,uniqueness,min,max,mean,median,std,skewness,kurtosis,mad,iqr,p_min,p_max,k_min,k_max,s_min,s_max,entropy,density,ml_algorithm,impute_standard,impute_mean,impute_median,impute_random,impute_knn,impute_mice,impute_linear_regression,impute_random_forest,impute_cmeans
abalone,'Length',4177.0,0.4937,0.061,0.11,0.8,0.5239,0.54,0.1192,-0.5892,-0.0701,0.08,0.165,0.0,0.0,0.0,0.0,0.0,0.0,4.499,0.0057,MLP,0.16358496026301192,0.1799765828386067,0.17695302491198345,0.16274372017420796,0.1762535971416952,0.19041772143674765,0.18545145418155923,0.18151288178096303,0.1779876758055354,0.1799765828386067,0.18799726429848979,0.18068976362160186,0.18709547409322008,0.19163812375442058,0.18706413674110134,0.18056839108732345,0.1780606870045398,0.19000900022662653
abalone,'Length',4177.0,0.4937,0.061,0.11,0.8,0.5239,0.54,0.1192,-0.5892,-0.0701,0.08,0.165,0.0,0.0,0.0,0.0,0.0,0.0,4.499,0.0057,TabNet,0.18822614897414502,0.17389939544029484,0.17890042775309833,0.15602589195518907,0.17539991514931322,0.18326821889897102,0.16715526717596502,0.16866819206033254,0.17123682564226822,0.17389939544029484,0.1808811395923532,0.17962572822698447,0.1779099879115519,0.17112076322740194,0.18218568860021428,0.1779671045303871,0.17458149862453806,0.18167347403621997
abalone,'Length',4177.0,0.4412,0.0557,0.075,0.815,0.5224,0.54,0.1197,-0.6181,0.0352,0.08,0.165,0.0,0.0,0.0,0.0,0.0,0.0,4.5057,0.0056,MLP,0.1639408268653416,0.16929912666796504,0.16466554173876025,0.15564736272527985,0.17019445181316994,0.17413632275100038,0.18064451842230786,0.18226216631434655,0.1717301015178349,0.16929912666796504,0.1741294081053259,0.17516151835195262,0.17696054776566342,0.178328628990207,0.17859384637352266,0.17697761819389296,0.16801911085441995,0.17623310862781094
abalone,'Length',4177.0,0.4412,0.0557,0.075,0.815,0.5224,0.54,0.1197,-0.6181,0.0352,0.08,0.165,0.0,0.0,0.0,0.0,0.0,0.0,4.5057,0.0056,TabNet,0.17183188040898745,0.15101321168697052,0.1526363833962202,0.15125921599467765,0.1505428370357709,0.1559806655010283,0.15720015503288026,0.15525186498775986,0.1595717718379338,0.15101321168697052,0.15645732126041964,0.15657431935283395,0.15968169196530507,0.1589174003804191,0.15648852684108425,0.14990165366527597,0.15081568663981726,0.15854190080674554
abalone,'Length',4177.0,0.4032,0.0521,0.075,0.8,0.5242,0.545,0.1199,-0.708,0.1745,0.075,0.16,0.0,0.0,0.0,0.0,0.0,0.0,4.4952,0.0053,MLP,0.1767699605844349,0.17927527121143774,0.18524634402458773,0.16643730561131792,0.18772489219913063,0.18105014664462604,0.18307772370813807,0.1841887040479252,0.18067663545206905,0.17927527121143774,0.17927128471904585,0.17912598309520517,0.1825720624278846,0.18005869402653019,0.17910006414649277,0.18548244650327253,0.18232680510026622,0.17908501657956888
abalone,'Length',4177.0,0.4032,0.0521,0.075,0.8,0.5242,0.545,0.1199,-0.708,0.1745,0.075,0.16,0.0,0.0,0.0,0.0,0.0,0.0,4.4952,0.0053,TabNet,0.18290060348590598,0.15976914990330482,0.16062675727738254,0.15599684375470385,0.17162064326392196,0.18129533812695348,0.1824354354700486,0.18301702366895645,0.1796926679562168,0.15976914990330482,0.18268910267640465,0.18183329710217272,0.18269902218921205,0.1748939993231356,0.1740156134307831,0.1788247242762677,0.1656612684420121,0.1646804943256256
abalone,'Length',4177.0,0.3443,0.0475,0.13,0.815,0.524,0.545,0.12,-0.6145,-0.0101,0.08,0.165,0.0,0.0,0.0,0.0,0.0,0.0,4.5078,0.0057,MLP,0.18975836524153802,0.18556390642737677,0.18374590508290722,0.17226370410805117,0.17783059310421673,0.1830354968718802,0.19387233047918956,0.19299112837653842,0.18231750650384393,0.18556390642737677,0.18266864835613236,0.1828048602330688,0.18194742982226342,0.18436369015088155,0.18123818548709816,0.17159480807970012,0.18312622972031817,0.1799301111035469
abalone,'Length',4177.0,0.3443,0.0475,0.13,0.815,0.524,0.545,0.12,-0.6145,-0.0101,0.08,0.165,0.0,0.0,0.0,0.0,0.0,0.0,4.5078,0.0057,TabNet,0.16690345962758074,0.17422999733962508,0.1864063116917444,0.16781988521282384,0.16997914812932652,0.17488052361387035,0.17513818420278693,0.1822077838861643,0.17590423584261433,0.17422999733962508,0.17488626107560842,0.17420047058978283,0.17267176813932533,0.17488525047456777,0.17403767294973704,0.17658045536375863,0.16613188038423238,0.1750839036141616
abalone,'Length',4177.0,0.304,0.0458,0.075,0.815,0.5228,0.54,0.1203,-0.6214,0.0357,0.08,0.165,0.0,0.0,0.0,0.0,0.0,0.0,4.515,0.0054,MLP,0.17291447841168034,0.17908494410043646,0.1818008445355853,0.1664548193748019,0.17571636114446093,0.17928358200240085,0.18938386759929585,0.18566343936827923,0.181425849068741,0.17908494410043646,0.17991013277082663,0.17668733582129134,0.17812282904834634,0.17846165835208463,0.17894160496993522,0.18613599904894323,0.1731180249618771,0.17719937073073108
abalone,'Length',4177.0,0.304,0.0458,0.075,0.815,0.5228,0.54,0.1203,-0.6214,0.0357,0.08,0.165,0.0,0.0,0.0,0.0,0.0,0.0,4.515,0.0054,TabNet,0.18121482332396177,0.17791424315043292,0.17639373368884032,0.1553162568903746,0.17083704583294002,0.1822794272958251,0.17991900722029358,0.17665029719809489,0.18896461820011867,0.17791424315043292,0.17820682975453922,0.18283919364681,0.18126044356290097,0.1804655046455128,0.18379270597611722,0.16940520788581104,0.17013149027063756,0.18427056960800628
abalone,'Length',4177.0,0.2531,0.0426,0.075,0.815,0.5236,0.545,0.1214,-0.6306,0.0298,0.08,0.165,0.0,0.0,0.0,0.0,0.0,0.0,4.5203,0.0055,MLP,0.19367748531194695,0.1936050207524263,0.19083533240090036,0.19211909540930389,0.19329055047536062,0.19426890905680244,0.20234669548013667,0.19643289219368448,0.18821003128578018,0.1936050207524263,0.19413926940924164,0.19352936120358438,0.18858815292943854,0.19326158266465027,0.19308202114194217,0.19386165428297294,0.18883439731967055,0.19415710956036186
abalone,'Length',4177.0,0.2531,0.0426,0.075,0.815,0.5236,0.545,0.1214,-0.6306,0.0298,0.08,0.165,0.0,0.0,0.0,0.0,0.0,0.0,4.5203,0.0055,TabNet,0.19008124432166468,0.179420360078423,0.17612149756482795,0.188239229687483,0.19207586584185776,0.18681028879384265,0.18157047217764072,0.17870163293180075,0.18507277464356914,0.179420360078423,0.18834811382670125,0.18441567832458272,0.18772577442557967,0.18646793364193154,0.18599945990270364,0.1833176620314786,0.18523052361570913,0.18860462208580253
abalone,'Length',4177.0,0.2078,0.0399,0.075,0.8,0.5222,0.54,0.1213,-0.6119,0.0149,0.08,0.165,0.0,0.0,0.0,0.0,0.0,0.0,4.5249,0.0056,MLP,0.2078117336708753,0.19984307473344576,0.20538966528899702,0.1996319371060632,0.20916340162904035,0.2105957839312872,0.20533792435733486,0.20568296319029114,0.20457654459840138,0.19984307473344576,0.21170929054308693,0.2105774965782383,0.2127875105012013,0.2113079862812811,0.212379728457063,0.2072508974122772,0.19535285170540193,0.2089234030892784
abalone,'Length',4177.0,0.2078,0.0399,0.075,0.8,0.5222,0.54,0.1213,-0.6119,0.0149,0.08,0.165,0.0,0.0,0.0,0.0,0.0,0.0,4.5249,0.0056,TabNet,0.18812489916855507,0.18647569485196003,0.19449241338264267,0.19655967015939968,0.19430654379212042,0.1940405534891902,0.1997888093079783,0.19528637007269825,0.19261010739885098,0.18647569485196003,0.19708975449032975,0.19590028232665557,0.19362730679550674,0.19536194911106464,0.1940517384860799,0.19270603318035906,0.1732453949381644,0.19162534339386444
abalone,'Length',4177.0,0.1365,0.0366,0.075,0.8,0.5229,0.54,0.1203,-0.643,0.0647,0.08,0.165,0.0,0.0,0.0,0.0,0.0,0.0,4.5109,0.0056,MLP,0.20789363737557617,0.20843927457187736,0.2087008242849887,0.20608488941890712,0.20526698233042534,0.21027984296284824,0.21278939704194627,0.21226347359054926,0.21205367005825554,0.20843927457187736,0.2104275019302304,0.21065191552870594,0.21063944448924507,0.20882976355410304,0.20855524980442525,0.20997939742962363,0.2059842652402398,0.20930103259704133
abalone,'Length',4177.0,0.1365,0.0366,0.075,0.8,0.5229,0.54,0.1203,-0.643,0.0647,0.08,0.165,0.0,0.0,0.0,0.0,0.0,0.0,4.5109,0.0056,TabNet,0.19995506515622424,0.20497265383264301,0.20801311687746035,0.20317411563737328,0.2007892918279722,0.20692274393304713,0.20796912679203705,0.20124339587099638,0.20807309752256825,0.20497265383264301,0.2087026422679352,0.21131923846232628,0.2071718812882144,0.2117128758564083,0.21130481340008547,0.2058136401015621,0.20144526243291333,0.21050921163923733
abalone,'Length',4177.0,0.0994,0.0351,0.11,0.815,0.5243,0.545,0.1206,-0.62,0.0067,0.08,0.165,0.0,0.0,0.0,0.0,0.0,0.0,4.5163,0.0056,MLP,0.2168527479904822,0.21653758896953468,0.21838901235428376,0.2159826930543014,0.21383029801295503,0.21527502422112443,0.2227361058140772,0.22358762135359955,0.21952982477321137,0.21653758896953468,0.21510302884096377,0.21538918770642046,0.21558342348594306,0.21488370838293963,0.2167097673771866,0.21557938535699211,0.21658605148408683,0.21453131124362446
abalone,'Length',4177.0,0.0994,0.0351,0.11,0.815,0.5243,0.545,0.1206,-0.62,0.0067,0.08,0.165,0.0,0.0,0.0,0.0,0.0,0.0,4.5163,0.0056,TabNet,0.20630786918332075,0.2161709201364036,0.21274653029554727,0.2086571345596877,0.21117054717976944,0.2178804547702894,0.21782243660132156,0.2147201506883581,0.2174433521064853,0.2161709201364036,0.21614182592041942,0.21276221033976245,0.21436004053877641,0.2137667469703486,0.21752169193523324,0.2143858070388549,0.22073314145652573,0.209615994944986
abalone,'Length',4177.0,0.0529,0.0339,0.075,0.815,0.5239,0.545,0.1202,-0.6403,0.0704,0.08,0.165,0.0,0.0,0.0,0.0,0.0,0.0,4.5166,0.0052,MLP,0.22096159736104862,0.22402485472218142,0.22182495033310431,0.21930743884784865,0.22379485298463703,0.22031917913564633,0.22703064946414633,0.22676704539217216,0.22154794763364463,0.22402485472218142,0.22043362520173468,0.22024071653782673,0.21990637007793745,0.21993709102033732,0.22040780081341135,0.22083072692353056,0.21871591815470914,0.21998543944208282
abalone,'Length',4177.0,0.0529,0.0339,0.075,0.815,0.5239,0.545,0.1202,-0.6403,0.0704,0.08,0.165,0.0,0.0,0.0,0.0,0.0,0.0,4.5166,0.0052,TabNet,0.20713823968266143,0.21526093501989058,0.2126149930182183,0.21207248981085314,0.20262628056682075,0.2083022546826184,0.2233796708145138,0.2224947941589073,0.21269913125397216,0.21526093501989058,0.20803177991921537,0.21510579963489412,0.20504549570197458,0.2072161029886544,0.21450644770460378,0.21119204802665917,0.21461163082524365,0.20589892672603077
BachChoralHarmony,V2,5665.0,0.4913,0.0649,1.0,207.0,53.1988,48.0,37.4715,0.9207,0.7451,25.0,50.0,0.0928,0.0928,0.0678,0.0678,0.0902,0.0902,4.8688,0.0027,MLP,0.49886868395588835,0.4991255524704163,0.5002473557739393,0.5001557005465154,0.5026185344367807,0.5015359447110684,0.041188300954501295,0.0383072170227922,0.4991255524704163,0.49959707355824234,0.5012798196431523,0.5024237910186994,0.498990768283465,0.5009962894420765,0.5006443521021704,0.49940788027130867,0.49970428758703794,0.5009275982856602
BachChoralHarmony,V2,5665.0,0.4913,0.0649,1.0,207.0,53.1988,48.0,37.4715,0.9207,0.7451,25.0,50.0,0.0928,0.0928,0.0678,0.0678,0.0902,0.0902,4.8688,0.0027,TabNet,0.4731060104531448,0.4757943160405752,0.4758806996312651,0.4756740693451117,0.47686773744785527,0.4770884217830044,0.04088964524762308,0.04126594648897337,0.47590519278081983,0.4754433486107841,0.47704126529474533,0.475181464501728,0.4752211124507252,0.47813955854421997,0.47596702640730715,0.4760485536769892,0.477758464583862,0.4779591696044289
BachChoralHarmony,V2,5665.0,0.4457,0.0602,1.0,207.0,52.9382,47.0,37.3209,0.9173,0.7366,26.0,53.0,0.0877,0.0877,0.0582,0.0582,0.0776,0.0776,4.8666,0.0026,MLP,0.4992927182252798,0.5011032116894579,0.5018928924716842,0.5003051859401478,0.49885649771773055,0.500850607458353,0.04363577604037369,0.048229384128587016,0.5011032116894579,0.5017424028958788,0.5004198490762181,0.5001601154030977,0.49951036176675606,0.5005779865883615,0.5011287800583387,0.5033187629664758,0.5004157477807141,0.500301634656925
BachChoralHarmony,V2,5665.0,0.4457,0.0602,1.0,207.0,52.9382,47.0,37.3209,0.9173,0.7366,26.0,53.0,0.0877,0.0877,0.0582,0.0582,0.0776,0.0776,4.8666,0.0026,TabNet,0.47514247385786235,0.4738275539792186,0.47934948759160023,0.47353440126797375,0.47383954779460336,0.47548920857319205,0.04358208577758976,0.0431240598699133,0.47387704671039027,0.47742763276886385,0.4746041526904403,0.4769981428691203,0.47516879656774774,0.476036875760534,0.47630867427350887,0.47796068996353774,0.47857259954663356,0.4748367190643833
BachChoralHarmony,V2,5665.0,0.403,0.0577,1.0,207.0,53.555,48.0,37.7922,0.9466,0.8634,26.0,51.0,0.0884,0.0884,0.0608,0.0608,0.0808,0.0808,4.8801,0.0025,MLP,0.5001200625820219,0.5026014183074565,0.5016204346825589,0.5002914070208827,0.4988032707627272,0.49933731136331777,0.041324512529382594,0.04070219753447013,0.5024873371317081,0.502415740684217,0.49985727135090646,0.4985032801602886,0.4991835104332475,0.4994052666976181,0.499038309476331,0.499897265968297,0.5006973001422677,0.4992098753477836
BachChoralHarmony,V2,5665.0,0.403,0.0577,1.0,207.0,53.555,48.0,37.7922,0.9466,0.8634,26.0,51.0,0.0884,0.0884,0.0608,0.0608,0.0808,0.0808,4.8801,0.0025,TabNet,0.47558899753043427,0.4743672747165507,0.473263284487794,0.4765663917736184,0.47104554548733263,0.4751916631386861,0.04190039063695658,0.04285702875532997,0.474466898247083,0.4740986868490773,0.4777146376350794,0.4763708606699174,0.4776631115285474,0.4771858022320081,0.47321521586144155,0.4764630079024504,0.4753537643229527,0.4741446318886779
BachChoralHarmony,V2,5665.0,0.3416,0.0517,1.0,205.0,53.6764,49.0,37.3604,0.8953,0.7243,26.0,51.75,0.0743,0.0743,0.05,0.05,0.0668,0.0668,4.8785,0.0026,MLP,0.499480525584954,0.500159558811224,0.49953814375374983,0.5008783463389541,0.49832716191773885,0.49900404172370283,0.03924099667901078,0.03966620855284949,0.500159558811224,0.5004321941079207,0.4987542012639209,0.4992429558974054,0.4994612506028385,0.4989299071663783,0.4989533815142503,0.4976996992523203,0.4966271266408074,0.49886805852671057
BachChoralHarmony,V2,5665.0,0.3416,0.0517,1.0,205.0,53.6764,49.0,37.3604,0.8953,0.7243,26.0,51.75,0.0743,0.0743,0.05,0.05,0.0668,0.0668,4.8785,0.0026,TabNet,0.4745536963015987,0.47179089649920514,0.4753096472834406,0.47396889262096953,0.47613417251416146,0.47273431604182276,0.03949297296825206,0.03969313470439213,0.47179089649920514,0.47489980270023424,0.4733112273248187,0.4756212287423725,0.4724524338262313,0.4728909826246342,0.4734909713332174,0.4761444770010061,0.4761626364520705,0.47416344434941626
BachChoralHarmony,V2,5665.0,0.2937,0.0492,1.0,206.0,53.2474,48.0,37.244,0.9339,0.8356,25.0,51.0,0.0891,0.0891,0.0629,0.0629,0.0835,0.0835,4.8734,0.0023,MLP,0.5010917642437159,0.5038761987819539,0.5032554668279604,0.5012889552458403,0.5032115250583555,0.5026171472527596,0.04083750353561915,0.04194490263140662,0.5038761987819539,0.5039282080807466,0.5029329807461052,0.5029704998721821,0.5022606964287343,0.5017950883647073,0.5029866780211358,0.4997710043735627,0.4980869439386697,0.5026647922868622
BachChoralHarmony,V2,5665.0,0.2937,0.0492,1.0,206.0,53.2474,48.0,37.244,0.9339,0.8356,25.0,51.0,0.0891,0.0891,0.0629,0.0629,0.0835,0.0835,4.8734,0.0023,TabNet,0.4746210355004069,0.47538357145936994,0.47603965458586783,0.47633876230236394,0.4748189069680541,0.47439483542159044,0.041231204788392276,0.042239878442439455,0.4748782708810917,0.47639463163259693,0.47646679453222684,0.4761715435157554,0.4754918254521766,0.476365800797164,0.47583514004373484,0.47651521588324885,0.4749352128053782,0.47255950420194276
BachChoralHarmony,V2,5665.0,0.2462,0.0457,1.0,206.0,52.804,47.0,36.9409,0.904,0.7592,25.0,51.0,0.0758,0.0758,0.0524,0.0524,0.0698,0.0698,4.8679,0.0024,MLP,0.5006065375601871,0.5015789098033913,0.50082175109895,0.5007710430897214,0.4993811849476133,0.4995823941236298,0.04036603252074654,0.04157125934255311,0.5015789098033913,0.5012860156609762,0.4995548382975034,0.49868252908935456,0.49999453593132004,0.49821592996374603,0.5002951439853363,0.4991223421036356,0.5006370286875855,0.49924709191710026
BachChoralHarmony,V2,5665.0,0.2462,0.0457,1.0,206.0,52.804,47.0,36.9409,0.904,0.7592,25.0,51.0,0.0758,0.0758,0.0524,0.0524,0.0698,0.0698,4.8679,0.0024,TabNet,0.47600097943688696,0.47705648459843936,0.4759681837390004,0.47602839708086225,0.47534412972047785,0.4768235448207503,0.042238917853456376,0.04266468593220063,0.47705648459843936,0.4753785976274431,0.47755574883258917,0.4766579060703363,0.47669855178671283,0.47718651457077754,0.47643448180277037,0.4787201626675182,0.4805636456637578,0.47648825958722396
BachChoralHarmony,V2,5665.0,0.2014,0.0442,1.0,207.0,53.7471,48.0,37.3207,0.9372,0.8501,25.0,50.0,0.0715,0.0715,0.0492,0.0492,0.0656,0.0656,4.8826,0.0023,MLP,0.500243442383868,0.5000115608390038,0.5005009794099182,0.5004966691721975,0.5011330037559066,0.49904910542188047,0.03977505419698169,0.03992045912165701,0.5000115608390038,0.4998126483081221,0.4997478790755371,0.5012298561794007,0.5001090278003144,0.49960440787299687,0.49930002741125956,0.49873051061767726,0.49852695257630353,0.5000609367370445
BachChoralHarmony,V2,5665.0,0.2014,0.0442,1.0,207.0,53.7471,48.0,37.3207,0.9372,0.8501,25.0,50.0,0.0715,0.0715,0.0492,0.0492,0.0656,0.0656,4.8826,0.0023,TabNet,0.4759211384664909,0.4754930701465768,0.4748370932730623,0.4751074220875634,0.4734864708365112,0.4745374628058681,0.03912965920691548,0.0410084684296473,0.4755032200495748,0.47704111310591896,0.47387383575714886,0.4739378871134675,0.4720844982808756,0.47339368061870785,0.471315558771327,0.4768643888897497,0.47667253679981836,0.47225939480866885
BachChoralHarmony,V2,5665.0,0.1458,0.0422,1.0,207.0,53.56,48.0,37.4463,0.9395,0.8626,25.0,51.0,0.0728,0.0728,0.0513,0.0513,0.0685,0.0685,4.8855,0.0023,MLP,0.49982840812501483,0.5011278746990651,0.5009471885216674,0.49959844195318037,0.5002201234227409,0.5011043444304238,0.04270259053700165,0.04202494376224386,0.5011278746990651,0.5011786246767405,0.5008414633244412,0.5006488532874555,0.5001937022620563,0.5008919928755176,0.5010914889842605,0.5002470219559679,0.49940443698971737,0.5017309868645443
BachChoralHarmony,V2,5665.0,0.1458,0.0422,1.0,207.0,53.56,48.0,37.4463,0.9395,0.8626,25.0,51.0,0.0728,0.0728,0.0513,0.0513,0.0685,0.0685,4.8855,0.0023,TabNet,0.4784111892685179,0.47438717227693394,0.47738945415894274,0.4742772459542406,0.4772629676369524,0.4750057800054085,0.04293483300900782,0.04219862230306905,0.47438717227693394,0.4749317375554109,0.4747747091219926,0.47710064789393997,0.47632614968040987,0.47652816226784245,0.475046552083928,0.4772953367108653,0.4723528403632832,0.47634178042445274
BachChoralHarmony,V2,5665.0,0.1026,0.0397,1.0,207.0,53.2372,47.5,37.0835,0.9138,0.7946,25.5,51.0,0.0687,0.0687,0.0467,0.0467,0.0622,0.0622,4.8795,0.0023,MLP,0.5004603520664832,0.5018594917636932,0.5017430765888637,0.5003150853228384,0.5016028171617891,0.5009559932388393,0.04156983221882136,0.042471811734619246,0.5018594917636932,0.5018150308717564,0.501137049987849,0.5011595274241193,0.5013587310507287,0.5015433771490542,0.5011259198320293,0.49987489951366293,0.49984796022670774,0.5006286462437735
BachChoralHarmony,V2,5665.0,0.1026,0.0397,1.0,207.0,53.2372,47.5,37.0835,0.9138,0.7946,25.5,51.0,0.0687,0.0687,0.0467,0.0467,0.0622,0.0622,4.8795,0.0023,TabNet,0.47678123521120896,0.4775895248331872,0.47913410163482695,0.4762552668825911,0.48086012984654936,0.4778321277392009,0.043247510074711185,0.042621141803303134,0.4776068489257642,0.47762305598959903,0.4777603393616294,0.4764778461256067,0.47796806944093506,0.4767391939930773,0.4762455442950355,0.4782161427072922,0.4776698913291651,0.4781532344083221
BachChoralHarmony,V2,5665.0,0.0575,0.0384,1.0,207.0,53.5906,48.0,37.4641,0.9189,0.794,25.0,52.0,0.0749,0.0749,0.0522,0.0522,0.0695,0.0695,4.8879,0.0023,MLP,0.49936054988796624,0.4997001860326692,0.4991186465812101,0.4992703068597761,0.4987819441745639,0.4986305144479557,0.04212002059139195,0.041863130167618084,0.4997001860326692,0.49911705225071545,0.4984304128233002,0.49891845154590947,0.4986627587583501,0.4995584313761501,0.49772727169222086,0.5004973376310097,0.5004236144819472,0.4983410058131336
BachChoralHarmony,V2,5665.0,0.0575,0.0384,1.0,207.0,53.5906,48.0,37.4641,0.9189,0.794,25.0,52.0,0.0749,0.0749,0.0522,0.0522,0.0695,0.0695,4.8879,0.0023,TabNet,0.4767791872028585,0.4756822464005076,0.476088167308859,0.4745767722132316,0.4753723302694486,0.4751813457857606,0.041438591167150804,0.04216350039711475,0.47549684889742216,0.47548153154992767,0.4760830542364745,0.4756856682594295,0.4747016810278195,0.4747661778493607,0.4751975345362075,0.47784703456443506,0.47875345312680906,0.4763217523074893
BachChoralHarmony,V16,5665.0,0.4994,0.0018,1.0,5.0,3.1333,3.0,1.1061,0.4091,-0.9146,1.0,2.0,0.0783,0.0783,0.0512,0.0512,0.0683,0.0683,1.398,3.923,MLP,0.49857690808806415,0.4993194951051837,0.49958494444971174,0.5005780726980973,0.49838127736195126,0.49936537080656246,0.04636842762513503,0.04319030435339262,0.4993194951051837,0.4979539571394072,0.4997005742835017,0.49792599279646166,0.49880170731713114,0.49763483107257234,0.4984339490082163,0.4970264771366659,0.4979060135526079,0.4978629772935614
BachChoralHarmony,V16,5665.0,0.4994,0.0018,1.0,5.0,3.1333,3.0,1.1061,0.4091,-0.9146,1.0,2.0,0.0783,0.0783,0.0512,0.0512,0.0683,0.0683,1.398,3.923,TabNet,0.4756590678402696,0.4747785938568476,0.4762748255315762,0.47435657060159675,0.47517934237996,0.4758006405857487,0.05009413577160062,0.04683496802137155,0.4747785938568476,0.47499790821775845,0.47808315693362397,0.47344055523457873,0.47691808658141543,0.4750813739018994,0.476351239236257,0.4746613493738175,0.47543574427961915,0.47365253556750575
BachChoralHarmony,V16,5665.0,0.4535,0.0016,1.0,5.0,3.1244,3.0,1.108,0.3844,-0.9244,1.0,2.0,0.0817,0.0817,0.0522,0.0522,0.0697,0.0697,1.4103,3.7954,MLP,0.498922341034975,0.4986054020590435,0.49764757890650557,0.4976995555354608,0.49794237296414323,0.49901321838612006,0.0443394037596981,0.04392304225241441,0.4986054020590435,0.4994035093327885,0.49863432866066143,0.4984160596333497,0.4989375077398801,0.4986101769661597,0.49868256654257037,0.5004333084085892,0.5001448304465744,0.49930390414402703
BachChoralHarmony,V16,5665.0,0.4535,0.0016,1.0,5.0,3.1244,3.0,1.108,0.3844,-0.9244,1.0,2.0,0.0817,0.0817,0.0522,0.0522,0.0697,0.0697,1.4103,3.7954,TabNet,0.4714072541228491,0.47676119276134427,0.47729502070389573,0.47318157346834794,0.47648640144875315,0.47430729290124135,0.04610224924355797,0.04585919352461512,0.47676119276134427,0.4800773667128279,0.47694111353699,0.4761855407046114,0.475317691291435,0.47759816192637256,0.4747534057660171,0.4804809304366141,0.4783955120116158,0.47818917640780245
BachChoralHarmony,V16,5665.0,0.4032,0.0015,1.0,5.0,3.1328,3.0,1.1054,0.3786,-0.9149,1.0,2.0,0.077,0.077,0.058,0.058,0.0774,0.0774,1.4097,3.7366,MLP,0.5008084938658613,0.4995811324476683,0.4999768215171338,0.49739475173491327,0.5010591839769963,0.49933522228419214,0.04181429055573169,0.04297969566865671,0.4995811324476683,0.4999301942966311,0.4988224113440218,0.4999137062540332,0.5009558788753541,0.49980356073373344,0.49880444444852445,0.49984235759892737,0.4990864103650815,0.49890399177849
BachChoralHarmony,V16,5665.0,0.4032,0.0015,1.0,5.0,3.1328,3.0,1.1054,0.3786,-0.9149,1.0,2.0,0.077,0.077,0.058,0.058,0.0774,0.0774,1.4097,3.7366,TabNet,0.47561428433663,0.4782618431288805,0.4799098928178591,0.4772843683801505,0.4773376659224815,0.478918309685207,0.04323978197755715,0.04300559661377782,0.4782618431288805,0.4792287232191202,0.4805804028634113,0.4797134270068326,0.4802613365548074,0.4817116608899301,0.4811048984427035,0.47587137185187645,0.4803810819124207,0.4797359179638273
BachChoralHarmony,V16,5665.0,0.3474,0.0014,1.0,5.0,3.1204,3.0,1.1059,0.3876,-0.8849,1.0,2.0,0.0816,0.0816,0.053,0.053,0.0705,0.0705,1.4104,1.6145,MLP,0.4990192323663374,0.49931381434573396,0.499483296944099,0.49977618188845574,0.4982635301261975,0.4992547276163583,0.043604109605624414,0.04052722947590827,0.49931381434573396,0.5001960461555528,0.4990132330105692,0.49971839522676526,0.4989771273250361,0.4999677502206755,0.500844046051803,0.5015473951866711,0.5015854361945414,0.4999228761443069
BachChoralHarmony,V16,5665.0,0.3474,0.0014,1.0,5.0,3.1204,3.0,1.1059,0.3876,-0.8849,1.0,2.0,0.0816,0.0816,0.053,0.053,0.0705,0.0705,1.4104,1.6145,TabNet,0.4738787739167444,0.4769999712752002,0.4738940112804502,0.47617395375920807,0.47617886414681876,0.47568743835416805,0.044049191127424336,0.04338629848947968,0.4769999712752002,0.4759793994713965,0.47520838902383955,0.476894057595865,0.4752522451432149,0.4752577426855575,0.4755697477645481,0.4777884922163184,0.4796553906338956,0.4758395029266529
BachChoralHarmony,V16,5665.0,0.3001,0.0013,1.0,5.0,3.1271,3.0,1.1073,0.3885,-0.9238,1.0,2.0,0.0669,0.0669,0.0434,0.0434,0.058,0.058,1.4079,1.5944,MLP,0.49825707659821844,0.5005965734967917,0.5002045925023837,0.4987573703475848,0.5009767968640274,0.5013679492656767,0.04048530415329734,0.04083416566001252,0.5005965734967917,0.501182347042048,0.501158071977786,0.5004427804773907,0.5015467255768142,0.5008240023736831,0.5001918521972041,0.49904821567855345,0.4990691545908277,0.5009342253913064
BachChoralHarmony,V16,5665.0,0.3001,0.0013,1.0,5.0,3.1271,3.0,1.1073,0.3885,-0.9238,1.0,2.0,0.0669,0.0669,0.0434,0.0434,0.058,0.058,1.4079,1.5944,TabNet,0.4738167873776996,0.47775988769065314,0.47729691797036916,0.47840516065369854,0.47740229017341235,0.4780622522313638,0.04270858450938395,0.04009279057386533,0.47791851447929823,0.4776869064373386,0.4784058590814924,0.4788558402010303,0.4777648780650642,0.4777352006038158,0.47909331040266667,0.47834835929352726,0.47612892618217484,0.4779700142299761
BachChoralHarmony,V16,5665.0,0.2503,0.0012,1.0,5.0,3.1309,3.0,1.1124,0.3757,-0.9406,1.0,2.0,0.0645,0.0645,0.0446,0.0446,0.0596,0.0596,1.4129,3.8035,MLP,0.49894790553263346,0.5011573766122968,0.5013861964594312,0.49916724993316913,0.4994833345697679,0.499819352292379,0.04416853180830615,0.042044151195371714,0.5011573766122968,0.4997298177877457,0.49997393506264753,0.5001455080086392,0.5008417965757889,0.4998831318341659,0.49986931484777264,0.5019707439824583,0.4989998472283292,0.5015713275801265
BachChoralHarmony,V16,5665.0,0.2503,0.0012,1.0,5.0,3.1309,3.0,1.1124,0.3757,-0.9406,1.0,2.0,0.0645,0.0645,0.0446,0.0446,0.0596,0.0596,1.4129,3.8035,TabNet,0.4740648068178397,0.4774802160044897,0.4764039223923539,0.47438148821917464,0.47762114858081595,0.4764423662521615,0.04504027069407787,0.04237921739811231,0.4774802160044897,0.47480930608997174,0.4750663493919468,0.4775723107017824,0.47636429032414507,0.4755954330175869,0.4769263289504174,0.4786469613978416,0.478487849547323,0.4762981707228658
BachChoralHarmony,V16,5665.0,0.2037,0.0011,1.0,5.0,3.1379,3.0,1.109,0.3766,-0.9406,1.0,2.0,0.0876,0.0876,0.0601,0.0601,0.08,0.08,1.4096,3.7451,MLP,0.4986345389408109,0.5004341016331519,0.5007642495799876,0.501954766938312,0.5010466525354355,0.5003265866795652,0.044193293889503646,0.04305598969920832,0.5004341016331519,0.5013903898324122,0.49957768810201153,0.4998395137760905,0.5021253658335089,0.5005018237073374,0.5007030205947117,0.5000195274861907,0.5018943137848236,0.5002544745804249
BachChoralHarmony,V16,5665.0,0.2037,0.0011,1.0,5.0,3.1379,3.0,1.109,0.3766,-0.9406,1.0,2.0,0.0876,0.0876,0.0601,0.0601,0.08,0.08,1.4096,3.7451,TabNet,0.4754997006073448,0.4782472745378734,0.47847531493692996,0.47700402992140106,0.4784797133009548,0.4801422282674396,0.04262569946550514,0.042671332451244076,0.4782472745378734,0.4793206402549856,0.47932820802625997,0.481800824654279,0.4786467386178377,0.478749953664674,0.48033850824909147,0.47650361970803196,0.4753864289031039,0.47920283749433784
BachChoralHarmony,V16,5665.0,0.1499,0.001,1.0,5.0,3.1335,3.0,1.115,0.3762,-0.9431,1.0,2.0,0.0774,0.0774,0.0519,0.0519,0.0691,0.0691,1.4129,3.8027,MLP,0.497986294572476,0.5001263219381106,0.5007836021770949,0.4989802615879616,0.500075232839149,0.4998785913161565,0.04489553583666778,0.04373437689448813,0.5001263219381106,0.49916643044029374,0.5000609231126233,0.5011956106320754,0.5019434740501449,0.5017184081310877,0.5016543849215829,0.49939067683384075,0.49854003906613525,0.5000170931002794
BachChoralHarmony,V16,5665.0,0.1499,0.001,1.0,5.0,3.1335,3.0,1.115,0.3762,-0.9431,1.0,2.0,0.0774,0.0774,0.0519,0.0519,0.0691,0.0691,1.4129,3.8027,TabNet,0.47623964932885077,0.4759336639662316,0.4758858372678292,0.476241165770714,0.4758048905440635,0.47646436137705406,0.045537055906969666,0.04566234219098385,0.4759336639662316,0.47586786548431104,0.476030379617852,0.47799328066807123,0.4765547924991577,0.47692872185454543,0.47509966545803,0.47896696576749687,0.4770691304892897,0.4749930915809134
BachChoralHarmony,V16,5665.0,0.0978,0.001,1.0,5.0,3.1454,3.0,1.1131,0.3616,-0.9568,1.0,2.0,0.0702,0.0702,0.0491,0.0491,0.0654,0.0654,1.414,1.4972,MLP,0.501399716199753,0.5017398811956688,0.5013597321722671,0.5021157573825994,0.5019140832982225,0.5020009561091459,0.042720022349238745,0.043045397889652746,0.5017398811956688,0.5017415195318438,0.5020505607040621,0.5028129649982502,0.5011916194454147,0.5026055695877046,0.5020706821971664,0.5007640880212733,0.4992940124134395,0.502455268638925
BachChoralHarmony,V16,5665.0,0.0978,0.001,1.0,5.0,3.1454,3.0,1.1131,0.3616,-0.9568,1.0,2.0,0.0702,0.0702,0.0491,0.0491,0.0654,0.0654,1.414,1.4972,TabNet,0.47996785090027344,0.47734395949243325,0.4773715743583586,0.476886162442855,0.4770393200472751,0.47909783904587816,0.042524500349846256,0.04476062777237651,0.47734395949243325,0.47952414741102045,0.478477366670366,0.4792305615684146,0.4782886678973663,0.4787244911732202,0.4798583597701839,0.47917113152048973,0.4796166156077294,0.4797951186363775
BachChoralHarmony,V16,5665.0,0.0505,0.0009,1.0,5.0,3.1333,3.0,1.1088,0.3752,-0.9281,1.0,2.0,0.0752,0.0752,0.0524,0.0524,0.0698,0.0698,1.4116,3.7985,MLP,0.49891204069907646,0.5016468549780629,0.5008864610475978,0.5009712127567593,0.5022547596308211,0.5007264757002831,0.04274802880368683,0.04267287839618231,0.5016468549780629,0.5010697638008299,0.5021786679874206,0.5020843848437974,0.5019748638562088,0.5018152786825687,0.501503310419574,0.5010026045138534,0.501028849812891,0.5010616978474789
BachChoralHarmony,V16,5665.0,0.0505,0.0009,1.0,5.0,3.1333,3.0,1.1088,0.3752,-0.9281,1.0,2.0,0.0752,0.0752,0.0524,0.0524,0.0698,0.0698,1.4116,3.7985,TabNet,0.4758486005062807,0.4775554539798234,0.4776171439361814,0.47671545655448944,0.4776623814904748,0.47561770600847053,0.04538746079598311,0.04472551600000779,0.4775554539798234,0.4776436329272513,0.47615221349367975,0.47654756324361996,0.4768571680097285,0.47859017320430364,0.47837436544990364,0.47918532401668146,0.4799345192551059,0.4783193874140345
bank,duration,3074.0,0.5007,0.3922,4.0,2769.0,273.6059,187.0,280.0396,2.8599,12.4942,100.0,231.5,0.0003,0.0302,0.0163,0.0226,0.0207,0.0287,6.1637,0.0002,MLP,0.8475401704212557,0.8519447341951899,0.8518162585010082,0.8354565024277273,0.8430406926071121,0.8523165420269411,0.8400125793611795,0.8389304880805951,0.8545850574948277,0.8519447341951899,0.8519447341951899,0.8513562606441017,0.8519006369600491,0.8527616087001672,0.8538020336770681,0.8507065784293485,0.8475975351394227,0.851599951227293
bank,duration,3074.0,0.5007,0.3922,4.0,2769.0,273.6059,187.0,280.0396,2.8599,12.4942,100.0,231.5,0.0003,0.0302,0.0163,0.0226,0.0207,0.0287,6.1637,0.0002,TabNet,0.8261308205073494,0.8264961395207331,0.825685329249049,0.8234035343937167,0.8232482394619058,0.8264961395207331,0.8371624079825167,0.8386969178423949,0.825056013644797,0.8264961395207331,0.8264961395207331,0.8290269205275614,0.8257374288887134,0.8258964806128242,0.8250901839856548,0.8280863516406113,0.8250525039987326,0.8235861586819553
bank,duration,3074.0,0.4697,0.3804,5.0,3025.0,271.1994,184.0,285.5404,3.2769,17.1293,97.0,224.0,0.0039,0.0254,0.0386,0.046,0.0498,0.0582,6.1676,0.0002,MLP,0.8401688235585687,0.8578955953874146,0.8526554965382858,0.8284624143993102,0.8354195889045519,0.8583019690249033,0.8267192869992177,0.8251701190926459,0.8571559705156396,0.8578955953874146,0.8578955953874146,0.858262174033799,0.8592193771174341,0.8568338285598287,0.8576105308322088,0.8484281543219426,0.8395836307608523,0.8529476842474213
bank,duration,3074.0,0.4697,0.3804,5.0,3025.0,271.1994,184.0,285.5404,3.2769,17.1293,97.0,224.0,0.0039,0.0254,0.0386,0.046,0.0498,0.0582,6.1676,0.0002,TabNet,0.8318777915868641,0.8352105021108218,0.8251292315382753,0.8244696635026394,0.8339596193536745,0.8363781826225782,0.821727196549526,0.8218621659506439,0.833481205831172,0.8358582495421554,0.8358582495421554,0.8343604920462706,0.8338729382621947,0.8348964906045533,0.8380449316221333,0.8367479345347781,0.838206622488701,0.8332448870938124
bank,duration,3074.0,0.4005,0.3489,5.0,2769.0,269.1791,184.0,273.0266,2.8661,12.7373,97.0,232.5,0.0212,0.027,0.0175,0.0244,0.0224,0.031,6.1887,0.0002,MLP,0.846781932451526,0.8503310405424047,0.8523164577153415,0.8279846511482658,0.8382504094209245,0.8505247528583781,0.8322054374343555,0.8306580579645277,0.8504648208283181,0.8489655632817419,0.849857945458208,0.8477094223909385,0.8492221966659166,0.8488354453580926,0.8491675169993467,0.849074220927923,0.8434289939723203,0.8475111989244262
bank,duration,3074.0,0.4005,0.3489,5.0,2769.0,269.1791,184.0,273.0266,2.8661,12.7373,97.0,232.5,0.0212,0.027,0.0175,0.0244,0.0224,0.031,6.1887,0.0002,TabNet,0.8317636503266856,0.8387769475688225,0.8375424470630777,0.8262395656480468,0.8289133632016226,0.8375810917905744,0.8304297591301493,0.8232609972660294,0.8375890075854757,0.8379046361279153,0.8379046361279153,0.8359089708000595,0.8385472564257127,0.8363240647287078,0.8365343726011194,0.833014910974481,0.8339649841334802,0.8357505561313532
bank,duration,3074.0,0.3367,0.3261,5.0,2456.0,266.7234,187.0,259.0744,2.6268,10.2257,98.0,227.5,0.0213,0.025,0.0498,0.0534,0.0633,0.0676,6.2174,0.0002,MLP,0.8437958941840845,0.8481199989086008,0.8472658010409213,0.8314753723299506,0.834000231621242,0.8465553956158044,0.8237334215264542,0.8214146115958789,0.8485500251397179,0.8488417767517715,0.8488417767517715,0.8422328312648808,0.8473928166759984,0.8460542385204184,0.8464211712903279,0.8485240460132503,0.8403664116022164,0.8450067115646505
bank,duration,3074.0,0.3367,0.3261,5.0,2456.0,266.7234,187.0,259.0744,2.6268,10.2257,98.0,227.5,0.0213,0.025,0.0498,0.0534,0.0633,0.0676,6.2174,0.0002,TabNet,0.841974436556079,0.830145989531287,0.8335391814566371,0.8227899357346997,0.8221115078629146,0.8286659666673806,0.8185896542331911,0.8182894791286678,0.8319060555535336,0.8328558434005597,0.8328558434005597,0.8331748706641742,0.834775507212626,0.8449675213041505,0.8384352755665405,0.8244036416107953,0.8330091264154816,0.8324748350180489
bank,duration,3074.0,0.3012,0.3115,4.0,2769.0,268.0666,188.0,268.0242,2.9088,13.061,99.0,226.0,0.0006,0.0188,0.0199,0.0226,0.0255,0.0288,6.2206,0.0002,MLP,0.8511168449215154,0.853771998318737,0.8552394543100181,0.8400299219067497,0.8472301106913721,0.8533449408331133,0.8391791653231411,0.8360645567305383,0.8552188199729269,0.853771998318737,0.853771998318737,0.8571996152118763,0.8546979383515608,0.8537635914014832,0.8556438848113845,0.8572074263822345,0.8471612905369528,0.8552052656222232
bank,duration,3074.0,0.3012,0.3115,4.0,2769.0,268.0666,188.0,268.0242,2.9088,13.061,99.0,226.0,0.0006,0.0188,0.0199,0.0226,0.0255,0.0288,6.2206,0.0002,TabNet,0.8376077230494388,0.8366686337266341,0.8345892408634302,0.8280978617957344,0.8359469700018507,0.8356267933921044,0.8389228468288412,0.8320437762714363,0.836726593173546,0.8364907319986445,0.8364907319986445,0.8352198695854086,0.83594753459192,0.8356422524828263,0.8373476482258602,0.8440694190168904,0.8482161525636422,0.8353150170165413
bank,duration,3074.0,0.2411,0.2979,4.0,3025.0,265.1187,183.0,266.914,3.0239,15.0805,96.0,225.0,0.0097,0.0253,0.0232,0.0274,0.0297,0.0349,6.2321,0.0001,MLP,0.8520308440943658,0.8597444643975624,0.8590870670392374,0.843182065696725,0.8544891362159509,0.8597615779625714,0.8348989339641335,0.8352256627966761,0.8586962776063901,0.8603702034172006,0.860166981056288,0.8608983494327382,0.8608129317303159,0.8608865099761287,0.859595247200021,0.8626803945732809,0.8536726962162431,0.8593462618264684
bank,duration,3074.0,0.2411,0.2979,4.0,3025.0,265.1187,183.0,266.914,3.0239,15.0805,96.0,225.0,0.0097,0.0253,0.0232,0.0274,0.0297,0.0349,6.2321,0.0001,TabNet,0.8289356174433803,0.8387823400195471,0.8340406354747365,0.8257966359926495,0.8368738641913616,0.8335311050136323,0.8243750491480344,0.8245793954199867,0.8325071337873651,0.8383003192417979,0.8383003192417979,0.833023022480609,0.8437726226828436,0.8361596063671429,0.8440563776365548,0.8505748190117288,0.8530796212803896,0.8328763826132983
bank,duration,3074.0,0.201,0.2932,4.0,3025.0,267.2659,189.0,260.9602,2.7365,12.1132,98.0,225.0,0.0227,0.0312,0.0398,0.0434,0.0507,0.055,6.2647,0.0001,MLP,0.8595802327477304,0.8623284460732201,0.86156405279092,0.8549368194101303,0.8518205672124004,0.862900876613923,0.8353228392174163,0.8342057944068351,0.8631295044697425,0.8621410345940478,0.8621410345940478,0.861103566789035,0.8605232099383382,0.862964120591567,0.8626792033869233,0.8582352225262466,0.8536955337956272,0.8611247162197642
bank,duration,3074.0,0.201,0.2932,4.0,3025.0,267.2659,189.0,260.9602,2.7365,12.1132,98.0,225.0,0.0227,0.0312,0.0398,0.0434,0.0507,0.055,6.2647,0.0001,TabNet,0.8411082962142953,0.8316763042352707,0.8333911721699272,0.8298778724979292,0.8227360054877253,0.8334126331454018,0.8305738191514083,0.834298605950172,0.831493950400121,0.8311565872579023,0.8321773908344786,0.8327832235991814,0.829511140632534,0.835092759776557,0.8303984465123032,0.8504470173119818,0.8477818153727856,0.8331925147145413
bank,duration,3074.0,0.1591,0.2812,5.0,3025.0,266.2182,184.0,266.3755,2.9968,14.7608,97.0,225.0,0.0062,0.0365,0.0269,0.0332,0.0343,0.042,6.2644,0.0001,MLP,0.849082503111573,0.8545479265215409,0.8533676776991814,0.8487573843238789,0.8536075702582235,0.855055840874476,0.8350797994961753,0.834443343672431,0.8547617649591093,0.8553535794085364,0.8553535794085364,0.8532229649426414,0.8554455727492049,0.8554588114573212,0.8556491078758001,0.8540135967567954,0.850983799458721,0.8528583605959783
bank,duration,3074.0,0.1591,0.2812,5.0,3025.0,266.2182,184.0,266.3755,2.9968,14.7608,97.0,225.0,0.0062,0.0365,0.0269,0.0332,0.0343,0.042,6.2644,0.0001,TabNet,0.8289628414279876,0.8360306930132881,0.8335666663007993,0.8275160193195235,0.8243435880763625,0.8310937980353286,0.8266999845640863,0.8256135658934508,0.8320011630961398,0.8308751188673198,0.8308751188673198,0.8276975179469144,0.8328573651510459,0.8365369833133067,0.8297916325169535,0.8455846838249057,0.8339532425558902,0.8322310668770838
bank,duration,3074.0,0.0934,0.2698,4.0,3025.0,269.3477,187.0,268.5773,2.9493,14.4222,99.0,229.5,0.0065,0.0225,0.0245,0.0287,0.0313,0.0364,6.2914,0.0001,MLP,0.8548308520556013,0.8589497243414626,0.8614771567235455,0.8506097159611105,0.8591701012535009,0.858808149552359,0.835215020335202,0.8322607422734596,0.8610815829114471,0.8589497243414626,0.8589497243414626,0.8592334841676796,0.8584064891567216,0.8584119229655167,0.8594901483073777,0.8576744486654554,0.8568076417267144,0.8604709121994275
bank,duration,3074.0,0.0934,0.2698,4.0,3025.0,269.3477,187.0,268.5773,2.9493,14.4222,99.0,229.5,0.0065,0.0225,0.0245,0.0287,0.0313,0.0364,6.2914,0.0001,TabNet,0.8404166097108929,0.8412251678035095,0.8424590340644287,0.8413536360795588,0.8387426470679867,0.8410922752538459,0.8265837559350359,0.8264039202518438,0.8426051172117424,0.8412251678035095,0.8412251678035095,0.8459132606602261,0.8430174431242278,0.8415509700877035,0.8439932473317062,0.8510799129108881,0.8489462514631867,0.8426767477187935
bank,duration,3074.0,0.052,0.2636,4.0,3025.0,270.8995,186.0,272.9762,2.9339,13.8138,97.5,227.75,0.0043,0.0179,0.0249,0.0287,0.0319,0.0365,6.2999,0.0001,MLP,0.86274645849277,0.8655334670174092,0.8644777383755,0.863304571898052,0.8631545394087916,0.8651548387460418,0.8423320755122001,0.8427324124314188,0.864454158570141,0.8659098276637506,0.8655334670174092,0.8677022439010098,0.8657030859498003,0.8655885495524868,0.864454158570141,0.8657366004953452,0.8644269348348561,0.8661945664713788
bank,duration,3074.0,0.052,0.2636,4.0,3025.0,270.8995,186.0,272.9762,2.9339,13.8138,97.5,227.75,0.0043,0.0179,0.0249,0.0287,0.0319,0.0365,6.2999,0.0001,TabNet,0.8425170956331685,0.8437271171644509,0.84671170403432,0.8458168234283897,0.8378138097528338,0.8438455204616087,0.83606651715352,0.8357595768019759,0.8458040299745084,0.8448083105734208,0.8448083105734208,0.8459322238886605,0.8429247964688193,0.8448707100644613,0.8446333884879826,0.8535940708855223,0.8585832357168859,0.8455257537725414
bank,pdays,3074.0,0.4932,0.1136,-1.0,804.0,39.3954,-1.0,97.6996,2.5897,6.7352,0.0,0.0,0.0038,0.612,0.0408,0.903,0.0522,0.9857,1.3814,0.0028,MLP,0.8701250306376547,0.8672629746767013,0.868886490016784,0.8676364965645923,0.8682792787421594,0.8673351375377484,0.8451716616042888,0.84518210125117,0.869442019370968,0.8677075440298608,0.8677336356125198,0.8704772632327858,0.866833446614777,0.8660312693811394,0.8677619802249359,0.8696933469355261,0.8704914253808622,0.8678501231145909
bank,pdays,3074.0,0.4932,0.1136,-1.0,804.0,39.3954,-1.0,97.6996,2.5897,6.7352,0.0,0.0,0.0038,0.612,0.0408,0.903,0.0522,0.9857,1.3814,0.0028,TabNet,0.8483627293403397,0.8417065527047852,0.8474315068375748,0.8344495685167794,0.8485017259627102,0.8495141993191352,0.8352034784376657,0.835372452139822,0.8501975079467002,0.8413120012639389,0.8521373120250817,0.8380117760003489,0.8480872362580829,0.85134369811269,0.8501771947543322,0.8536387276923165,0.8451947334810472,0.8445388719458706
bank,pdays,3074.0,0.4466,0.1135,-1.0,871.0,41.147,-1.0,101.8402,2.7174,8.4047,0.0,0.0,0.0002,0.5965,0.0156,0.9042,0.0199,0.9858,1.4135,0.0024,MLP,0.8675410993485732,0.8676010537271419,0.8672814423126202,0.8659007598935713,0.8652383760959962,0.8668662119660571,0.8417810921780757,0.8448348275635404,0.866564268137078,0.8662193450771236,0.8661507798453156,0.8671470370598791,0.867990843535811,0.8673656679461408,0.8670846513152506,0.868176444662309,0.8667463189602576,0.8679805581386479
bank,pdays,3074.0,0.4466,0.1135,-1.0,871.0,41.147,-1.0,101.8402,2.7174,8.4047,0.0,0.0,0.0002,0.5965,0.0156,0.9042,0.0199,0.9858,1.4135,0.0024,TabNet,0.8384605034359991,0.836110499447269,0.8393923770797529,0.8336653355779139,0.8387545237762879,0.8385706411568101,0.8418296578008472,0.8445943441764153,0.8372586278267422,0.8417512446023306,0.8383941119161678,0.8397483397874839,0.8427900355531517,0.8415813941635044,0.8373655585301532,0.8399314140431386,0.8431228137444575,0.8448524022663061
bank,pdays,3074.0,0.3878,0.102,-1.0,804.0,37.644,-1.0,96.4989,2.7891,8.5127,0.0,0.0,0.0028,0.6135,0.0205,0.9117,0.0261,0.9878,1.3408,0.0024,MLP,0.8679896190855636,0.8684954081043308,0.8678146786347205,0.8663652004248096,0.8660541843657961,0.8656159812119367,0.8429980516705492,0.8439962653966975,0.8674761018318988,0.8674794828479733,0.8657736653351161,0.8665288844944303,0.8678778984102783,0.8672680842151587,0.8659946094833041,0.8652825121300238,0.8667405174494478,0.8655724262393787
bank,pdays,3074.0,0.3878,0.102,-1.0,804.0,37.644,-1.0,96.4989,2.7891,8.5127,0.0,0.0,0.0028,0.6135,0.0205,0.9117,0.0261,0.9878,1.3408,0.0024,TabNet,0.8432504093224944,0.8408127814260102,0.842863050157955,0.8445526601960878,0.8443831729484133,0.8457927731894985,0.8381417190520056,0.8493735319233363,0.8452835341664267,0.8469407977515198,0.8457274898556015,0.8459192998716292,0.8468601146529184,0.849966271491347,0.8462618059642752,0.8542790221210356,0.8478480025307753,0.8460824618709651
bank,pdays,3074.0,0.3598,0.1001,-1.0,687.0,39.0351,-1.0,97.8038,2.5778,6.234,0.0,0.0,0.0105,0.6018,0.0172,0.9046,0.0219,0.9862,1.3789,0.0023,MLP,0.8675985715833995,0.8672551712182345,0.8675985715833995,0.867018152606471,0.8658499157309756,0.8679418048889224,0.8467262084012748,0.8436497030864745,0.8669132134914305,0.8674896582607196,0.867943687366891,0.866726325143847,0.866983761000606,0.8653059665762926,0.8681086802571439,0.8639742336925071,0.867155669047108,0.8680814342586192
bank,pdays,3074.0,0.3598,0.1001,-1.0,687.0,39.0351,-1.0,97.8038,2.5778,6.234,0.0,0.0,0.0105,0.6018,0.0172,0.9046,0.0219,0.9862,1.3789,0.0023,TabNet,0.8410384407562005,0.8356266295628494,0.8421719299829686,0.8400039989549599,0.8469233017605968,0.8365958206994839,0.8348461732102714,0.8382289958654952,0.8355683597839954,0.8412036806938902,0.843502843449853,0.8393185405722342,0.8370920761769312,0.8325592842556473,0.843889728076618,0.8400796970271852,0.8571126193796775,0.8360894410144539
bank,pdays,3074.0,0.3038,0.0995,-1.0,687.0,39.8495,-1.0,99.5911,2.5756,6.3079,0.0,0.0,0.0168,0.6008,0.034,0.9057,0.0433,0.9863,1.3979,0.002,MLP,0.867067772783821,0.8657524574412045,0.867067772783821,0.8638267706492799,0.86530946161903,0.8669302888414196,0.8437560524977546,0.8454947575475713,0.8669338381082075,0.8680021422516467,0.8667085221382322,0.8674011857567934,0.8671636005940909,0.8655341141063593,0.8669302888414196,0.8663348851934257,0.8652129932136885,0.8653778936271073
bank,pdays,3074.0,0.3038,0.0995,-1.0,687.0,39.8495,-1.0,99.5911,2.5756,6.3079,0.0,0.0,0.0168,0.6008,0.034,0.9057,0.0433,0.9863,1.3979,0.002,TabNet,0.843518704289699,0.8370577244406965,0.8464950029887597,0.841495284998522,0.8376525210473601,0.8335177743658253,0.8386761209443206,0.8396164253117508,0.835675346583832,0.8333036910106733,0.834969942961644,0.8392150720064886,0.8355953327434886,0.8435318692787648,0.834076769162087,0.8411177382597549,0.8550374089530677,0.8341696010193493
bank,pdays,3074.0,0.2378,0.0913,-1.0,687.0,38.796,-1.0,97.0319,2.6168,6.6285,0.0,0.0,0.002,0.6219,0.0279,0.9071,0.0357,0.9865,1.4086,0.002,MLP,0.864991537198691,0.8647717054560401,0.8653733339009588,0.8648444060747094,0.8642245362971777,0.867124633948417,0.8456300410161679,0.8456918139996906,0.8648251896443833,0.8642513009528169,0.8663662921168301,0.8642719163796756,0.8673261194388795,0.8658151742938868,0.867124633948417,0.8663156740196746,0.8663510468993871,0.8663655264602248
bank,pdays,3074.0,0.2378,0.0913,-1.0,687.0,38.796,-1.0,97.0319,2.6168,6.6285,0.0,0.0,0.002,0.6219,0.0279,0.9071,0.0357,0.9865,1.4086,0.002,TabNet,0.8449642101381096,0.8382433947771772,0.8455340684173656,0.8412670455334456,0.8441633671737201,0.8484221746920844,0.8380813482342115,0.8403296594609588,0.8405701932128171,0.8423062093550364,0.8477588931561542,0.8503090451338424,0.8408182960316758,0.8456707364734675,0.8486187770134668,0.8444943167063828,0.8487370450401668,0.8504960540709109
bank,pdays,3074.0,0.2072,0.0915,-1.0,871.0,39.11,-1.0,98.3121,2.7817,8.7659,0.0,0.0,0.0012,0.6027,0.0257,0.9047,0.0328,0.9861,1.4163,0.0018,MLP,0.8683903632568736,0.8674961277683976,0.8676950128946753,0.86842450251282,0.8677810320452148,0.8687160682833517,0.8443694807204876,0.8435769812442451,0.8691785307608134,0.867987328272666,0.8688623345740443,0.8683631522055094,0.8680167187352208,0.8681468954108852,0.8683704492448915,0.8653171432605554,0.8662314116031535,0.8666753465821943
bank,pdays,3074.0,0.2072,0.0915,-1.0,871.0,39.11,-1.0,98.3121,2.7817,8.7659,0.0,0.0,0.0012,0.6027,0.0257,0.9047,0.0328,0.9861,1.4163,0.0018,TabNet,0.8415427653129368,0.8439701226069232,0.8409475289651067,0.837062416550425,0.8448484627665368,0.8472052514807848,0.8394318922780979,0.8403989326960428,0.8408046402187523,0.8433636047428144,0.8442750181732435,0.8462992460585608,0.8492869788134267,0.8486330383485806,0.8479709451320754,0.842188495998378,0.8466442748632164,0.848779691749557
bank,pdays,3074.0,0.1519,0.0894,-1.0,871.0,38.9847,-1.0,97.5682,2.668,7.4855,0.0,0.0,0.0081,0.6092,0.0299,0.9076,0.0381,0.9866,1.4228,0.0017,MLP,0.8678988645099297,0.8665128808704057,0.8686186226169789,0.8674402743302994,0.8668894417166401,0.8652180334263773,0.8469783698625624,0.8453797584867829,0.8658713803463467,0.8656154451663516,0.8641867736241778,0.8660517168765451,0.8646646052756654,0.8656351632493173,0.8658574950965782,0.8694987290164526,0.8665040972821174,0.8648162796615723
bank,pdays,3074.0,0.1519,0.0894,-1.0,871.0,38.9847,-1.0,97.5682,2.668,7.4855,0.0,0.0,0.0081,0.6092,0.0299,0.9076,0.0381,0.9866,1.4228,0.0017,TabNet,0.8438454205458081,0.8435433699823389,0.8474354925359184,0.8481059468480514,0.8482739539695042,0.8372911532989473,0.8395072758307741,0.8456459806259642,0.845022562767868,0.8347945194641959,0.8377975329839773,0.8452646215229243,0.8451730730699798,0.8472465992688747,0.8372911532989473,0.8442328805261569,0.8567732049270919,0.8381053758026484
bank,pdays,3074.0,0.1031,0.0852,-1.0,871.0,39.0805,-1.0,99.2928,2.785,8.5901,0.0,0.0,0.0096,0.6078,0.029,0.9065,0.0369,0.9865,1.4044,0.0017,MLP,0.8660550227140306,0.8674863694373796,0.866276412509691,0.8662298264685226,0.8683457432375722,0.865392916433176,0.8456535453176018,0.8432686879062206,0.867749560722839,0.8661048202019309,0.865392916433176,0.8655653552314287,0.8669306860115558,0.8669750088531797,0.8650746573957973,0.867300635436838,0.8678683934838088,0.8671313580215443
bank,pdays,3074.0,0.1031,0.0852,-1.0,871.0,39.0805,-1.0,99.2928,2.785,8.5901,0.0,0.0,0.0096,0.6078,0.029,0.9065,0.0369,0.9865,1.4044,0.0017,TabNet,0.8463094368724834,0.8463026296248368,0.8480979050569323,0.8451766067287327,0.8469902955925047,0.8490343735241093,0.8393502909963677,0.8404809774624745,0.846110001300052,0.847299257536278,0.848066442180248,0.845631332046337,0.8453916506213311,0.8441266677596,0.848508334669804,0.8380563325810402,0.8373598164282734,0.8473186280715841
bank,pdays,3074.0,0.0527,0.0859,-1.0,871.0,40.2273,-1.0,99.9145,2.6981,7.9614,0.0,0.0,0.0062,0.6097,0.0304,0.904,0.0388,0.9857,1.4546,0.0015,MLP,0.8673901461979833,0.866562371463542,0.8673901461979833,0.8674449430445591,0.8661755899784218,0.8646012659880917,0.8420963548135707,0.8444986912103942,0.8661437014001813,0.8657569199150611,0.8649798942594591,0.8645544681233976,0.8665279751711442,0.8669466452345049,0.8655786248934209,0.8664292811103531,0.8641533036217236,0.8646012659880917
bank,pdays,3074.0,0.0527,0.0859,-1.0,871.0,40.2273,-1.0,99.9145,2.6981,7.9614,0.0,0.0,0.0062,0.6097,0.0304,0.904,0.0388,0.9857,1.4546,0.0015,TabNet,0.8456569016307915,0.8443353332139142,0.8463734256377327,0.8447103454307052,0.8455849071493153,0.8438904560259046,0.8424255048634826,0.8445471902419733,0.8464924267252576,0.845204303174629,0.8442964291865507,0.8424819537327319,0.8434817078072868,0.8459016882994207,0.8433889212256641,0.8479007169478726,0.8381190039664035,0.844942760159739
bank,previous,3074.0,0.5085,0.0106,0.0,22.0,0.5222,0.0,1.5321,5.1268,41.0421,0.0,0.0,0.007,0.6301,0.0218,0.908,0.0276,0.9867,0.8058,0.4123,MLP,0.8713479199445398,0.8697029243726244,0.8713479199445398,0.86878535111804,0.8691398955276068,0.8707148454424996,0.8500568390343548,0.8473973880136169,0.8708690476711125,0.8699947495596706,0.869834612442641,0.8709417872782226,0.8703175704248404,0.8703211539969775,0.8706354231631562,0.867758838114779,0.870584175024163,0.8706933527734964
bank,previous,3074.0,0.5085,0.0106,0.0,22.0,0.5222,0.0,1.5321,5.1268,41.0421,0.0,0.0,0.007,0.6301,0.0218,0.908,0.0276,0.9867,0.8058,0.4123,TabNet,0.8368082999794308,0.8410298301411328,0.8368082999794308,0.8484717025070345,0.846233471898294,0.8537432521559124,0.8441940671028932,0.8462667047228397,0.8394172196718118,0.8497379279152397,0.8512959126372013,0.8452450171227556,0.8473282644857032,0.8451695279114148,0.8544011751514059,0.829214500686181,0.8402946926927579,0.8369798536301278
bank,previous,3074.0,0.4401,0.0081,0.0,22.0,0.5288,0.0,1.5274,4.8823,36.4842,0.0,0.0,0.0114,0.6061,0.0259,0.9051,0.0328,0.9857,0.8234,0.5447,MLP,0.8666501535870021,0.8664631984948635,0.8666501535870021,0.8661343127256946,0.8648081385932267,0.8690900722263977,0.8484776273368936,0.8473870581617435,0.8684451090237706,0.8659995175603448,0.8682625010185634,0.865797561667227,0.8659925913650045,0.8653716653487937,0.8670480329163668,0.863570814467217,0.8644329835305449,0.8666594962135338
bank,previous,3074.0,0.4401,0.0081,0.0,22.0,0.5288,0.0,1.5274,4.8823,36.4842,0.0,0.0,0.0114,0.6061,0.0259,0.9051,0.0328,0.9857,0.8234,0.5447,TabNet,0.8488999355086394,0.8410477184949257,0.8488999355086394,0.8489737036748559,0.8401795950791817,0.8442445805961108,0.8472716919131688,0.8508759831502397,0.8499797722587716,0.8495590790088797,0.8465038952733299,0.8400592792692236,0.8395650342886362,0.8393169332072825,0.8448806219222865,0.836044351801469,0.8288335880138762,0.8310028798292224
bank,previous,3074.0,0.4031,0.0082,0.0,23.0,0.5204,0.0,1.5538,5.5556,48.5018,0.0,0.0,0.0238,0.6208,0.0264,0.907,0.0333,0.9864,0.8062,0.4723,MLP,0.8672893181287769,0.8665161801760103,0.8672893181287769,0.8686074491888897,0.8705802413008148,0.8679602971852025,0.8456529797991724,0.8480988262255147,0.8667280109762922,0.8678395471868411,0.868051377987123,0.8673808841641263,0.8695119502506361,0.8688014646637507,0.8683360431673195,0.8669670388837553,0.8710460223305633,0.8700175153271468
bank,previous,3074.0,0.4031,0.0082,0.0,23.0,0.5204,0.0,1.5538,5.5556,48.5018,0.0,0.0,0.0238,0.6208,0.0264,0.907,0.0333,0.9864,0.8062,0.4723,TabNet,0.8377254577214907,0.8408557775174414,0.8377254577214907,0.8501474478135433,0.8422811284187633,0.8484434155107552,0.8441241473745935,0.8504307884705589,0.8398258139840401,0.8447955768394175,0.8453453681266074,0.8475770894631107,0.8393080316336338,0.8384191944156004,0.8481417171329794,0.8361475740279934,0.8379914773070852,0.8455136396701579
bank,previous,3074.0,0.3396,0.0079,0.0,22.0,0.5645,0.0,1.6348,4.8595,35.3872,0.0,0.0,0.029,0.6238,0.0207,0.9036,0.0262,0.9857,0.828,0.4134,MLP,0.867392950404299,0.8665276228423426,0.867392950404299,0.8672987844559826,0.8692248453287061,0.8689674101256402,0.8493042347504363,0.8508263088782348,0.8667514186693956,0.8696669602087659,0.8698589284943574,0.8663822784168709,0.868087531833051,0.868452654645504,0.870070312152381,0.8670744348374272,0.8670277190832626,0.8674305766367851
bank,previous,3074.0,0.3396,0.0079,0.0,22.0,0.5645,0.0,1.6348,4.8595,35.3872,0.0,0.0,0.029,0.6238,0.0207,0.9036,0.0262,0.9857,0.828,0.4134,TabNet,0.833271453043401,0.844586234311832,0.833271453043401,0.8355882473608236,0.8448386006872759,0.844542208050012,0.8458385218259532,0.8481640273019478,0.8357090123641564,0.8418516560286737,0.8429653034016953,0.8348516476455995,0.8400653634603171,0.8351074000103933,0.8429065929712833,0.8284719681473072,0.8304147422454895,0.8317771106984061
bank,previous,3074.0,0.2931,0.0069,0.0,18.0,0.5131,0.0,1.4705,4.4966,28.423,0.0,0.0,0.0372,0.6123,0.0395,0.9052,0.05,0.986,0.8087,0.4727,MLP,0.8648798399274923,0.8662770265999591,0.8648798399274923,0.8643912385753592,0.8670059984730066,0.8655220376822503,0.8450537420363711,0.8430655155036684,0.8653224829200957,0.865837216129889,0.865856774263592,0.8670838518428563,0.8667978817113653,0.8660441181912055,0.8651017853458832,0.864065195596429,0.8634422088015725,0.8659737259274579
bank,previous,3074.0,0.2931,0.0069,0.0,18.0,0.5131,0.0,1.4705,4.4966,28.423,0.0,0.0,0.0372,0.6123,0.0395,0.9052,0.05,0.986,0.8087,0.4727,TabNet,0.8457063698869145,0.8432553013101614,0.8457063698869145,0.8365911875788197,0.8444254438256157,0.8406766016835395,0.8360751545912655,0.8335196505943929,0.8428078810370674,0.8417826224507182,0.8488027266963937,0.8466879834356884,0.8456676196663719,0.8424688308431345,0.8414208870571498,0.8289673668469266,0.8283198640793533,0.8433415330756365
bank,previous,3074.0,0.2459,0.0073,0.0,22.0,0.5298,0.0,1.5581,5.0594,38.8657,0.0,0.0,0.0258,0.6319,0.0287,0.9084,0.0366,0.9869,0.8073,0.3649,MLP,0.8702179258856435,0.8685269368194648,0.8702179258856435,0.8691528053151955,0.8705325589961841,0.8653681048070603,0.8475978409940326,0.8464333388346265,0.8685269368194648,0.8655095570427833,0.8660338517799169,0.8669854507739201,0.8679627455764127,0.8698872527411043,0.8655896483142799,0.8651248379926973,0.8667947919466675,0.8661903149464409
bank,previous,3074.0,0.2459,0.0073,0.0,22.0,0.5298,0.0,1.5581,5.0594,38.8657,0.0,0.0,0.0258,0.6319,0.0287,0.9084,0.0366,0.9869,0.8073,0.3649,TabNet,0.8526651778372463,0.8471704977045154,0.8526651778372463,0.8413396041604,0.8473855181252505,0.8495296732020088,0.8480070114646664,0.8472627910974542,0.8503262339965075,0.8448268020451184,0.8450721723620613,0.8485188071159167,0.8464368215540718,0.851100645794302,0.8484369391644713,0.8385612719602352,0.8416031563852131,0.8487025480659534
bank,previous,3074.0,0.1975,0.0077,0.0,23.0,0.5468,0.0,1.6449,5.4781,45.404,0.0,0.0,0.0372,0.6084,0.037,0.9046,0.0468,0.986,0.8195,0.2901,MLP,0.8653470328782027,0.8654419051974411,0.8653470328782027,0.8659359501571111,0.867646965629639,0.8663725935758586,0.8470374376360112,0.8454137025033025,0.8658174432887829,0.8676620665543895,0.866919182502473,0.866918649383527,0.8680843751166405,0.8678417464217586,0.8669054801971088,0.864780918383842,0.8657534383080445,0.8678511598826257
bank,previous,3074.0,0.1975,0.0077,0.0,23.0,0.5468,0.0,1.6449,5.4781,45.404,0.0,0.0,0.0372,0.6084,0.037,0.9046,0.0468,0.986,0.8195,0.2901,TabNet,0.8353282362919421,0.845868922079656,0.8353282362919421,0.8471012033573175,0.8455772901015733,0.8442615999369965,0.8424400240367991,0.8448400932812028,0.83758534171044,0.8456754402893562,0.8438006259139926,0.8459194882765229,0.8468377228584926,0.8492194643105849,0.8424303895418122,0.8311171031838289,0.8307984754944213,0.8470151699590225
bank,previous,3074.0,0.1474,0.0069,0.0,23.0,0.5235,0.0,1.5967,5.43,45.0901,0.0,0.0,0.0211,0.6036,0.0328,0.9075,0.0416,0.9869,0.7971,0.3224,MLP,0.8663686994467965,0.8672249442424782,0.8663686994467965,0.8664198106155736,0.8671675635794636,0.8686980415081665,0.8444799461852014,0.8447143792046082,0.8686753108459006,0.8685676353926745,0.8677437914321829,0.8660017054224484,0.86888036662435,0.8675471616047167,0.8698211162790387,0.8644610521494529,0.8664081107970447,0.8681551812946146
bank,previous,3074.0,0.1474,0.0069,0.0,23.0,0.5235,0.0,1.5967,5.43,45.0901,0.0,0.0,0.0211,0.6036,0.0328,0.9075,0.0416,0.9869,0.7971,0.3224,TabNet,0.8436087233063118,0.8418553419472464,0.8436087233063118,0.8449696611007305,0.8435078727964255,0.8498997031082438,0.8429594614040664,0.8398196799418154,0.8444208979325961,0.8499871975641062,0.8473155075101391,0.8398457155241477,0.8438599906642346,0.8478723702710985,0.8493171304328604,0.8397877665607886,0.837170684802204,0.8456235009775912
bank,previous,3074.0,0.0947,0.0065,0.0,23.0,0.5426,0.0,1.607,5.2878,43.3395,0.0,0.0,0.0212,0.6118,0.0305,0.904,0.0388,0.9858,0.8201,0.3247,MLP,0.8698222160076411,0.8679701537341752,0.8698222160076411,0.8681793158284081,0.8693045000860955,0.8687633655712119,0.8459266865548121,0.8482252878416586,0.8687232705756743,0.8685500001157999,0.8688078368892611,0.8675976301856413,0.8689595645250724,0.8689347068172,0.8683930050678292,0.8674936425899743,0.8678720774738944,0.8677084338972556
bank,previous,3074.0,0.0947,0.0065,0.0,23.0,0.5426,0.0,1.607,5.2878,43.3395,0.0,0.0,0.0212,0.6118,0.0305,0.904,0.0388,0.9858,0.8201,0.3247,TabNet,0.8423328708199109,0.842511902971933,0.8423328708199109,0.8433497285513033,0.8483621201250687,0.8473120406906816,0.8452157409542672,0.8467236093665044,0.8453236454131761,0.8477192371402131,0.8477469728241895,0.8484796989328476,0.8462033534324693,0.8450430264122222,0.8448578403702512,0.8403119595516956,0.8468595025403634,0.8472187242381759
bank,previous,3074.0,0.0491,0.0065,0.0,23.0,0.534,0.0,1.5934,5.3541,44.2276,0.0,0.0,0.0292,0.6051,0.0356,0.905,0.0451,0.9861,0.812,0.2905,MLP,0.8677288936313339,0.8671273953181149,0.8677288936313339,0.8665313926991636,0.8685646163302145,0.8674500594245071,0.845410592439154,0.8454184178546573,0.8677174353613882,0.8669019269794584,0.8665011584974766,0.8671754774672457,0.8678225829730409,0.8685314235923963,0.8674500594245071,0.8647471148736963,0.8655631171696274,0.8669213079697683
bank,previous,3074.0,0.0491,0.0065,0.0,23.0,0.534,0.0,1.5934,5.3541,44.2276,0.0,0.0,0.0292,0.6051,0.0356,0.905,0.0451,0.9861,0.812,0.2905,TabNet,0.8431377300065017,0.8435880345018154,0.8431377300065017,0.8425974780430934,0.8467206173692757,0.8388614299267676,0.8416725843363189,0.8384101649492726,0.8374032255053776,0.8466530805019705,0.8387939164659797,0.836758261383088,0.8373754362564312,0.8466637329126494,0.8393470226917027,0.8446810418891881,0.8414722860651683,0.8472783711859949
drug,Age,200.0,0.54,0.5,15.0,74.0,42.8913,41.5,16.9709,0.098,-1.121,15.0,29.25,0.056,0.056,0.04,0.04,0.0577,0.0577,3.7322,0.0005,MLP,0.8837958906804726,0.8999021686780753,0.9041057585916502,0.8719100298261637,0.8955703440557988,0.8999021686780753,0.7121838619910428,0.6872795309975617,0.8931564396447871,0.8999021686780753,0.8999021686780753,0.8884267493822119,0.8965151878701451,0.8780711884737309,0.8881120822823408,0.9032518046015766,0.8816875802061435,0.9048612299525185
drug,Age,200.0,0.54,0.5,15.0,74.0,42.8913,41.5,16.9709,0.098,-1.121,15.0,29.25,0.056,0.056,0.04,0.04,0.0577,0.0577,3.7322,0.0005,TabNet,0.8690185309475259,0.8775782618976987,0.8827317706696285,0.8676824708562297,0.8824152493594482,0.8775782618976987,0.7450933471159751,0.659686579683801,0.8804516085921442,0.8775782618976987,0.8775782618976987,0.8750367598591644,0.8624488305838188,0.8740096855051769,0.8864397547758976,0.8414669670720812,0.8359413930567743,0.88189184962576
drug,Age,200.0,0.465,0.4673,15.0,74.0,45.3551,47.0,17.2032,-0.094,-1.213,15.0,31.5,0.1226,0.1226,0.0878,0.0878,0.1342,0.1342,3.7762,0.0217,MLP,0.92124858063461,0.9448463172937069,0.9413895452406233,0.8890283760391575,0.9028961540392846,0.9332860781194116,0.6507810245310246,0.6622253564008883,0.9366304163100612,0.9413895452406233,0.937111638623431,0.9242352478259341,0.9156061883204607,0.9211557874092888,0.940661027539529,0.9494977952647242,0.9293859222102145,0.8940781474154775
drug,Age,200.0,0.465,0.4673,15.0,74.0,45.3551,47.0,17.2032,-0.094,-1.213,15.0,31.5,0.1226,0.1226,0.0878,0.0878,0.1342,0.1342,3.7762,0.0217,TabNet,0.9162758908221986,0.8977632272698062,0.9078426358071325,0.8224428163047345,0.9066448102030501,0.8848968396743819,0.6366182038984991,0.6561692911557042,0.8896029017171323,0.8977632272698062,0.8912391044627888,0.9025866581125332,0.9147471665071792,0.9058460958052589,0.8929050158548565,0.9109569682051329,0.897886274136837,0.8932589023697545
drug,Age,200.0,0.39,0.4098,15.0,74.0,43.0082,42.5,16.8904,0.1574,-1.0964,14.5,28.5,0.074,0.074,0.0068,0.0068,0.011,0.011,3.7669,0.0238,MLP,0.8468653955872847,0.854489609253801,0.8500242004487697,0.8630467088504614,0.8683417902142547,0.8559099386878688,0.6757141582141583,0.6586197978362157,0.8575005233361557,0.854489609253801,0.854489609253801,0.8624928438854322,0.8636602416743244,0.8735698983894478,0.8536810788917113,0.8838981684764933,0.8477235883017241,0.8317328283658603
drug,Age,200.0,0.39,0.4098,15.0,74.0,43.0082,42.5,16.8904,0.1574,-1.0964,14.5,28.5,0.074,0.074,0.0068,0.0068,0.011,0.011,3.7669,0.0238,TabNet,0.845152026112356,0.8354328080574711,0.8394071670318302,0.8594777752998196,0.8547693686566988,0.8486922799422798,0.7077998156123156,0.6617722789207265,0.8498769181585677,0.8394071670318302,0.8394071670318302,0.8304370382849156,0.8401742814298593,0.8740160405595352,0.8420670363215392,0.8561207664884135,0.8467964089002153,0.8311348939825988
drug,Age,200.0,0.325,0.4074,15.0,74.0,44.2815,43.0,16.1666,0.0524,-1.0927,14.0,26.5,0.0484,0.0484,0.0119,0.0119,0.0173,0.0173,3.9106,0.02,MLP,0.8874528303940068,0.9026654135051968,0.8975300260168682,0.8791028459853588,0.9098449202421397,0.892656220577025,0.6614834080351322,0.6766687247937249,0.8931910639827849,0.9026654135051968,0.9026654135051968,0.9013210112661867,0.9280718367476841,0.9231365977308397,0.8890021200479244,0.9067506084272589,0.8868490037346402,0.8823580059073479
drug,Age,200.0,0.325,0.4074,15.0,74.0,44.2815,43.0,16.1666,0.0524,-1.0927,14.0,26.5,0.0484,0.0484,0.0119,0.0119,0.0173,0.0173,3.9106,0.02,TabNet,0.8617192502435705,0.8912599576349577,0.8865279314911668,0.874133629147145,0.8948106890386303,0.903387954852738,0.694166413467261,0.6715087202002097,0.891012598727382,0.8954314440432861,0.8954314440432861,0.8952861030008863,0.9063982979057126,0.9100099596456438,0.8879415664458234,0.899046791639003,0.8457486783870352,0.877210816516757
drug,Age,200.0,0.29,0.3873,15.0,74.0,44.1831,44.0,16.0841,0.0258,-0.9943,13.0,26.5,0.0557,0.0557,0.0123,0.0123,0.0204,0.0204,3.8812,0.0206,MLP,0.8814125794696446,0.8997346151457567,0.9037189437256735,0.8862258935836522,0.8966358024431191,0.8957578770146069,0.6794738012500805,0.6501159540350716,0.9038668513735812,0.8997346151457567,0.8997346151457567,0.9071570206754029,0.89165119411256,0.8869683987036928,0.9047875498684321,0.9098132654382655,0.8631020553076393,0.888701444068468
drug,Age,200.0,0.29,0.3873,15.0,74.0,44.1831,44.0,16.0841,0.0258,-0.9943,13.0,26.5,0.0557,0.0557,0.0123,0.0123,0.0204,0.0204,3.8812,0.0206,TabNet,0.8434699803540548,0.8814804327199588,0.8899533853945618,0.8767153633829021,0.8870604555768218,0.8899533853945618,0.6867878921944215,0.6513270927004086,0.893419228815036,0.8899533853945618,0.8899533853945618,0.8841931747709362,0.8898582817228078,0.8786430304707918,0.8989223290589139,0.8776850644737473,0.8641211552057638,0.8801605264711223
drug,Age,200.0,0.245,0.351,15.0,74.0,43.9934,45.0,16.3915,0.0173,-1.1455,14.0,28.5,0.0992,0.0992,0.0597,0.0597,0.0859,0.0859,3.859,0.0235,MLP,0.89263088930955,0.9284605024605024,0.9284605024605024,0.9200166062167027,0.9076029341029341,0.9284605024605024,0.6490860084027785,0.6633975473239984,0.9328301605801606,0.9284605024605024,0.9284605024605024,0.9328301605801606,0.9160634247491344,0.9030828361453362,0.9238576370719228,0.923955157426173,0.8981315812008109,0.9285169848766559
drug,Age,200.0,0.245,0.351,15.0,74.0,43.9934,45.0,16.3915,0.0173,-1.1455,14.0,28.5,0.0992,0.0992,0.0597,0.0597,0.0859,0.0859,3.859,0.0235,TabNet,0.9071167796802699,0.9371428575256378,0.9327678575256377,0.924735088668289,0.9208150248934411,0.9371428575256378,0.6512654225569827,0.6615499528196803,0.9494536295422922,0.9409750115993885,0.9409750115993885,0.9374669159917608,0.9127446646980809,0.9166792392271932,0.945338062158075,0.9205047205052834,0.8760616168583892,0.9326919113842003
drug,Age,200.0,0.165,0.3293,15.0,74.0,45.5808,47.0,16.2982,-0.0361,-1.0562,13.0,27.0,0.0549,0.0549,0.0221,0.0221,0.0364,0.0364,3.8847,0.0226,MLP,0.9111913690576285,0.9177423167306642,0.9091125407095837,0.8871277414716207,0.9097468600939032,0.9177423167306642,0.6601804475297868,0.6806239822699596,0.9084931369651801,0.9177423167306642,0.9177423167306642,0.9131204772175203,0.9016491640531183,0.9052985336618811,0.9088469729440161,0.9201148538292041,0.9028089503203974,0.9292290129048604
drug,Age,200.0,0.165,0.3293,15.0,74.0,45.5808,47.0,16.2982,-0.0361,-1.0562,13.0,27.0,0.0549,0.0549,0.0221,0.0221,0.0364,0.0364,3.8847,0.0226,TabNet,0.8970269732195739,0.9167473435861763,0.9170256085165638,0.89053170023344,0.9000470605509082,0.9167473435861763,0.682565915580539,0.6720146391383053,0.9118279830874195,0.9167473435861763,0.9167473435861763,0.9125437536726014,0.9052255479571634,0.9007906634413532,0.9158207817221143,0.8981561399897171,0.8873848212078355,0.9056418493901386
drug,Age,200.0,0.16,0.3333,15.0,74.0,44.3333,44.0,16.2802,0.0351,-1.0422,13.0,26.0,0.0111,0.0111,0.0012,0.0012,0.0006,0.0006,3.8773,0.0216,MLP,0.9334433453091177,0.9248694264129209,0.9293192127377072,0.907537674014992,0.9170945664689434,0.9248694264129209,0.6902944970942468,0.6821250393589996,0.9293192127377072,0.9248694264129209,0.9248694264129209,0.9334858794043739,0.9373789770474716,0.9293532758967704,0.9248694264129209,0.9233764287290666,0.9121414669051336,0.9320508568336416
drug,Age,200.0,0.16,0.3333,15.0,74.0,44.3333,44.0,16.2802,0.0351,-1.0422,13.0,26.0,0.0111,0.0111,0.0012,0.0012,0.0006,0.0006,3.8773,0.0216,TabNet,0.8990296642047743,0.9084838557246281,0.9046006083573381,0.8928461517203518,0.8920915043643036,0.9084838557246281,0.6772872331813786,0.6667955526779057,0.9084838557246281,0.9084838557246281,0.9084838557246281,0.9124304697206267,0.9123590508179384,0.908579102238158,0.917255500746273,0.8849477644257694,0.9030686133548299,0.9079064936564385
drug,Age,200.0,0.085,0.3115,15.0,74.0,43.7432,43.0,16.3572,0.0649,-1.0777,14.0,26.5,0.0639,0.0639,0.0389,0.0389,0.0608,0.0608,3.91,0.0216,MLP,0.9259996285496129,0.9455131429142959,0.9372459471471001,0.911861472838222,0.9325909901871703,0.9413839445446407,0.6595559625559625,0.6820393155898475,0.9413839445446407,0.9455131429142959,0.9455131429142959,0.949717277877974,0.9371604947566748,0.9414541055349879,0.9413839445446407,0.929443987220495,0.9329284471438727,0.9162369438840027
drug,Age,200.0,0.085,0.3115,15.0,74.0,43.7432,43.0,16.3572,0.0649,-1.0777,14.0,26.5,0.0639,0.0639,0.0389,0.0389,0.0608,0.0608,3.91,0.0216,TabNet,0.917430020948465,0.9294570698244045,0.9337177511243683,0.9251105511122726,0.9331189098559254,0.9337177511243683,0.6930612498675958,0.6938822345072344,0.937500457442029,0.9337177511243683,0.9337177511243683,0.9333355811307273,0.9331559468929624,0.9373524214423783,0.9291164816294819,0.8972479445589079,0.8857189511651643,0.9292748955102286
drug,Age,200.0,0.045,0.2984,15.0,74.0,44.4136,45.0,16.5346,0.0276,-1.0912,14.0,27.0,0.0541,0.0541,0.0286,0.0286,0.0435,0.0435,3.9334,0.022,MLP,0.9150886774955032,0.9191097001543194,0.9191097001543194,0.9420461889205658,0.9191097001543194,0.9191097001543194,0.6791540077718082,0.6479182307200884,0.9191097001543194,0.9191097001543194,0.9191097001543194,0.9191097001543194,0.9191097001543194,0.9191097001543194,0.9191097001543194,0.9150874243950442,0.9191826216506189,0.9191097001543194
drug,Age,200.0,0.045,0.2984,15.0,74.0,44.4136,45.0,16.5346,0.0276,-1.0912,14.0,27.0,0.0541,0.0541,0.0286,0.0286,0.0435,0.0435,3.9334,0.022,TabNet,0.9086623318365086,0.9075547517997402,0.9075547517997402,0.9378121920278104,0.9031316748766633,0.9075547517997402,0.6743002768274506,0.6867172410922411,0.9033111883456504,0.9075547517997402,0.9075547517997402,0.8987785082020681,0.9032656876892475,0.8948975451105786,0.9032656876892475,0.9006744150469108,0.9046341816568031,0.9127044959690778
drug,Na_to_K,200.0,0.49,0.9902,6.269,33.542,15.748,13.936,6.5163,0.9314,0.0586,4.097,8.4767,0.017,0.017,0.0208,0.0208,0.0335,0.0335,4.6114,0.0001,MLP,0.5891259242565497,0.71572341929178,0.7209380641999926,0.609030916253053,0.6924114459496197,0.7285265288052535,0.5228930467783132,0.420897915596519,0.7183565354666241,0.6751174974358581,0.6751174974358581,0.6818037552718731,0.6846879714265472,0.6963922589731113,0.7184738732171436,0.6851967732080977,0.5473701365899406,0.6185242502376289
drug,Na_to_K,200.0,0.49,0.9902,6.269,33.542,15.748,13.936,6.5163,0.9314,0.0586,4.097,8.4767,0.017,0.017,0.0208,0.0208,0.0335,0.0335,4.6114,0.0001,TabNet,0.566941729295308,0.699644168017747,0.7257561412964019,0.4735042245176276,0.6688848358466806,0.7292602880630539,0.48825834300687154,0.4088505052966135,0.72673150854121,0.7007114666825647,0.6959404643140433,0.6355616986339656,0.6834696151972437,0.6355448124282355,0.7127681300540256,0.6502297334796909,0.5181071294513525,0.6103926548095704
drug,Na_to_K,200.0,0.4,0.9917,6.269,37.188,16.2175,13.9095,7.1366,0.9951,0.2354,3.954,9.2857,0.095,0.095,0.0458,0.0458,0.0732,0.0732,4.7759,0.0001,MLP,0.6289532916092246,0.6815927944479612,0.6837819011741426,0.6457178952766427,0.6440991059412111,0.7160911848411848,0.5324991565530339,0.5022883372414623,0.7153578144017602,0.6949165740743894,0.6949165740743894,0.7169057180568337,0.7154313075565939,0.6569201094417081,0.7030658010983373,0.6855585260302242,0.6265069157751005,0.6390592819203762
drug,Na_to_K,200.0,0.4,0.9917,6.269,37.188,16.2175,13.9095,7.1366,0.9951,0.2354,3.954,9.2857,0.095,0.095,0.0458,0.0458,0.0732,0.0732,4.7759,0.0001,TabNet,0.6162670964977963,0.6762767190760033,0.7480217070862232,0.6326832397032867,0.6188758713475139,0.6637615364208598,0.5203185465685466,0.5102457446330328,0.6604127095419459,0.672203892261241,0.6763710586986449,0.6958554773745615,0.6721831269605019,0.678428795624711,0.6760374207501796,0.6541907662935447,0.5856547182850429,0.608139658221803
drug,Na_to_K,200.0,0.44,1.0,6.683,38.247,16.2264,13.9095,7.6325,1.0172,0.1449,4.41,9.7568,0.0147,0.0147,0.02,0.02,0.0255,0.0255,4.7185,0.0,MLP,0.6701768660083878,0.7997607313857926,0.7920720751427273,0.566844292055193,0.6521825069869774,0.7798866018852558,0.5092728444350674,0.4509028774124326,0.7645076305123288,0.7997607313857926,0.7922183506855585,0.7331730616805805,0.7168936983495807,0.6597301348840574,0.7502698079278178,0.6942876427381145,0.6122655377672508,0.6279250185853974
drug,Na_to_K,200.0,0.44,1.0,6.683,38.247,16.2264,13.9095,7.6325,1.0172,0.1449,4.41,9.7568,0.0147,0.0147,0.02,0.02,0.0255,0.0255,4.7185,0.0,TabNet,0.6890965388039856,0.7297419481596655,0.7383292959367436,0.5513235594800296,0.6269161073231015,0.7259728625570296,0.5219901293188344,0.4433558862908971,0.7295306353751654,0.7394240634300161,0.7394240634300161,0.7353428097478473,0.6584710426652284,0.6340234712353249,0.7189879888984748,0.6511163734623074,0.5854113876808005,0.597689986387078
drug,Na_to_K,200.0,0.345,0.9924,6.269,38.247,15.9794,13.303,7.4743,1.0401,0.2779,3.922,9.198,0.0135,0.0135,0.0133,0.0133,0.0204,0.0204,4.8646,0.0,MLP,0.684420971049808,0.7333327217530449,0.7225721277860637,0.5913643188982605,0.7031141284285515,0.7333327217530449,0.5513305936778594,0.47737489226459817,0.7351863438807822,0.7333327217530449,0.7376844900765679,0.721214672255697,0.7068563248920392,0.7062656065125995,0.7520174940353512,0.706950000654269,0.6959930059864241,0.6945377158439746
drug,Na_to_K,200.0,0.345,0.9924,6.269,38.247,15.9794,13.303,7.4743,1.0401,0.2779,3.922,9.198,0.0135,0.0135,0.0133,0.0133,0.0204,0.0204,4.8646,0.0,TabNet,0.6844184041940209,0.683846289882128,0.6957895358530657,0.5924815408607402,0.6635098151718316,0.6828419077351894,0.5359587129498431,0.4938161096135079,0.6730945055996006,0.683846289882128,0.700177140404155,0.7337899605907725,0.6827343923897476,0.6592984734973839,0.6522277339778644,0.7031217333997104,0.6445176389970135,0.6874990598695129
drug,Na_to_K,200.0,0.265,0.9932,6.269,37.188,16.2427,14.16,7.0431,0.8963,0.0627,4.451,9.292,0.055,0.055,0.0168,0.0168,0.0258,0.0258,4.981,0.0,MLP,0.6964459834043608,0.7866735894212695,0.7699652383342719,0.745781380164939,0.7860101847684835,0.7885736773870802,0.5791767345040988,0.5508839444830398,0.7850922027707741,0.7865465830366054,0.8018408775069155,0.8056782078312467,0.7812034093650226,0.7914911247093717,0.7709901314220307,0.747805750507864,0.7533481534429978,0.7279076981430095
drug,Na_to_K,200.0,0.265,0.9932,6.269,37.188,16.2427,14.16,7.0431,0.8963,0.0627,4.451,9.292,0.055,0.055,0.0168,0.0168,0.0258,0.0258,4.981,0.0,TabNet,0.7517751424660382,0.7600885272640551,0.7898167852794621,0.7357420632643211,0.7543797300414146,0.7729055875299404,0.5877614313753019,0.57415051007958,0.7638055741244827,0.7642208532713811,0.7678770743764272,0.781433032842307,0.7777172977718685,0.7919868711387377,0.769325733841516,0.7536513134982511,0.7061357411405871,0.703391685337043
drug,Na_to_K,200.0,0.245,1.0,6.269,38.247,15.7306,13.091,7.3959,1.1375,0.4758,3.577,8.6615,0.0726,0.0726,0.051,0.051,0.0774,0.0774,5.0173,0.0,MLP,0.6645722145500511,0.7685950692901354,0.7246804735008452,0.7274726783154025,0.7367910120644675,0.7779286676214521,0.5498125994066551,0.5360222462082589,0.7722725997470745,0.7644011844016922,0.7644011844016922,0.7664026020228788,0.7364440055724526,0.7451278003496649,0.775834322889043,0.7747487719733807,0.6856293996722765,0.7356568834031885
drug,Na_to_K,200.0,0.245,1.0,6.269,38.247,15.7306,13.091,7.3959,1.1375,0.4758,3.577,8.6615,0.0726,0.0726,0.051,0.051,0.0774,0.0774,5.0173,0.0,TabNet,0.6714498405579575,0.7487100680693881,0.7201922492711966,0.7155622624307865,0.6629354319256142,0.7489260729063362,0.5565695633762515,0.5469977407289699,0.7359210988860095,0.7442636811230012,0.7442636811230012,0.7460389799470424,0.7210896712936187,0.717141676256488,0.7407279397447455,0.7254635534503046,0.6163461573591409,0.7389725371781992
drug,Na_to_K,200.0,0.195,0.9876,6.269,38.247,16.0801,13.972,7.0684,1.0143,0.414,4.078,8.536,0.0033,0.0033,0.009,0.009,0.0124,0.0124,5.0642,0.0,MLP,0.7283916211828576,0.8072156637858644,0.7993963220832334,0.7100089145073741,0.7614288841469707,0.8029079191747654,0.6068926894798761,0.5976374917760436,0.8153735780654255,0.8072156637858644,0.8072156637858644,0.8076955217358595,0.7418489145889257,0.7365915572479136,0.8070828686124353,0.7785843342143818,0.7643817579479344,0.7179319069098649
drug,Na_to_K,200.0,0.195,0.9876,6.269,38.247,16.0801,13.972,7.0684,1.0143,0.414,4.078,8.536,0.0033,0.0033,0.009,0.009,0.0124,0.0124,5.0642,0.0,TabNet,0.7428780495184958,0.7699967896843063,0.7919777715670573,0.6368360496008278,0.7594444957726666,0.7700009580183067,0.5944058640641101,0.5889420173794145,0.7835716897072491,0.7699967896843063,0.7699967896843063,0.7161859992333166,0.6971492859513823,0.7255730405659305,0.7584028032423041,0.7249078239818036,0.7461380038756344,0.6617624388078157
drug,Na_to_K,200.0,0.14,0.9884,6.269,38.247,15.9432,13.9695,6.9264,0.9917,0.3391,4.189,8.8123,0.0116,0.0116,0.0046,0.0046,0.0098,0.0098,5.1314,0.0,MLP,0.799696023876981,0.8621919672431843,0.8847714978095302,0.817471370500098,0.8753677390729736,0.8621919672431843,0.6256382953025289,0.6019547498028646,0.8757710617597788,0.8621919672431843,0.8621919672431843,0.8717840595928787,0.8661544457603598,0.8747880695856234,0.8913224961316495,0.8708025572474966,0.7794682656522702,0.808704308916838
drug,Na_to_K,200.0,0.14,0.9884,6.269,38.247,15.9432,13.9695,6.9264,0.9917,0.3391,4.189,8.8123,0.0116,0.0116,0.0046,0.0046,0.0098,0.0098,5.1314,0.0,TabNet,0.8160363914247944,0.8719017341919547,0.8881535033625895,0.7742593623556193,0.8836243823712813,0.8719037952328665,0.6393819572527923,0.5926044685518022,0.8845842527803969,0.8719017341919547,0.8719017341919547,0.8840638464129114,0.8724157737022804,0.8797828005086771,0.8961973456039638,0.8457008407910143,0.8013206914919226,0.8171481487106487
drug,Na_to_K,200.0,0.1,0.9944,6.269,38.247,15.9756,13.909,7.2033,1.0155,0.2486,4.216,9.0047,0.0613,0.0613,0.0319,0.0319,0.051,0.051,5.1853,0.0,MLP,0.7849895359270359,0.8507753168345281,0.8141116086181875,0.7838353388353388,0.8210989450522453,0.8465630152472265,0.6528048149795662,0.5827703955338616,0.8549418092091904,0.8507753168345281,0.8507753168345281,0.8333255992661781,0.8347350772476607,0.8166183224748889,0.8719452035090114,0.821664854659706,0.8371500869316018,0.7657220386178186
drug,Na_to_K,200.0,0.1,0.9944,6.269,38.247,15.9756,13.909,7.2033,1.0155,0.2486,4.216,9.0047,0.0613,0.0613,0.0319,0.0319,0.051,0.051,5.1853,0.0,TabNet,0.7985769670254053,0.850399487994594,0.8297420540514603,0.7264098310230199,0.8206411612812475,0.8584391873434862,0.6629557465223621,0.5877802168786425,0.8708807699404193,0.854305211900318,0.854305211900318,0.8412412663566079,0.8426016923333073,0.7961460550914689,0.8634925648369784,0.7959248132161613,0.7618468893081461,0.7991593763964211
drug,Na_to_K,200.0,0.045,0.9895,6.269,38.247,15.9519,13.934,7.1567,1.078,0.4973,4.109,8.765,0.073,0.073,0.0435,0.0435,0.0659,0.0659,5.2378,0.0,MLP,0.8883071456649043,0.9126607757073909,0.8996966780371952,0.8569025183560051,0.9328420251372838,0.8791051786482575,0.6304438606819558,0.6353350000969049,0.8878815813245575,0.9126607757073909,0.9126607757073909,0.9081730688881112,0.9080999360024783,0.9248877291885766,0.899934014000966,0.8702232530376632,0.8845593604673508,0.8945975456642378
drug,Na_to_K,200.0,0.045,0.9895,6.269,38.247,15.9519,13.934,7.1567,1.078,0.4973,4.109,8.765,0.073,0.073,0.0435,0.0435,0.0659,0.0659,5.2378,0.0,TabNet,0.8793482276333153,0.896564411569413,0.8843287946788161,0.8085732993286374,0.9292362743838459,0.8924291620150457,0.6258290791699657,0.6340248133073993,0.9007310782360797,0.8917841005980643,0.8917841005980643,0.9004395796105044,0.8962154549122505,0.9045063894246014,0.8881856236906251,0.8922690582349153,0.8624742960482759,0.8623400794788718
electricity-normalized,nswprice,45312.0,0.5024,0.1505,0.0,1.0,0.058,0.0487,0.042,9.7359,168.2765,0.0175,0.0392,0.2961,0.2971,0.2228,0.2683,0.3242,0.3702,7.5813,0.0,MLP,0.7221362223087926,0.7160570364559843,0.714652890284372,0.6986831783563413,0.7210207833035814,0.721124938152328,0.7058219667113027,0.7052871474644126,0.7186974768909511,0.7189738558717006,0.719328220251228,0.7154337356919245,0.7266234601522329,0.7257139452609558,0.7192528908423599,0.7189039211092771,0.6993468355980876,0.7178300662781711
electricity-normalized,nswprice,45312.0,0.5024,0.1505,0.0,1.0,0.058,0.0487,0.042,9.7359,168.2765,0.0175,0.0392,0.2961,0.2971,0.2228,0.2683,0.3242,0.3702,7.5813,0.0,TabNet,0.7174542866956086,0.7203719869429103,0.7154178757185935,0.6966055105558191,0.7212305472181672,0.7172955315335474,0.7062674706407297,0.704825792214243,0.7177848528949345,0.7150480822478553,0.7177481713812022,0.7207790849837226,0.7211289789930593,0.7246592142778788,0.718204626949908,0.7176776038333147,0.7025390345736074,0.7182550548731549
electricity-normalized,nswprice,45312.0,0.4492,0.1412,0.0,1.0,0.0581,0.0489,0.0422,9.7155,167.146,0.0175,0.0392,0.3003,0.3095,0.2288,0.2794,0.3329,0.3844,7.6002,0.0,MLP,0.7205335968109492,0.722058096729317,0.7190198412244132,0.7061379676709676,0.7256287325322127,0.7240763221997701,0.709258480109154,0.7060856901041794,0.7205593623036972,0.7227072400289882,0.7265368189829807,0.7228239354277829,0.7283487287474915,0.7272524003621743,0.7238986725603784,0.7182357703779009,0.708406589805226,0.721663883209467
electricity-normalized,nswprice,45312.0,0.4492,0.1412,0.0,1.0,0.0581,0.0489,0.0422,9.7155,167.146,0.0175,0.0392,0.3003,0.3095,0.2288,0.2794,0.3329,0.3844,7.6002,0.0,TabNet,0.722267276147955,0.7183790406498853,0.7208709527406774,0.7047323480678155,0.7241081802215656,0.7198229812452489,0.7095172372978603,0.7036285793421475,0.7211846294637255,0.7199480099388008,0.720997713503266,0.7206634873799647,0.725544827664028,0.7266725737431092,0.721736572279615,0.7194978158547511,0.7079540675937573,0.7197684521775087
electricity-normalized,nswprice,45312.0,0.4028,0.1319,0.0,0.9818,0.0577,0.0486,0.0391,8.874,154.9081,0.0174,0.0393,0.3019,0.3053,0.2247,0.2704,0.327,0.3725,7.6015,0.0,MLP,0.7287479578307656,0.7315773792498341,0.727648794670471,0.7115101096662961,0.7316264818407102,0.7322153409921878,0.7151432224353734,0.7141278518370711,0.7281763001869788,0.7313634475047301,0.7326430524026064,0.7304936319547447,0.7357001819349275,0.7349534765692793,0.7297659158990429,0.7285563996710768,0.7195578749525886,0.733014532536109
electricity-normalized,nswprice,45312.0,0.4028,0.1319,0.0,0.9818,0.0577,0.0486,0.0391,8.874,154.9081,0.0174,0.0393,0.3019,0.3053,0.2247,0.2704,0.327,0.3725,7.6015,0.0,TabNet,0.7320293063677981,0.7270422297251233,0.7247617319625878,0.7102487479626514,0.7310797658618867,0.7286834482774328,0.7157111719947926,0.712400511267665,0.7255534456531164,0.7282421119260538,0.7294395156503837,0.7284332672881635,0.7364170535051047,0.7354123010012152,0.7303375869264906,0.7295066152757628,0.7176947876922746,0.7306914654130943
electricity-normalized,nswprice,45312.0,0.3544,0.1256,0.0,1.0,0.0579,0.0487,0.0397,8.8563,153.3404,0.0174,0.0392,0.2993,0.3027,0.2213,0.2709,0.3224,0.3733,7.6167,0.0,MLP,0.735964957037312,0.7362528145366516,0.7313923835509452,0.7146830561287318,0.7377340784347644,0.7365183862803718,0.7196009391986331,0.7193359005677541,0.7374991494670848,0.7364780235743468,0.7375330598479675,0.7366022507903371,0.7410206779222974,0.7417191034866861,0.7369504248732759,0.7352992468531415,0.7249602888131238,0.7399825811020762
electricity-normalized,nswprice,45312.0,0.3544,0.1256,0.0,1.0,0.0579,0.0487,0.0397,8.8563,153.3404,0.0174,0.0392,0.2993,0.3027,0.2213,0.2709,0.3224,0.3733,7.6167,0.0,TabNet,0.7380998302238024,0.725743484398023,0.7325279764116421,0.718727601613997,0.7355221398500814,0.7347746322147903,0.7209432444199375,0.7196111997068722,0.734556808751946,0.7339897122451657,0.7349615782522757,0.7314592732009064,0.7399084976391841,0.741707646550694,0.734707434114356,0.7353923834341465,0.7240640202089024,0.7352575689206424
electricity-normalized,nswprice,45312.0,0.302,0.119,0.0,1.0,0.0577,0.0485,0.0404,9.3929,166.6968,0.0174,0.0393,0.3045,0.3113,0.2275,0.2761,0.3312,0.3813,7.6181,0.0,MLP,0.7414849213989717,0.7445971994853489,0.7401524928484606,0.724584198823548,0.7457195269691016,0.7445447287801481,0.726950299982871,0.7273621990329744,0.7440877764371218,0.7446186210313912,0.7439352885904043,0.7438509731998657,0.7500247006610175,0.7478546787180156,0.7455817982078169,0.7431523621627149,0.7303369482626526,0.7476183261431821
electricity-normalized,nswprice,45312.0,0.302,0.119,0.0,1.0,0.0577,0.0485,0.0404,9.3929,166.6968,0.0174,0.0393,0.3045,0.3113,0.2275,0.2761,0.3312,0.3813,7.6181,0.0,TabNet,0.7463260857630845,0.7424133758799751,0.7391666702319366,0.7278845886492604,0.7463627597767879,0.7438813229594171,0.728572046183134,0.7287463311209038,0.7438129781117787,0.742869439562772,0.7451693024562664,0.7419241302934245,0.7489495742108725,0.7492642976987522,0.7437699065487782,0.7436946373812447,0.7273884847646827,0.7460752985116856
electricity-normalized,nswprice,45312.0,0.2468,0.1122,0.0,1.0,0.058,0.0486,0.0409,9.3692,164.413,0.0175,0.0394,0.3036,0.3078,0.2268,0.2748,0.3302,0.3789,7.6334,0.0,MLP,0.7507422093308123,0.7487220974439599,0.7453810833002593,0.735560712530019,0.7524963408941622,0.7521148920305947,0.734712615276881,0.7335338619935133,0.7498968322839037,0.7531086972208386,0.7551113045634186,0.7499832663646304,0.7539692532570631,0.7551333427997741,0.7532526308758949,0.7443986225435445,0.7388427767072896,0.7514449883755905
electricity-normalized,nswprice,45312.0,0.2468,0.1122,0.0,1.0,0.058,0.0486,0.0409,9.3692,164.413,0.0175,0.0394,0.3036,0.3078,0.2268,0.2748,0.3302,0.3789,7.6334,0.0,TabNet,0.7510582991158361,0.748916757742234,0.7469715898211742,0.7354465641990512,0.7503214213148703,0.7499553176108729,0.7346394741293253,0.7332154651349087,0.7475592688182904,0.7507199653786919,0.7518139972747779,0.748747515101634,0.754108475263184,0.7532113386271937,0.7510331386864135,0.7434113999714895,0.7392204608367836,0.7514619742488582
electricity-normalized,nswprice,45312.0,0.1986,0.1067,0.0,0.9818,0.0578,0.0486,0.0387,8.6033,150.6194,0.0174,0.0391,0.312,0.312,0.2249,0.2727,0.3274,0.376,7.6299,0.0,MLP,0.7568103785518978,0.7588473856793236,0.7520635882102307,0.7466113250809608,0.7631026172511458,0.7577577063009552,0.741343507657726,0.7430851295731118,0.7566503320054543,0.7576371884960875,0.757725448511009,0.7580604093685962,0.7620588482198363,0.7624869841474312,0.7574006232589379,0.752845369711992,0.7527703092374324,0.7604249826976959
electricity-normalized,nswprice,45312.0,0.1986,0.1067,0.0,0.9818,0.0578,0.0486,0.0387,8.6033,150.6194,0.0174,0.0391,0.312,0.312,0.2249,0.2727,0.3274,0.376,7.6299,0.0,TabNet,0.7582836833034362,0.7553290944876364,0.7557181668525486,0.7488716151307007,0.7597099242792582,0.7566313735381718,0.7422279487300332,0.7411461169974087,0.7534941868380205,0.7541425990862171,0.7548918555183488,0.7532288313651044,0.761456235004287,0.7621113128759892,0.7555476604259133,0.7538412559954839,0.7509505965067105,0.7580695040293364
electricity-normalized,nswprice,45312.0,0.1505,0.1018,0.0,0.9818,0.058,0.0488,0.0399,8.9833,156.0452,0.0176,0.0394,0.306,0.3074,0.2255,0.2732,0.3282,0.3769,7.6388,0.0,MLP,0.7641363469348308,0.7635869713245164,0.7627281216854279,0.7550875732274412,0.7674810143812497,0.7653240842055264,0.7472771081543444,0.7469795374805737,0.7636500831327838,0.7638139113806186,0.7653691704729425,0.7625583316851379,0.7688092750343981,0.7682716895516617,0.7657394902948915,0.7610887238169619,0.758974176844992,0.7658116344001449
electricity-normalized,nswprice,45312.0,0.1505,0.1018,0.0,0.9818,0.058,0.0488,0.0399,8.9833,156.0452,0.0176,0.0394,0.306,0.3074,0.2255,0.2732,0.3282,0.3769,7.6388,0.0,TabNet,0.7609788311707191,0.7604865415394492,0.7612236419230899,0.755273332281749,0.7652457433557802,0.7648599251433257,0.7455619934368178,0.745805184816966,0.7610634242189572,0.7606266587252835,0.7625247027573956,0.7611472279580325,0.7684577716448071,0.7687395336321412,0.7640950947798311,0.7602406031100107,0.756966110916546,0.7647710166889246
electricity-normalized,nswprice,45312.0,0.0996,0.0975,0.0,1.0,0.058,0.0487,0.0404,9.1716,159.2856,0.0174,0.0391,0.3035,0.3073,0.2248,0.2736,0.3273,0.3771,7.6396,0.0,MLP,0.7719338663010272,0.7729820300634183,0.7702205621470684,0.7646835541878858,0.7736584407900774,0.7735738809589919,0.7526626392463096,0.753828177314469,0.7728017404480886,0.7748573903159377,0.7748929092932358,0.7715779511358819,0.7734594263352708,0.7770838048727113,0.7748814973425657,0.7690645943276332,0.7658635038566932,0.7739229875910175
electricity-normalized,nswprice,45312.0,0.0996,0.0975,0.0,1.0,0.058,0.0487,0.0404,9.1716,159.2856,0.0174,0.0391,0.3035,0.3073,0.2248,0.2736,0.3273,0.3771,7.6396,0.0,TabNet,0.7713514986054526,0.7700926620124593,0.7697371998555766,0.7672177962353692,0.7714724641914765,0.7734152981475829,0.7534370986913765,0.7546159813557322,0.772504584437226,0.7718783971351764,0.7747206729320544,0.7701061789065944,0.77406644003253,0.7751249918888012,0.7734592530897488,0.7653345148051502,0.7697529532988442,0.7739752050186212
electricity-normalized,nswprice,45312.0,0.0493,0.0937,0.0,1.0,0.0579,0.0487,0.0402,9.1786,160.9431,0.0174,0.0392,0.3044,0.3069,0.2255,0.2739,0.3282,0.3774,7.6417,0.0,MLP,0.7778408479472508,0.7812227986361762,0.7776354227453475,0.7769502951334475,0.780033624117125,0.7802336086863526,0.7588326390945865,0.7604554026943683,0.7789507152847237,0.7788966500989059,0.7794305082345909,0.7784553680660904,0.7807278685071952,0.7818343110484893,0.7786800463149943,0.7758304175744816,0.7763981522532339,0.7801973946449204
electricity-normalized,nswprice,45312.0,0.0493,0.0937,0.0,1.0,0.0579,0.0487,0.0402,9.1786,160.9431,0.0174,0.0392,0.3044,0.3069,0.2255,0.2739,0.3282,0.3774,7.6417,0.0,TabNet,0.775836891479061,0.7773557274335974,0.7776829834078307,0.774741953727344,0.7777779512251028,0.7775971475659286,0.7594460911657143,0.7593176544263132,0.7768390479215584,0.7775190260779592,0.7773457634496269,0.7768224911449366,0.779817005266725,0.7797912596685687,0.7764472085384704,0.7735773725416404,0.7726098780628722,0.7789115369865225
electricity-normalized,nswdemand,45312.0,0.5007,0.2118,0.0012,0.9808,0.425,0.4432,0.1635,-0.0988,-0.4058,0.1099,0.2255,0.3075,0.6656,0.2261,0.4994,0.3296,0.6587,8.2468,0.0,MLP,0.7761242628786045,0.7756743539266966,0.7748739841315461,0.7729058447913012,0.776399006843971,0.775894048688076,0.7586038972133206,0.7604502052778559,0.7749618706140978,0.776218500472788,0.7762700778709625,0.7744489930555088,0.7764283802153988,0.7763410688081593,0.7764901192269099,0.7758149193968961,0.7747337799666506,0.776452310735409
electricity-normalized,nswdemand,45312.0,0.5007,0.2118,0.0012,0.9808,0.425,0.4432,0.1635,-0.0988,-0.4058,0.1099,0.2255,0.3075,0.6656,0.2261,0.4994,0.3296,0.6587,8.2468,0.0,TabNet,0.7748696323678579,0.7766902965922424,0.7772607337927554,0.7731872826376847,0.775771218055467,0.7767142048982741,0.7595781167764456,0.7593716997144906,0.775722979286667,0.776822033193272,0.7760389064337385,0.7748439321715006,0.7762124884683667,0.7771914606128756,0.7761824387407488,0.7758101347990513,0.7744505249306166,0.7771327700118341
electricity-normalized,nswdemand,45312.0,0.4487,0.1949,0.0,1.0,0.4245,0.4428,0.164,-0.0963,-0.4188,0.1114,0.229,0.3088,0.6664,0.2243,0.5002,0.3263,0.6598,8.2636,0.0,MLP,0.7765625267071774,0.7758474745993105,0.7762435370896814,0.7707984236458016,0.7785508673957576,0.7772957652246063,0.7614982398638603,0.7607682766417494,0.776060724384982,0.7775287986854049,0.7767123507278951,0.7772055277684304,0.7772808872470499,0.7766435227134694,0.7775140847209911,0.7771489905621705,0.7747817340708111,0.7762830511888037
electricity-normalized,nswdemand,45312.0,0.4487,0.1949,0.0,1.0,0.4245,0.4428,0.164,-0.0963,-0.4188,0.1114,0.229,0.3088,0.6664,0.2243,0.5002,0.3263,0.6598,8.2636,0.0,TabNet,0.7752924789484489,0.7771830729423943,0.7761653225170559,0.77149195626794,0.7762236600872441,0.7767965304654405,0.7609919112249278,0.7611119551286389,0.7759799701668502,0.7779011702036372,0.7764812630104472,0.7767907611400874,0.7762871416225378,0.7769113324849779,0.7778552576994664,0.7761808677098072,0.773997960992731,0.7768468872996832
electricity-normalized,nswdemand,45312.0,0.3951,0.1794,0.0097,1.0,0.4257,0.4442,0.1629,-0.0991,-0.4189,0.11,0.2264,0.3095,0.669,0.2251,0.5044,0.3276,0.6655,8.2702,0.0,MLP,0.7769810463156793,0.7749909420151786,0.7761654416733507,0.7741018763800919,0.7790942127741718,0.7776414824755763,0.7617441760943392,0.7624304750441007,0.7780986181944889,0.7790643006450813,0.7787057190555311,0.7780418689310157,0.7772971642946174,0.7776323771660639,0.7779604026393176,0.7793336556809627,0.7751233255600422,0.777114523056292
electricity-normalized,nswdemand,45312.0,0.3951,0.1794,0.0097,1.0,0.4257,0.4442,0.1629,-0.0991,-0.4189,0.11,0.2264,0.3095,0.669,0.2251,0.5044,0.3276,0.6655,8.2702,0.0,TabNet,0.7749997349440976,0.7766929037836984,0.7772155128763785,0.7729494702858057,0.7787414235000392,0.7790496328480441,0.7631824990730156,0.7637506175786609,0.7771656348423746,0.7782072779173076,0.7781847544414295,0.7786525999375717,0.7776931360156929,0.7772358664916619,0.7782667576242448,0.7761212711301002,0.7742328328074083,0.7758902237386532
electricity-normalized,nswdemand,45312.0,0.3499,0.1697,0.0,0.9625,0.4247,0.4432,0.1633,-0.088,-0.4169,0.111,0.2275,0.3038,0.6666,0.2251,0.5,0.3278,0.6597,8.2812,0.0,MLP,0.7758861251183531,0.7777954318596364,0.7775638641510121,0.7743857706628664,0.7781535268756292,0.7781796216585322,0.7623143110533473,0.7631636503414412,0.7782173549099531,0.7784669190877744,0.7789766400893579,0.7765840695158555,0.7775339122192372,0.77719916227061,0.7781870983196538,0.7786954855959388,0.7769137068131997,0.7780186100890976
electricity-normalized,nswdemand,45312.0,0.3499,0.1697,0.0,0.9625,0.4247,0.4432,0.1633,-0.088,-0.4169,0.111,0.2275,0.3038,0.6666,0.2251,0.5,0.3278,0.6597,8.2812,0.0,TabNet,0.7768614054342796,0.7777059052518951,0.7766611481856454,0.7722678345436462,0.778185688300669,0.7774468173325867,0.7627522337190255,0.7633986334682356,0.7779981349017958,0.7776517909990859,0.7765554764044991,0.7775594579180567,0.7789633133027892,0.776528835113874,0.7781016215288773,0.7772464278609151,0.776033474484537,0.7779836911463991
electricity-normalized,nswdemand,45312.0,0.3024,0.1593,0.0012,1.0,0.4253,0.4429,0.1633,-0.0902,-0.418,0.1107,0.2272,0.3007,0.6672,0.2235,0.5012,0.3254,0.661,8.2857,0.0,MLP,0.7795557773775861,0.7798775551776026,0.7797523093118466,0.7764535445223019,0.7812549544266476,0.7791065624430564,0.7635174253612753,0.7648475706250191,0.7808811787070286,0.7799144164769188,0.7794968735781664,0.7787065441133214,0.7802202376259301,0.7798592337406156,0.7784096065504642,0.7799135795065085,0.7793601081497817,0.7800911063616754
electricity-normalized,nswdemand,45312.0,0.3024,0.1593,0.0012,1.0,0.4253,0.4429,0.1633,-0.0902,-0.418,0.1107,0.2272,0.3007,0.6672,0.2235,0.5012,0.3254,0.661,8.2857,0.0,TabNet,0.7788259637739681,0.7780650769582599,0.7796127011759836,0.7761019963841054,0.778992649050618,0.7792745961278227,0.7633256411034998,0.7637874620343533,0.777201101803153,0.780385530901234,0.7795278662820857,0.7804402540396128,0.7794025598872695,0.7785070600816169,0.7793516859636159,0.7788055916360682,0.7786689160079315,0.7781562528748442
electricity-normalized,nswdemand,45312.0,0.2519,0.1496,0.0,1.0,0.4243,0.443,0.1633,-0.0929,-0.4132,0.1108,0.2273,0.3042,0.6659,0.225,0.4998,0.3276,0.6595,8.292,0.0,MLP,0.7806228115006197,0.7817866106480833,0.7800130946008343,0.7785215173186504,0.781746428979134,0.7825581395401048,0.7640203747236092,0.7630645590536529,0.7800648989991039,0.782356105854089,0.7808523610592374,0.7822614056007701,0.7808656128981752,0.782066315616762,0.7833037174050228,0.7802376930117984,0.7796676587242538,0.7803125759566645
electricity-normalized,nswdemand,45312.0,0.2519,0.1496,0.0,1.0,0.4243,0.443,0.1633,-0.0929,-0.4132,0.1108,0.2273,0.3042,0.6659,0.225,0.4998,0.3276,0.6595,8.292,0.0,TabNet,0.7797763713368797,0.7804422769547268,0.7793691491529859,0.7765757819726855,0.7809293199733973,0.7820311093054874,0.7632294137821664,0.7640311707173197,0.7800657376382468,0.7816987283832147,0.7812988488624253,0.7821112796520894,0.7827406291842549,0.7834241615815684,0.7830644825410723,0.780134480448013,0.7790121951886604,0.782344602976024
electricity-normalized,nswdemand,45312.0,0.1979,0.1416,0.0,0.9808,0.4249,0.4433,0.1635,-0.0928,-0.4126,0.1107,0.2272,0.3058,0.6672,0.2261,0.4999,0.329,0.6593,8.3003,0.0,MLP,0.780896003603034,0.780012743569249,0.7813886741853695,0.7794375828500613,0.7823093710419258,0.7815907544203021,0.7642694070772198,0.7650670488558093,0.7822739332121356,0.7839626149779247,0.7824882206075775,0.7803645334589044,0.7822442862199388,0.7825112775838606,0.7830673603601178,0.7806170780219515,0.7782911005427782,0.7821544015099866
electricity-normalized,nswdemand,45312.0,0.1979,0.1416,0.0,0.9808,0.4249,0.4433,0.1635,-0.0928,-0.4126,0.1107,0.2272,0.3058,0.6672,0.2261,0.4999,0.329,0.6593,8.3003,0.0,TabNet,0.7805320086636254,0.7808680178535525,0.7807410447514318,0.7781194247000395,0.782974550970049,0.7810945691591054,0.7644777857809882,0.7635168291259814,0.7820579193204491,0.7812754917884681,0.780455628401324,0.7815463418482105,0.7815103407018782,0.7807144400818574,0.7822949236026321,0.7814888375240571,0.7788001293893799,0.7823122489615049
electricity-normalized,nswdemand,45312.0,0.1518,0.134,0.0012,1.0,0.4258,0.4442,0.1633,-0.0963,-0.4043,0.1105,0.2269,0.3063,0.6709,0.2242,0.5027,0.3263,0.6626,8.3015,0.0,MLP,0.7825941455362064,0.7851810381423439,0.7824905789373915,0.7810900269751302,0.7840479860288704,0.7828327709109555,0.7658874641560552,0.7658662606359898,0.7831671071466753,0.7850410611559945,0.7861962102287984,0.7846161332521109,0.7845431238371258,0.7830459074166931,0.7841502739897774,0.7836438299817697,0.7823895285554161,0.7852481181313243
electricity-normalized,nswdemand,45312.0,0.1518,0.134,0.0012,1.0,0.4258,0.4442,0.1633,-0.0963,-0.4043,0.1105,0.2269,0.3063,0.6709,0.2242,0.5027,0.3263,0.6626,8.3015,0.0,TabNet,0.7814000382753263,0.7835866777745164,0.7806438155100938,0.7801661337989032,0.785018090672043,0.7843166781192694,0.7651251073378718,0.765259535154666,0.7836173745141909,0.7838859190202601,0.7841014804722883,0.7832020052105899,0.781877835507415,0.7825912804212019,0.7835605814863613,0.7820162202954857,0.7814075342940884,0.7817457568939667
electricity-normalized,nswdemand,45312.0,0.1017,0.128,0.0,1.0,0.4255,0.4439,0.1635,-0.0944,-0.4127,0.1107,0.2276,0.3056,0.6707,0.2277,0.5034,0.3313,0.6634,8.3086,0.0,MLP,0.7831422487648059,0.7835890734880316,0.7837462904755725,0.7831052136371225,0.782410677444568,0.784560852997275,0.7653939539518402,0.765818632354511,0.7836580761176586,0.7837171317160446,0.7829340202874753,0.78427277495066,0.7830629649351579,0.7837031384104183,0.7842285745311387,0.785165282030857,0.783957624332883,0.7836409522073853
electricity-normalized,nswdemand,45312.0,0.1017,0.128,0.0,1.0,0.4255,0.4439,0.1635,-0.0944,-0.4127,0.1107,0.2276,0.3056,0.6707,0.2277,0.5034,0.3313,0.6634,8.3086,0.0,TabNet,0.7836356476631494,0.7831606205120822,0.7823563555570687,0.7824540708914549,0.7830853767406759,0.7836950324818088,0.7663921835019907,0.7660489768043656,0.7837323319973795,0.7821044077412791,0.784634924153062,0.783246736961333,0.783615276641762,0.7840154580679647,0.7829558751155323,0.7814377954270755,0.7814116475078354,0.7830452587975384
electricity-normalized,nswdemand,45312.0,0.0509,0.1219,0.0,1.0,0.4254,0.4436,0.1635,-0.0946,-0.4095,0.1108,0.2276,0.3053,0.6699,0.2258,0.5027,0.3287,0.6626,8.3135,0.0,MLP,0.7848560675146548,0.7856731535738496,0.7844706178415318,0.7827568441724113,0.785430417565514,0.7865594346052251,0.7650840916070692,0.765406893928434,0.7866392977771918,0.787040622119052,0.7863631435700749,0.7846053028566223,0.787232508487172,0.7875036471292698,0.7872473102705064,0.7853154717816673,0.7840062320436082,0.7862223153164067
electricity-normalized,nswdemand,45312.0,0.0509,0.1219,0.0,1.0,0.4254,0.4436,0.1635,-0.0946,-0.4095,0.1108,0.2276,0.3053,0.6699,0.2258,0.5027,0.3287,0.6626,8.3135,0.0,TabNet,0.7834185205312997,0.7837907414406288,0.784632489412832,0.7836748858018154,0.7839369829309384,0.785090859184295,0.7664786904752144,0.7664014036011622,0.7847630581408385,0.7851431572161673,0.7861416245135644,0.7843959902368962,0.7836166696718923,0.7837830368001635,0.7841731768216923,0.7833593781907116,0.784256171170481,0.7828419574800548
electricity-normalized,vicdemand,45312.0,0.5021,0.1142,0.0295,1.0,0.4215,0.4229,0.1202,0.1429,0.9378,0.0476,0.0953,0.3039,0.6662,0.2733,0.5007,0.377,0.6602,5.3581,0.0,MLP,0.7693742041753404,0.77259316810303,0.7708276687166041,0.7664152314591302,0.7730760645398886,0.7717944385480233,0.7613909450078438,0.7598223248255089,0.7716728356248372,0.7738378422286483,0.7716412752787442,0.7726257079097723,0.771401160301417,0.7731509196240632,0.7718548562957104,0.7728714503116155,0.7652363005612545,0.7725385910608451
electricity-normalized,vicdemand,45312.0,0.5021,0.1142,0.0295,1.0,0.4215,0.4229,0.1202,0.1429,0.9378,0.0476,0.0953,0.3039,0.6662,0.2733,0.5007,0.377,0.6602,5.3581,0.0,TabNet,0.7709055712693131,0.7717189413175504,0.772649162393975,0.7658037380066774,0.7714639253836887,0.7731839765247461,0.7600281779912192,0.7617589907354028,0.7718232435185775,0.7733889374953126,0.7722513111018992,0.7731916861958396,0.773129031582196,0.7745914793781704,0.7714903028377398,0.7732160249448354,0.7685977406566729,0.7721445306025653
electricity-normalized,vicdemand,45312.0,0.4518,0.1066,0.0,0.9969,0.4228,0.4229,0.1217,0.1602,0.9064,0.0498,0.0994,0.3074,0.6711,0.2745,0.5034,0.3779,0.6639,5.4124,0.0,MLP,0.7707876972898279,0.7719210073134273,0.7724358270378908,0.7703321788236591,0.7749379091364107,0.7740290368595899,0.7587103592199871,0.7608671626454352,0.77255294760338,0.7753642172096757,0.7731170044351777,0.7736920494300639,0.7737894640286884,0.7747073100088315,0.7735385335944042,0.7710136241528552,0.7715192153576589,0.7733006415799384
electricity-normalized,vicdemand,45312.0,0.4518,0.1066,0.0,0.9969,0.4228,0.4229,0.1217,0.1602,0.9064,0.0498,0.0994,0.3074,0.6711,0.2745,0.5034,0.3779,0.6639,5.4124,0.0,TabNet,0.7731188855987551,0.7720754447996557,0.7723079184266184,0.7688847187962148,0.7757678638908261,0.7741522021595512,0.7585196775365869,0.7629706849803298,0.7740845411430985,0.7741938932272279,0.7735888864118328,0.775239539683727,0.7765953986349755,0.7769099650557737,0.774479150588563,0.7728807813587215,0.772130801118526,0.7751234537760038
electricity-normalized,vicdemand,45312.0,0.3969,0.0983,0.0,1.0,0.4227,0.4229,0.1209,0.1685,0.9588,0.0473,0.0948,0.3059,0.6701,0.2723,0.5017,0.3752,0.6611,5.388,0.0,MLP,0.7750731274837191,0.7712676959944526,0.7718409770794866,0.7715824999608277,0.7767011057643823,0.7753157903413128,0.7594210414089648,0.7625473711448296,0.7727476095131307,0.7761303776578298,0.7752938645245905,0.7743633371015932,0.7766631617369336,0.7748587126201323,0.7742148391150017,0.773622993365243,0.7716204549766712,0.776008009646856
electricity-normalized,vicdemand,45312.0,0.3969,0.0983,0.0,1.0,0.4227,0.4229,0.1209,0.1685,0.9588,0.0473,0.0948,0.3059,0.6701,0.2723,0.5017,0.3752,0.6611,5.388,0.0,TabNet,0.7766002862084485,0.773088000788828,0.7725964491695965,0.7726336663501021,0.774489860812151,0.7754918703768914,0.7609293729176815,0.7618592726420936,0.774510751417037,0.7755608460267722,0.7756155991048307,0.7760035235995122,0.7752884965150805,0.7741514118488281,0.7744287801803573,0.7754945178399619,0.7718268372398492,0.7762866211693757
electricity-normalized,vicdemand,45312.0,0.3512,0.0927,0.0,1.0,0.4228,0.4229,0.1222,0.1591,0.9236,0.0498,0.0994,0.3091,0.6728,0.2746,0.5061,0.3787,0.6674,5.4352,0.0,MLP,0.7730699849949787,0.775061127374439,0.7761223701824321,0.7729385028429634,0.7766084040508476,0.7751340143308745,0.7609493538238234,0.761509847773424,0.774962529714596,0.7772242782498643,0.7784056519639952,0.775134599372324,0.7758531864251541,0.7768304087314861,0.7773123669319368,0.7755000910656598,0.7747837442784938,0.7747450141720054
electricity-normalized,vicdemand,45312.0,0.3512,0.0927,0.0,1.0,0.4228,0.4229,0.1222,0.1591,0.9236,0.0498,0.0994,0.3091,0.6728,0.2746,0.5061,0.3787,0.6674,5.4352,0.0,TabNet,0.7747164023508774,0.7744510726919822,0.773680847887841,0.7737221185524406,0.7762867886677866,0.7749249076070646,0.7622084865917469,0.7625475043481722,0.7767481194682893,0.7766344755689761,0.7742325697132444,0.7757635745536118,0.775268076617484,0.7757840500023787,0.7749970648121598,0.775390076324365,0.7712883840173546,0.7762935257036561
electricity-normalized,vicdemand,45312.0,0.2978,0.0859,0.0,1.0,0.4227,0.4229,0.1209,0.1423,0.9213,0.0485,0.0966,0.3029,0.6697,0.2712,0.503,0.3741,0.6632,5.4146,0.0,MLP,0.7776258856299205,0.7766144849721803,0.7760610818509914,0.7742676772275651,0.7783135026941159,0.775484820322315,0.7604664011736209,0.7617360986409663,0.7772402867080337,0.779415923597673,0.7769407765771906,0.7777194116745992,0.7762424198247184,0.775465367382842,0.7789744771206446,0.7771346052474252,0.7758171457523101,0.7772034760366432
electricity-normalized,vicdemand,45312.0,0.2978,0.0859,0.0,1.0,0.4227,0.4229,0.1209,0.1423,0.9213,0.0485,0.0966,0.3029,0.6697,0.2712,0.503,0.3741,0.6632,5.4146,0.0,TabNet,0.7754017191648934,0.7765057391562813,0.7757183403624663,0.7752257783518309,0.7749188965491083,0.7759413451583842,0.7614069467082335,0.7634709368944012,0.7769970032592726,0.776228340534132,0.7770471291186432,0.7793903644470788,0.7765367327229421,0.7762327603959133,0.7777855848723887,0.7743107910192556,0.7763520808240205,0.7773625424070953
electricity-normalized,vicdemand,45312.0,0.2481,0.0806,0.0,1.0,0.423,0.4229,0.1211,0.1625,0.9062,0.048,0.0955,0.3131,0.6691,0.2745,0.5016,0.3786,0.6612,5.4056,0.0,MLP,0.7762415312548534,0.7779846681936167,0.7756826878899261,0.7737472511389047,0.7816884520644366,0.7784214781127572,0.7615180023317873,0.7624560414462613,0.7764663815986653,0.777064611626544,0.7782985381362809,0.7765472519168963,0.7792546268600107,0.7809436275382222,0.7782877717131202,0.77600026287888,0.7783699304571167,0.7797268633499423
electricity-normalized,vicdemand,45312.0,0.2481,0.0806,0.0,1.0,0.423,0.4229,0.1211,0.1625,0.9062,0.048,0.0955,0.3131,0.6691,0.2745,0.5016,0.3786,0.6612,5.4056,0.0,TabNet,0.7751760562970953,0.7767858400138113,0.7761821029276613,0.7740734518927539,0.7781616608192161,0.7781842755165402,0.7614554809014842,0.7615413832583011,0.7774996318421186,0.779275551453914,0.776509186468723,0.7774226273209766,0.7791889432388868,0.7803248717088463,0.7778341752633118,0.7750696800533601,0.7758568310380677,0.778287045258973
electricity-normalized,vicdemand,45312.0,0.2034,0.0767,0.0241,1.0,0.4232,0.4229,0.121,0.1683,0.9093,0.0485,0.0968,0.3062,0.6672,0.2765,0.5011,0.3812,0.6608,5.4035,0.0,MLP,0.7787000975206186,0.7803763629288483,0.7790430995118441,0.7766734423110621,0.7814763462245797,0.7793515486142031,0.7615588523939297,0.7631633847568844,0.7808467558010248,0.7810775133035066,0.7803892026042287,0.7803428896500012,0.7811651980824978,0.781046653822995,0.7801059609554963,0.7820471215476603,0.7795164499542384,0.7819127213596966
electricity-normalized,vicdemand,45312.0,0.2034,0.0767,0.0241,1.0,0.4232,0.4229,0.121,0.1683,0.9093,0.0485,0.0968,0.3062,0.6672,0.2765,0.5011,0.3812,0.6608,5.4035,0.0,TabNet,0.7796037001549032,0.779473332631457,0.7787378628925248,0.7780519732884952,0.779871684653209,0.778396542929811,0.7618754667536466,0.7642477167407196,0.7796896860511181,0.7802349137019406,0.7787757255719258,0.7797104612893617,0.7798552338926426,0.779813144865059,0.7782344202973955,0.7803724758222655,0.7738418630005487,0.7796317925960546
electricity-normalized,vicdemand,45312.0,0.1487,0.0725,0.0,1.0,0.4227,0.4229,0.121,0.1615,0.9041,0.0484,0.0968,0.3069,0.6676,0.2749,0.5013,0.3789,0.6609,5.4029,0.0,MLP,0.7810600205762307,0.7816364562437194,0.7822146993680248,0.7814499249558196,0.7823172263584808,0.7826067006440902,0.7642219825491298,0.7639734619505201,0.7806060610345402,0.783798820088615,0.7822354286444985,0.7819509852555064,0.7829806626166986,0.7822348806435927,0.7836084522233877,0.7820877758347533,0.7796018502106843,0.781963320598668
electricity-normalized,vicdemand,45312.0,0.1487,0.0725,0.0,1.0,0.4227,0.4229,0.121,0.1615,0.9041,0.0484,0.0968,0.3069,0.6676,0.2749,0.5013,0.3789,0.6609,5.4029,0.0,TabNet,0.7797786907522835,0.7803797605780363,0.7807440808100056,0.7794652604531885,0.780948420793392,0.7802354698543786,0.764167023487023,0.7644650485417324,0.7837200202274925,0.7808084043353352,0.7802637296173414,0.7819072931845755,0.7834229269044969,0.7835868357705419,0.7807286781094371,0.7815051934975814,0.7768786161795762,0.7821849348173231
electricity-normalized,vicdemand,45312.0,0.0997,0.069,0.0,1.0,0.4229,0.4229,0.1211,0.1678,0.9308,0.0481,0.0961,0.3088,0.6684,0.2752,0.5018,0.3792,0.6616,5.4085,0.0,MLP,0.7835964338560202,0.7826895062947761,0.7819752505740667,0.7827085105712872,0.7849490758899512,0.7840342434977345,0.7646817588462983,0.7662074552813694,0.7827930489112295,0.7845503331064643,0.7839394166355121,0.7823018537733297,0.7830076786287324,0.7850827541865961,0.7829555476321887,0.7853917230098232,0.7823877298893385,0.7852425603740049
electricity-normalized,vicdemand,45312.0,0.0997,0.069,0.0,1.0,0.4229,0.4229,0.1211,0.1678,0.9308,0.0481,0.0961,0.3088,0.6684,0.2752,0.5018,0.3792,0.6616,5.4085,0.0,TabNet,0.782107285996349,0.7829600726639196,0.7808587715386149,0.781587355478762,0.7832515197238029,0.7836446862186166,0.765427712428051,0.767511521398057,0.7837510001847862,0.7832746578982407,0.7817450837314076,0.7839770627469784,0.7834647228822138,0.7853187661544566,0.7816502143938089,0.7799506196940942,0.781638161495452,0.783908099369548
electricity-normalized,vicdemand,45312.0,0.0482,0.0658,0.0,1.0,0.423,0.4229,0.1211,0.1571,0.9074,0.0487,0.0974,0.308,0.669,0.2736,0.502,0.3774,0.6621,5.4191,0.0,MLP,0.7854110697943435,0.786314193340322,0.7870528896814443,0.7853742755478693,0.7869194579493924,0.7848171423470542,0.766154266057472,0.7667898546404383,0.7848950501005886,0.7858292503198651,0.7867852120893377,0.785693264172737,0.7865178359707501,0.7867439464108332,0.7875293845467892,0.7847805350827493,0.7870904494657829,0.7853194457959026
electricity-normalized,vicdemand,45312.0,0.0482,0.0658,0.0,1.0,0.423,0.4229,0.1211,0.1571,0.9074,0.0487,0.0974,0.308,0.669,0.2736,0.502,0.3774,0.6621,5.4191,0.0,TabNet,0.7821512431406166,0.7855791712036169,0.7857085833170786,0.7828168907031049,0.785280811761543,0.7857219210145263,0.7651290762285913,0.7668027874748955,0.7838060691459146,0.7831345117122074,0.7833126089963368,0.784588510410833,0.784224708503801,0.7837538920837257,0.7846927358347257,0.7825799588288631,0.7820567469929016,0.7835412169829516
german,Age,1000.0,0.488,0.0996,19.0,74.0,34.9395,32.0,11.1991,1.177,0.9809,6.0,13.0,0.0056,0.0335,0.0103,0.031,0.015,0.0447,3.5786,0.0353,MLP,0.6157904380142704,0.6274862215795923,0.6230542440787147,0.6207469031979267,0.6228194629185402,0.6302006328481409,0.6365653938055974,0.632433030561784,0.6241163402332803,0.6274862215795923,0.6274862215795923,0.6254379632478315,0.6235610276318488,0.6246405405768981,0.6275213297794393,0.6023488684338848,0.5998626360145383,0.623696237499644
german,Age,1000.0,0.488,0.0996,19.0,74.0,34.9395,32.0,11.1991,1.177,0.9809,6.0,13.0,0.0056,0.0335,0.0103,0.031,0.015,0.0447,3.5786,0.0353,TabNet,0.6006850433393893,0.6043870486138929,0.6057465158757359,0.5992260726337715,0.6029187298370609,0.6046583841937432,0.6462970699417402,0.6503549274071269,0.6068340552384659,0.6074744843559685,0.6074744843559685,0.6038029859606198,0.6023199508412738,0.6066932854826276,0.601879431090979,0.6191578324420359,0.6099538883087998,0.6010300614220717
german,Age,1000.0,0.464,0.0951,20.0,75.0,35.6567,33.0,11.6185,0.9886,0.3939,7.0,16.0,0.0205,0.0671,0.0149,0.0311,0.0263,0.0438,3.6407,0.0318,MLP,0.6237020305555178,0.6231838349208635,0.6215044008856012,0.6191847238640792,0.6257165417072916,0.6231838349208635,0.6385799584769845,0.6364205695643869,0.6231838349208635,0.6231838349208635,0.6243169689079933,0.6229066469641429,0.6244863457112038,0.6242458072298923,0.6278257666361529,0.5994415287355851,0.6040905223562484,0.6276164121956741
german,Age,1000.0,0.464,0.0951,20.0,75.0,35.6567,33.0,11.6185,0.9886,0.3939,7.0,16.0,0.0205,0.0671,0.0149,0.0311,0.0263,0.0438,3.6407,0.0318,TabNet,0.6140645759698089,0.6218324149897765,0.6184103035891041,0.6053484874844759,0.6095900505964122,0.6151265873086829,0.6660230814403284,0.6569640321141157,0.6171640511572611,0.620408742708586,0.6198412230180776,0.6145911887706065,0.6161020788482323,0.6178130846274555,0.6173641668588585,0.612629606475589,0.6313467011277574,0.6212416211431421
german,Age,1000.0,0.4,0.085,19.0,75.0,35.625,33.0,11.7217,1.0348,0.5804,7.0,16.0,0.019,0.046,0.018,0.0256,0.029,0.0361,3.6428,0.0358,MLP,0.6090282079300838,0.6294070520872073,0.6242604325188255,0.6238243985781851,0.6252263412875988,0.6279023078231925,0.6360358546283249,0.6261072461154378,0.6289348949224077,0.6278999833414798,0.6279023078231925,0.6307742030093908,0.6280975837237224,0.6272760901340636,0.6252654358026571,0.5976023838506557,0.5962557316784273,0.6212119718427552
german,Age,1000.0,0.4,0.085,19.0,75.0,35.625,33.0,11.7217,1.0348,0.5804,7.0,16.0,0.019,0.046,0.018,0.0256,0.029,0.0361,3.6428,0.0358,TabNet,0.6090218803435837,0.6068527516751963,0.6058346367685791,0.6014020205123269,0.6045952817462794,0.6085006555104329,0.6558369165359879,0.6460200790864722,0.6068527516751963,0.6081173098553007,0.6085006555104329,0.5988273217459008,0.6046447241704458,0.607603493060537,0.6085006555104329,0.6022046967947332,0.6054341818211063,0.606689547742825
german,Age,1000.0,0.36,0.0797,19.0,75.0,35.5297,33.0,11.0399,0.9135,0.2903,7.0,15.0,0.0063,0.086,0.0066,0.04,0.0087,0.0598,3.6349,0.036,MLP,0.6207866795271246,0.6306898243076199,0.626492829641224,0.6296327894867106,0.6274979337573008,0.6295832643995233,0.636262128640443,0.6302377622770214,0.6290435645555704,0.6273716079270376,0.6295832643995233,0.6295316106813327,0.6295832643995233,0.6263351438050808,0.6290050025030283,0.5995331837228872,0.5992658556914114,0.6235034577355705
german,Age,1000.0,0.36,0.0797,19.0,75.0,35.5297,33.0,11.0399,0.9135,0.2903,7.0,15.0,0.0063,0.086,0.0066,0.04,0.0087,0.0598,3.6349,0.036,TabNet,0.6107014592561553,0.6099495029140581,0.6081336644714043,0.6060952413628139,0.6101168739510553,0.6046553838120893,0.6664734613747951,0.658228335446162,0.6086030631635307,0.6117907345474001,0.6088816785277987,0.6076449912607143,0.6084314895765152,0.608367861733035,0.6046553838120893,0.6048252797398828,0.6180406184524971,0.6147132162232042
german,Age,1000.0,0.296,0.0753,19.0,75.0,35.3707,33.0,11.11,1.0679,0.8507,7.0,14.0,0.0126,0.044,0.0134,0.0156,0.0213,0.0221,3.627,0.0336,MLP,0.6203650947955366,0.6157360523979949,0.6157360523979949,0.6172604351245481,0.6125609448063223,0.6174791009983693,0.6305064583809357,0.6207152425158642,0.6157360523979949,0.6157360523979949,0.6139661227800017,0.6119477218953918,0.6139661227800017,0.6135434830517679,0.6157360523979949,0.5958776174031586,0.6004572755390296,0.621185718316135
german,Age,1000.0,0.296,0.0753,19.0,75.0,35.3707,33.0,11.11,1.0679,0.8507,7.0,14.0,0.0126,0.044,0.0134,0.0156,0.0213,0.0221,3.627,0.0336,TabNet,0.6168384117679304,0.6129010130395518,0.6114195509915513,0.6141933804547932,0.6105068443050605,0.6130200258684152,0.6439123188160705,0.6632052406496187,0.6114195509915513,0.6092715981379533,0.6117304682124548,0.61210755977293,0.6054140551894143,0.6072858068623948,0.6117304682124548,0.6130318774457326,0.6335154291802112,0.6076421752998633
german,Age,1000.0,0.228,0.0687,19.0,75.0,35.2604,33.0,11.3769,1.0653,0.6679,7.0,14.0,0.0198,0.0412,0.0173,0.0319,0.0268,0.0456,3.6364,0.0289,MLP,0.6062822906374967,0.6282690243962361,0.6189929756714688,0.6214424365390114,0.6202427149726053,0.6272675875456702,0.6301990014404628,0.6237989762582496,0.6217969040306933,0.6282690243962361,0.6282690243962361,0.6251822569034478,0.6288472862927311,0.6215727080533067,0.6251822569034478,0.5991799694427451,0.5936199430641858,0.6151203217719935
german,Age,1000.0,0.228,0.0687,19.0,75.0,35.2604,33.0,11.3769,1.0653,0.6679,7.0,14.0,0.0198,0.0412,0.0173,0.0319,0.0268,0.0456,3.6364,0.0289,TabNet,0.5997565882416126,0.6070292536555191,0.6070292536555191,0.608910971740612,0.6026160699752637,0.611919534934676,0.6642557261121433,0.6606874262238192,0.6070292536555191,0.608670491246212,0.611919534934676,0.610278297343983,0.6134203673931897,0.608757027897258,0.611919534934676,0.6167436959778709,0.6141408450732536,0.608757027897258
german,Age,1000.0,0.217,0.0677,19.0,75.0,35.4278,33.0,11.4038,1.037,0.5826,7.0,14.5,0.03,0.038,0.0136,0.0202,0.0206,0.0297,3.6402,0.029,MLP,0.6244416925970763,0.6163859797747442,0.6160596769243787,0.6244761538165708,0.6138649029160531,0.6171842045355,0.631339936289456,0.6281015630541875,0.6160596769243787,0.6163859797747442,0.6160596769243787,0.6167258400318006,0.6144994678840371,0.6142283959703192,0.6169013930907676,0.593927510954012,0.5984200393456698,0.617821349476619
german,Age,1000.0,0.217,0.0677,19.0,75.0,35.4278,33.0,11.4038,1.037,0.5826,7.0,14.5,0.03,0.038,0.0136,0.0202,0.0206,0.0297,3.6402,0.029,TabNet,0.6061641678873344,0.6082555149053828,0.6072600389526723,0.6132476073407047,0.6147382744220156,0.6124102873270254,0.6688763321212874,0.6634646870811598,0.6078053259540992,0.6082555149053828,0.6129454089512493,0.6085507685476996,0.6121572899733557,0.6071651975380338,0.6103958235581757,0.6103511315964328,0.6044237535270788,0.6028880159121242
german,Age,1000.0,0.131,0.061,19.0,75.0,35.9252,33.0,11.5289,0.9874,0.4781,7.0,15.0,0.0268,0.0386,0.0094,0.0279,0.0149,0.0407,3.6659,0.0297,MLP,0.6243376006600216,0.6177752148984421,0.6160211595708281,0.6274115347582888,0.6170483021090886,0.6172456887166419,0.6264601446906283,0.6209926867351253,0.6177752148984421,0.6177752148984421,0.6177752148984421,0.6206469460141537,0.6188023574367025,0.6193318836185029,0.6173918110546834,0.5961111949404788,0.5948465222805992,0.6179348820758845
german,Age,1000.0,0.131,0.061,19.0,75.0,35.9252,33.0,11.5289,0.9874,0.4781,7.0,15.0,0.0268,0.0386,0.0094,0.0279,0.0149,0.0407,3.6659,0.0297,TabNet,0.6051060067198273,0.6063571737990764,0.6063571737990764,0.6071280103718135,0.60680736275036,0.6063571737990764,0.6343801363741867,0.6339097064708462,0.6063571737990764,0.6063571737990764,0.6063571737990764,0.6047590190253205,0.6058319856407096,0.6063571737990764,0.6058319856407096,0.6180063292756488,0.6073567686076027,0.6057890068004996
german,Age,1000.0,0.103,0.0591,19.0,75.0,35.4147,33.0,11.2051,0.9982,0.5676,7.0,15.0,0.0178,0.0469,0.0073,0.0331,0.0112,0.0471,3.6467,0.0341,MLP,0.621550042658226,0.6180208834503976,0.6157070586756082,0.6152773514553733,0.6134983865888872,0.6185386098884296,0.6276875623981883,0.6264713357331384,0.6185386098884296,0.6180208834503976,0.6185386098884296,0.6180208834503976,0.616809110636562,0.6172750366347539,0.6167845545608156,0.5944143197053073,0.6012461023119735,0.6134446809474928
german,Age,1000.0,0.103,0.0591,19.0,75.0,35.4147,33.0,11.2051,0.9982,0.5676,7.0,15.0,0.0178,0.0469,0.0073,0.0331,0.0112,0.0471,3.6467,0.0341,TabNet,0.6058927527206,0.6062391957517832,0.6057890068004996,0.6047821141030332,0.6062391957517832,0.6057890068004996,0.654525477390032,0.654695761858574,0.6057890068004996,0.6062391957517832,0.6057890068004996,0.6042573075659567,0.6047074965172403,0.6047074965172403,0.6062391957517832,0.6091693749088627,0.6133210743152026,0.6029453768576913
german,Age,1000.0,0.05,0.0558,19.0,75.0,35.5284,33.0,11.3205,1.0158,0.6018,7.0,15.0,0.032,0.046,0.0255,0.0255,0.0363,0.0385,3.6469,0.0322,MLP,0.6142628862324427,0.6201506397090291,0.6226367768765192,0.6223371910294918,0.6215385238015352,0.6201344470315875,0.6387236247656687,0.6386795238592378,0.6201506397090291,0.6201506397090291,0.6201506397090291,0.619632913270997,0.6201506397090291,0.6201506397090291,0.6185307465856129,0.5972611670475355,0.5961111949404788,0.6192286822294487
german,Age,1000.0,0.05,0.0558,19.0,75.0,35.5284,33.0,11.3205,1.0158,0.6018,7.0,15.0,0.032,0.046,0.0255,0.0255,0.0363,0.0385,3.6469,0.0322,TabNet,0.6031177814346275,0.6052413777985416,0.6047159362083834,0.6051133722860056,0.6063571737990764,0.6052413777985416,0.651015301274877,0.6505326615022582,0.6052413777985416,0.6052413777985416,0.6052413777985416,0.6042573075659567,0.6026160699752637,0.6052413777985416,0.6068826153892346,0.6186149422654749,0.6163592577521682,0.6041477692098067
german,Credit_amount,1000.0,0.493,0.9625,250.0,15857.0,3241.927,2221.0,2863.9289,1.9294,3.9271,1036.0,2544.5,0.0206,0.6187,0.0159,0.4771,0.0221,0.6405,6.1766,0.0,MLP,0.6156583103599705,0.6157419197332581,0.6156583103599705,0.6127857902161717,0.6128224713362246,0.6323143954652792,0.6072919312052519,0.6045873113321194,0.6151934985525569,0.6291936942752961,0.6340127079312563,0.609900798916891,0.62641647562358,0.6241217550311934,0.6323143954652792,0.60626620247204,0.5986331078211442,0.6223860344603424
german,Credit_amount,1000.0,0.493,0.9625,250.0,15857.0,3241.927,2221.0,2863.9289,1.9294,3.9271,1036.0,2544.5,0.0206,0.6187,0.0159,0.4771,0.0221,0.6405,6.1766,0.0,TabNet,0.6019541729974229,0.5993147942146106,0.599780625582881,0.6082768476159353,0.6154615926337357,0.616524103050364,0.6296931744156724,0.6281594092319158,0.5940181076894321,0.6202652938829045,0.6197987506078191,0.6009562407817106,0.6189887519053836,0.6209074428983714,0.6150587183123637,0.5952589544038316,0.594336042486928,0.6152863485971185
german,Credit_amount,1000.0,0.447,0.9638,250.0,18424.0,3309.4322,2249.0,2912.7963,1.9705,4.3966,1096.0,2640.0,0.0528,0.66,0.0459,0.4834,0.0688,0.6464,6.2643,0.0,MLP,0.6179172488057375,0.6110126680093092,0.6115665513677596,0.6084381753996526,0.6204163008199217,0.6233312083317468,0.6078916493787336,0.615123316441571,0.6089273373670867,0.6287915258476326,0.6246553957533001,0.6180718079348974,0.6278280516421927,0.6308186817750959,0.6234033427408601,0.6028418082112745,0.6098136666133953,0.6242358629833825
german,Credit_amount,1000.0,0.447,0.9638,250.0,18424.0,3309.4322,2249.0,2912.7963,1.9705,4.3966,1096.0,2640.0,0.0528,0.66,0.0459,0.4834,0.0688,0.6464,6.2643,0.0,TabNet,0.6073225331802465,0.6052045626946441,0.6063920041689524,0.6044273482721563,0.6084585282471575,0.6019389081082729,0.6298760757350146,0.636412046938662,0.604996059411304,0.6071881927500574,0.6019018774830183,0.6106842107341033,0.6032955597465418,0.6092009042277767,0.6019389081082729,0.605860257154822,0.6034079940974489,0.5971555111361455
german,Credit_amount,1000.0,0.411,0.9474,250.0,15857.0,3104.3277,2181.0,2731.2702,2.0508,4.6906,1032.0,2523.0,0.0397,0.6314,0.0419,0.4609,0.0617,0.614,6.3055,0.0,MLP,0.6091688842342906,0.608210655652021,0.6091688842342906,0.612977394296374,0.6171472058265611,0.6208598595428236,0.6177913581195191,0.603914067720142,0.608210655652021,0.6221512685018408,0.6237470296582167,0.608210655652021,0.6207156344622994,0.6224744236977132,0.621990808891786,0.5993859955845884,0.5952455712910698,0.6124578791988345
german,Credit_amount,1000.0,0.411,0.9474,250.0,15857.0,3104.3277,2181.0,2731.2702,2.0508,4.6906,1032.0,2523.0,0.0397,0.6314,0.0419,0.4609,0.0617,0.614,6.3055,0.0,TabNet,0.608217016153607,0.5998208103913669,0.6010323210408431,0.6108602725641852,0.6084334432561006,0.6113354112361421,0.6377859024178456,0.6346713834890625,0.6012360563340426,0.6126159946305605,0.6088293593704146,0.6089405802393012,0.6091558118829341,0.6070423116335041,0.6131163618323714,0.6003981831002423,0.6228736319728013,0.6051558104524163
german,Credit_amount,1000.0,0.342,0.9468,250.0,18424.0,3260.5957,2253.0,2889.2912,1.9788,4.2787,1074.5,2610.25,0.0255,0.6161,0.0031,0.4493,0.0064,0.6063,6.4147,0.0,MLP,0.6100029494513117,0.6126585005343215,0.6095461029632714,0.620979150626821,0.62617417326568,0.6321969657186106,0.6166627163796645,0.6106830958682357,0.6152422323944776,0.6306431910149606,0.6300456339350544,0.6154685889033699,0.6322456339350544,0.6279883463645066,0.6321969657186106,0.6051660386618245,0.5994866737431501,0.6221050810324369
german,Credit_amount,1000.0,0.342,0.9468,250.0,18424.0,3260.5957,2253.0,2889.2912,1.9788,4.2787,1074.5,2610.25,0.0255,0.6161,0.0031,0.4493,0.0064,0.6063,6.4147,0.0,TabNet,0.591337966937341,0.6114483219885045,0.6108365130663942,0.6240344374326956,0.6162110861599577,0.6141724232990937,0.6650176862178712,0.6429004725804168,0.6114483219885045,0.6167650765563918,0.6161871267173606,0.6084856536229528,0.6133025755807534,0.6129226495250573,0.6136042980180354,0.6067318729512072,0.597647826016158,0.6185109866019484
german,Credit_amount,1000.0,0.324,0.9364,276.0,18424.0,3223.892,2319.5,2715.5608,1.8942,4.2107,1120.0,2604.25,0.0193,0.6059,0.0117,0.474,0.0193,0.6315,6.4257,0.0,MLP,0.6342585184845346,0.6169966020888634,0.6209443834232303,0.6114446017001549,0.6207784479623768,0.6244531825670454,0.61770308253095,0.60572705498576,0.6169966020888634,0.6217174810372492,0.6249709090050775,0.6168636623410118,0.6232020975138179,0.6241047550358741,0.6244531825670454,0.6062052913329496,0.6127239272921149,0.6206897970484585
german,Credit_amount,1000.0,0.324,0.9364,276.0,18424.0,3223.892,2319.5,2715.5608,1.8942,4.2107,1120.0,2604.25,0.0193,0.6059,0.0117,0.474,0.0193,0.6315,6.4257,0.0,TabNet,0.6169728833874416,0.6080918345854593,0.6102461759248071,0.604299846188989,0.6105222956636689,0.6098252901616946,0.6372311328609325,0.6505598745284682,0.6102007001793331,0.6125125313651825,0.6103141488056202,0.6113515541353866,0.6125125313651825,0.6123163161825873,0.6114717149734421,0.6082939029421829,0.6126856884630468,0.6059185999961472
german,Credit_amount,1000.0,0.263,0.9444,250.0,18424.0,3317.3446,2279.0,2930.489,1.974,4.272,1070.0,2607.0,0.0381,0.6417,0.0141,0.4865,0.0216,0.6496,6.5248,0.0,MLP,0.6290839785154844,0.6263857190694211,0.6343520205161423,0.6236504195743661,0.6330385191004817,0.6322344609916651,0.636463207421412,0.6389066262231315,0.6311315129439707,0.6313797143121376,0.6307940036371055,0.6286714629127388,0.6328302125429786,0.6323617686050157,0.6322344609916651,0.6124955789995518,0.6157362619125465,0.6299068813025586
german,Credit_amount,1000.0,0.263,0.9444,250.0,18424.0,3317.3446,2279.0,2930.489,1.974,4.272,1070.0,2607.0,0.0381,0.6417,0.0141,0.4865,0.0216,0.6496,6.5248,0.0,TabNet,0.62398493475841,0.6237936891682943,0.6239719826933696,0.6217035847355707,0.6146876865719703,0.6211308622472915,0.663924755444072,0.6541717715843657,0.6237936891682943,0.6199885376598014,0.6194842395479481,0.6224675691912209,0.6214944812214935,0.624917892760825,0.6200868359061171,0.607626666308754,0.6159644184116843,0.6226932504656418
german,Credit_amount,1000.0,0.209,0.9368,250.0,15945.0,3263.2453,2326.0,2791.7041,1.9296,4.1001,1090.0,2586.5,0.0398,0.6448,0.0155,0.466,0.0227,0.6243,6.585,0.0,MLP,0.6171498169459803,0.6178287274976737,0.6176176232256853,0.6155064420109139,0.629425031247743,0.6197519412786018,0.6214270318957674,0.6148662495256895,0.6188926784245611,0.6209740022552751,0.6192871294711881,0.6135524574532346,0.6161222845610304,0.618653743209558,0.6197519412786018,0.6116315613259958,0.6088129205088475,0.6209740022552751
german,Credit_amount,1000.0,0.209,0.9368,250.0,15945.0,3263.2453,2326.0,2791.7041,1.9296,4.1001,1090.0,2586.5,0.0398,0.6448,0.0155,0.466,0.0227,0.6243,6.585,0.0,TabNet,0.6037398595278088,0.5984875164965879,0.6072826550834163,0.5944078546035314,0.6063178871233494,0.608857053820854,0.648532579938226,0.6632868636927539,0.5973205922524061,0.6062034369077407,0.6104982490062407,0.5963004952961721,0.6078843987969571,0.6124403241348415,0.6083211256894925,0.6102759849966134,0.6076074243417631,0.6021297955132924
german,Credit_amount,1000.0,0.15,0.9306,250.0,18424.0,3314.9329,2328.0,2829.1523,1.8912,3.9969,1102.5,2592.25,0.0343,0.6233,0.0279,0.4625,0.0421,0.6211,6.6478,0.0,MLP,0.6269364370550946,0.6261150648248497,0.624584153957565,0.6211455128185628,0.619742464744762,0.6170082345072261,0.6227465483691037,0.6213592083622717,0.6273392944370133,0.6182186945623259,0.6194292275772753,0.6225655007461043,0.6171005499174242,0.6190278898668213,0.6204602875196661,0.610168971565223,0.6065038893377155,0.622178957586062
german,Credit_amount,1000.0,0.15,0.9306,250.0,18424.0,3314.9329,2328.0,2829.1523,1.8912,3.9969,1102.5,2592.25,0.0343,0.6233,0.0279,0.4625,0.0421,0.6211,6.6478,0.0,TabNet,0.6097671253993309,0.6107993269392327,0.6092571868995732,0.6137474581544301,0.6029490136825045,0.6019973829091692,0.6440618828288172,0.6476062589855476,0.6102850506595578,0.6087392616393463,0.6036314970029607,0.6017653180449082,0.6036386204998622,0.6105528884547393,0.6019973829091692,0.6065822912138523,0.605879416622385,0.6087392616393463
german,Credit_amount,1000.0,0.105,0.9274,250.0,15945.0,3237.0648,2319.0,2733.1528,1.8819,3.8913,1088.0,2584.0,0.0432,0.6187,0.0217,0.4639,0.0324,0.6208,6.6938,0.0,MLP,0.6122801080063607,0.6106391727148721,0.6106391727148721,0.6119719855498413,0.6185749005765039,0.615222918653697,0.6221333381793117,0.618391291316654,0.6106391727148721,0.6168186798100732,0.615222918653697,0.6122322013733023,0.6190361939566036,0.6173241271810637,0.615222918653697,0.6086117807054924,0.6009999737852381,0.6168186798100732
german,Credit_amount,1000.0,0.105,0.9274,250.0,15945.0,3237.0648,2319.0,2733.1528,1.8819,3.8913,1088.0,2584.0,0.0432,0.6187,0.0217,0.4639,0.0324,0.6208,6.6938,0.0,TabNet,0.6034075034610449,0.5950481022838914,0.5959545142604329,0.5977922824564963,0.5986219635985629,0.6014156898170347,0.6445859505708404,0.6472182689168264,0.5950481022838914,0.6009649552984293,0.6004513044443041,0.5936689667875907,0.5992566282690418,0.6009649552984293,0.6030965450872623,0.6010745258687131,0.5983758886764364,0.5957311765052713
german,Credit_amount,1000.0,0.06,0.9202,250.0,18424.0,3250.9351,2290.0,2809.5215,1.9569,4.2772,1073.5,2589.25,0.026,0.6323,0.0191,0.4705,0.029,0.6308,6.7325,0.0,MLP,0.6204222694605463,0.6223219958623512,0.6223219958623512,0.6277774799099669,0.6239037291685732,0.6268070230019395,0.6209455352237058,0.6209718858174076,0.6223219958623512,0.6200662566919891,0.6250901533098396,0.6234924187302936,0.6202175042896889,0.6200438419549417,0.6268070230019395,0.6070125673424992,0.6025603398082324,0.6263150855591622
german,Credit_amount,1000.0,0.06,0.9202,250.0,18424.0,3250.9351,2290.0,2809.5215,1.9569,4.2772,1073.5,2589.25,0.026,0.6323,0.0191,0.4705,0.029,0.6308,6.7325,0.0,TabNet,0.6048715369888633,0.6068826153892346,0.6070071791245054,0.6056915667498252,0.6062821745919932,0.6058517264280858,0.6410292240893658,0.6440277433934721,0.6068826153892346,0.606377168018244,0.606377168018244,0.6068826153892346,0.606377168018244,0.606377168018244,0.605326538269719,0.6039815826743771,0.6033797108466501,0.606377168018244
german,Duration,1000.0,0.473,0.055,4.0,60.0,20.9412,18.0,11.8692,1.0767,0.7623,6.0,12.0,0.0108,0.631,0.0074,0.4626,0.0102,0.6222,2.5607,0.1098,MLP,0.6019297588508169,0.61438184624586,0.6132923340712861,0.6067470523653881,0.6124181556789097,0.6175914935101197,0.6138828520203606,0.6097783850943561,0.6133331071127672,0.6159372440292834,0.6159372440292834,0.611890540194853,0.614447129305006,0.6114041184586705,0.6175914935101197,0.6004402242222532,0.5954201505250967,0.6135852015357033
german,Duration,1000.0,0.473,0.055,4.0,60.0,20.9412,18.0,11.8692,1.0767,0.7623,6.0,12.0,0.0108,0.631,0.0074,0.4626,0.0102,0.6222,2.5607,0.1098,TabNet,0.60885558189208,0.5997467063311679,0.5992125802610712,0.6121727506540676,0.6096487159337497,0.6142322152694176,0.6239061111059973,0.623094693778345,0.603892331881116,0.6131972325751442,0.6131972325751442,0.6116312860257369,0.6121604665606284,0.6100396464665789,0.6142322152694176,0.6088808688205255,0.6094132403722167,0.6158178205265277
german,Duration,1000.0,0.464,0.056,4.0,60.0,20.4403,18.0,11.8115,1.1562,1.0126,6.0,12.0,0.0716,0.6053,0.0449,0.4194,0.0631,0.5655,2.6219,0.1085,MLP,0.6054616789479722,0.6334294093939183,0.6344055186964653,0.6036188432181652,0.6148292152720014,0.6244561503396648,0.622816959522962,0.6276643933998528,0.6306521907422022,0.6249860787328423,0.6249860787328423,0.6213723236968673,0.6155921977622634,0.6115679234389986,0.6260239153075751,0.6054136927079545,0.6023226715451813,0.6196632223584868
german,Duration,1000.0,0.464,0.056,4.0,60.0,20.4403,18.0,11.8115,1.1562,1.0126,6.0,12.0,0.0716,0.6053,0.0449,0.4194,0.0631,0.5655,2.6219,0.1085,TabNet,0.6112803592602174,0.6109001010726453,0.6136310998771473,0.6082266717284038,0.6194001754523002,0.61305112325806,0.6400018338688044,0.6352878504257075,0.60925382438643,0.6146308932491202,0.6151668213804817,0.616503246550631,0.6128996440337637,0.6168977819712969,0.61305112325806,0.6110984224593548,0.6097403120403487,0.61305112325806
german,Duration,1000.0,0.394,0.0495,4.0,72.0,20.995,18.0,12.1292,1.1379,1.0799,6.0,12.0,0.0283,0.6121,0.0298,0.4659,0.0423,0.6236,2.6033,0.1092,MLP,0.6193376911510738,0.6202204731184695,0.6202592632517937,0.6042352723500601,0.6179997511575575,0.6205337941652028,0.6138510255060468,0.6169895939590704,0.620651698192478,0.6161300313423209,0.6161300313423209,0.6195703390657411,0.6148468554374513,0.6147872631874705,0.617730585261024,0.615824187153105,0.6055198174141275,0.6182951647807985
german,Duration,1000.0,0.394,0.0495,4.0,72.0,20.995,18.0,12.1292,1.1379,1.0799,6.0,12.0,0.0283,0.6121,0.0298,0.4659,0.0423,0.6236,2.6033,0.1092,TabNet,0.605361156545773,0.6044011414354581,0.603173081792853,0.5994778534195282,0.6130512329239688,0.6089379582588774,0.6355066645588604,0.6276590929039589,0.604880504325839,0.6089379582588774,0.6089379582588774,0.6090102096558037,0.6068893237399435,0.6096960531622161,0.6089379582588774,0.606067469715893,0.6019670280121766,0.6095270802751391
german,Duration,1000.0,0.373,0.0478,4.0,60.0,20.6475,18.0,11.7732,1.0521,0.7309,6.0,12.0,0.0428,0.6262,0.0328,0.4571,0.0464,0.6148,2.5833,0.1091,MLP,0.5950086921238762,0.6026317874635965,0.5990396768588713,0.5964108949388909,0.5996413818858009,0.6106125189425468,0.6208150558454685,0.6099587533590825,0.6008647923795514,0.6094461992619957,0.6106125189425468,0.6095608605855739,0.6030900082068087,0.6040095704482485,0.6100584611617259,0.595411583191405,0.5915436960092505,0.6136406759191119
german,Duration,1000.0,0.373,0.0478,4.0,60.0,20.6475,18.0,11.7732,1.0521,0.7309,6.0,12.0,0.0428,0.6262,0.0328,0.4571,0.0464,0.6148,2.5833,0.1091,TabNet,0.6048487611918433,0.6030777793651737,0.6013929292674751,0.607704865453831,0.6134931223309157,0.6073654652569289,0.6261498119852658,0.6256219846552893,0.6030777793651737,0.6073654652569289,0.6073654652569289,0.6062532094674348,0.606783436238557,0.611840918667188,0.6073654652569289,0.6142864177149199,0.6147188476509037,0.6098935762861346
german,Duration,1000.0,0.284,0.0433,4.0,72.0,21.0209,18.0,12.0342,1.0578,0.9025,6.0,12.0,0.0431,0.6178,0.0224,0.4743,0.032,0.6349,2.6243,0.0984,MLP,0.6061404053521525,0.6111460960235926,0.6157769066927437,0.6077709697170922,0.6152983492247042,0.6149919064297906,0.6259203277187588,0.6047245015462843,0.6111460960235926,0.6202203337016787,0.6202203337016787,0.6094050707571241,0.6122250970744835,0.608259846902919,0.617278444359082,0.6029446134824666,0.5950542445424767,0.6149598339017543
german,Duration,1000.0,0.284,0.0433,4.0,72.0,21.0209,18.0,12.0342,1.0578,0.9025,6.0,12.0,0.0431,0.6178,0.0224,0.4743,0.032,0.6349,2.6243,0.0984,TabNet,0.6056274491498649,0.6024512914944236,0.6048978615153234,0.6015568932659793,0.6076824248311918,0.6062944358764734,0.6452269269636388,0.6366692408587711,0.6043700938896331,0.6057890068004996,0.6057890068004996,0.6050710644319199,0.6050903753469206,0.6034849507465744,0.6062944358764734,0.6023055291290167,0.6037904920130337,0.6071725798133943
german,Duration,1000.0,0.243,0.0396,4.0,60.0,20.6499,18.0,11.737,1.0135,0.5959,6.0,12.0,0.0481,0.5979,0.0295,0.4489,0.0418,0.6026,2.5682,0.1104,MLP,0.6090379699758875,0.6163755877535566,0.622785643585432,0.6062869326562019,0.6127509753568758,0.6173923296380268,0.6263162490990856,0.6274055760190083,0.6179791540589189,0.6205389461411499,0.6205389461411499,0.6154611941191178,0.6122511312283038,0.610338356438808,0.6190335672287198,0.6045712463923891,0.5974154598667397,0.6188522179088766
german,Duration,1000.0,0.243,0.0396,4.0,60.0,20.6499,18.0,11.737,1.0135,0.5959,6.0,12.0,0.0481,0.5979,0.0295,0.4489,0.0418,0.6026,2.5682,0.1104,TabNet,0.6104735722203775,0.5985495777007912,0.5969156053617543,0.6010618976692521,0.6077705288232954,0.6042535716543298,0.6411148973658879,0.6339973576885419,0.5981483800960008,0.6042535716543298,0.6058517264280858,0.6061552769070894,0.6042535716543298,0.6047037606056134,0.6042535716543298,0.6050123593788626,0.6088419122595274,0.6061723740495395
german,Duration,1000.0,0.211,0.0406,4.0,60.0,21.1572,18.0,12.0683,1.0303,0.6379,6.0,12.0,0.0294,0.6247,0.0192,0.476,0.0273,0.6327,2.6098,0.0967,MLP,0.6136446671766957,0.6160246683271596,0.6200103289301232,0.6115876667270058,0.6171680895254256,0.6154759840769228,0.6317752144588761,0.6311439796159766,0.6165246510977411,0.6116506229219133,0.6121932588988174,0.6188371431827142,0.6062156591019429,0.6095508748928576,0.6136925996361402,0.5996505214102559,0.6038277318367794,0.6099689962592217
german,Duration,1000.0,0.211,0.0406,4.0,60.0,21.1572,18.0,12.0683,1.0303,0.6379,6.0,12.0,0.0294,0.6247,0.0192,0.476,0.0273,0.6327,2.6098,0.0967,TabNet,0.6273217110521927,0.6103572372169404,0.6116384973341413,0.6113673575194524,0.6220107044738228,0.6170636710411219,0.6365030272049015,0.6340712201641606,0.6118185939035381,0.6168972660883965,0.617481470600637,0.6154827682516077,0.6133770995807376,0.6126786984186889,0.6162432828025715,0.6127407221102692,0.6050541954865646,0.6173992944915536
german,Duration,1000.0,0.143,0.0385,4.0,72.0,20.8903,18.0,12.0901,1.0823,0.9077,6.0,12.0,0.0356,0.6268,0.0292,0.4739,0.0413,0.6329,2.6179,0.0911,MLP,0.6055931825789569,0.6193710107620283,0.6204823837199158,0.6077618924172671,0.6074949643517754,0.617813109105713,0.6207945620532366,0.6192427973245694,0.6193710107620283,0.6135928842340851,0.6157392919018083,0.6076723424613729,0.6136005025544884,0.6111462786388911,0.6196279322940544,0.6023544276143422,0.5940556891776607,0.6170812849123952
german,Duration,1000.0,0.143,0.0385,4.0,72.0,20.8903,18.0,12.0901,1.0823,0.9077,6.0,12.0,0.0356,0.6268,0.0292,0.4739,0.0413,0.6329,2.6179,0.0911,TabNet,0.6047503363445785,0.6030486324320976,0.6030486324320976,0.6095605672112795,0.6041907480500166,0.6071770858023956,0.6426483439340291,0.6396582481170062,0.6030486324320976,0.6071770858023956,0.6071770858023956,0.6030486324320976,0.6058517264280858,0.605326538269719,0.6071770858023956,0.6111217149035263,0.6131059410760009,0.6082077213317529
german,Duration,1000.0,0.107,0.037,4.0,72.0,20.9877,18.0,12.1438,1.0632,0.7938,6.0,12.0,0.044,0.6176,0.0268,0.4676,0.0387,0.6271,2.6289,0.0912,MLP,0.6217125403739686,0.6223662687323842,0.6257139879896441,0.6193840581265201,0.6188958577539768,0.6192213090159551,0.6278754192920675,0.6237029253673188,0.6257139879896441,0.6167189791710235,0.6192213090159551,0.6257139879896441,0.6167189791710235,0.6161708757914949,0.6192213090159551,0.6051409424254008,0.6014519861180969,0.6157125112877955
german,Duration,1000.0,0.107,0.037,4.0,72.0,20.9877,18.0,12.1438,1.0632,0.7938,6.0,12.0,0.044,0.6176,0.0268,0.4676,0.0387,0.6271,2.6289,0.0912,TabNet,0.6083824455947031,0.6047590190253205,0.6047590190253205,0.605209207976604,0.605166125159667,0.605166125159667,0.6408765522020128,0.6390302231741838,0.6047590190253205,0.6056585423454973,0.6035910654636237,0.6068600361809553,0.605166125159667,0.605166125159667,0.605166125159667,0.6110597195356314,0.6164525116406574,0.6039776870752699
german,Duration,1000.0,0.065,0.0353,4.0,72.0,20.9572,18.0,12.1058,1.0845,0.8638,6.0,12.0,0.0343,0.6229,0.0248,0.4665,0.0361,0.6257,2.6135,0.0914,MLP,0.6132220970340692,0.618520934800492,0.6208500299482833,0.6064767709074629,0.6213232714578327,0.624137571899164,0.6389324120768699,0.6360178091672781,0.6212189367128619,0.622654073549329,0.624137571899164,0.6217113538986923,0.6179954521261266,0.6179954521261266,0.624137571899164,0.6027977336903507,0.6011107479635698,0.6240135651752797
german,Duration,1000.0,0.065,0.0353,4.0,72.0,20.9572,18.0,12.1058,1.0845,0.8638,6.0,12.0,0.0343,0.6229,0.0248,0.4665,0.0361,0.6257,2.6135,0.0914,TabNet,0.6057936828385908,0.6052413777985416,0.6052413777985416,0.6035740740222558,0.6063571737990764,0.6063571737990764,0.6418731748688778,0.6452162344733964,0.6052413777985416,0.6063571737990764,0.6063571737990764,0.6052413777985416,0.6063571737990764,0.6068826153892346,0.6063571737990764,0.6098051603282606,0.6061524699787876,0.6058319856407096
mv,x4,40768.0,0.5022,0.9786,-7.4998,2.4986,-4.4067,-5.7379,3.0188,0.9787,-0.5739,1.0454,4.8566,0.012,0.6969,0.0067,0.4979,0.01,0.6599,9.8881,0.0,MLP,0.9534920454018789,0.9535336512469652,0.9529569925219312,0.9506670859925921,0.9524170756426894,0.9533469644146935,0.9482052318100862,0.9487133357313818,0.9535475238045007,0.9539151523161635,0.9537712362083052,0.9531687010498995,0.9535613990150853,0.9531130168942492,0.9538280110951189,0.9534207761358918,0.9527286533394665,0.9539537429350801
mv,x4,40768.0,0.5022,0.9786,-7.4998,2.4986,-4.4067,-5.7379,3.0188,0.9787,-0.5739,1.0454,4.8566,0.012,0.6969,0.0067,0.4979,0.01,0.6599,9.8881,0.0,TabNet,0.9526586992534775,0.9535031873848615,0.9525178324971244,0.9513424159986523,0.9532494930865194,0.9534530924113805,0.9479514696140776,0.9488727612189295,0.9531302223128253,0.9537018491985805,0.9533745729631433,0.953599317151457,0.953152829687406,0.9528599855488084,0.9536155063378187,0.9540916828816075,0.9526434302533149,0.9530619320644609
mv,x4,40768.0,0.4486,0.9754,-7.4998,2.4981,-4.3983,-5.7258,3.0159,0.9733,-0.5845,1.0518,4.9017,0.0129,0.6968,0.007,0.4971,0.0105,0.66,9.9859,0.0,MLP,0.9541899019450574,0.9539280379701864,0.9537292180192055,0.9529934723388443,0.9525396352565118,0.9542147742321461,0.9497833238848129,0.9496378381738045,0.9544573908045668,0.9540495170990779,0.9540644032077988,0.9541119409333629,0.9538761746636786,0.9538917010517542,0.9546462567687556,0.954303600508169,0.9535808483594457,0.9542034948965291
mv,x4,40768.0,0.4486,0.9754,-7.4998,2.4981,-4.3983,-5.7258,3.0159,0.9733,-0.5845,1.0518,4.9017,0.0129,0.6968,0.007,0.4971,0.0105,0.66,9.9859,0.0,TabNet,0.9524224515453357,0.9548993896834872,0.9541025183807662,0.9527911173661301,0.95262815455754,0.9544838292828108,0.9500806920884318,0.9496531286663897,0.9548191632295698,0.9546046206380678,0.9547604110149595,0.9548638876771448,0.9538888814057782,0.9538973177921987,0.9548546539471037,0.9550219975237877,0.9538185077401236,0.9540112392097125
mv,x4,40768.0,0.4003,0.9735,-7.4998,2.4997,-4.3763,-5.7223,3.0369,0.9679,-0.6052,1.0479,4.9134,0.017,0.7021,0.0123,0.5002,0.0185,0.6635,10.0671,0.0,MLP,0.9546864277218725,0.9548687427922773,0.9539884375912666,0.9525901335431991,0.9538376600098603,0.9546604496016363,0.949982587089641,0.949365864490568,0.9548745732307218,0.9546730544984228,0.9549807212146777,0.9552120707815284,0.9545429919894144,0.955049289210936,0.9551916914729147,0.9546178239431609,0.9541403314231693,0.9548206277209759
mv,x4,40768.0,0.4003,0.9735,-7.4998,2.4997,-4.3763,-5.7223,3.0369,0.9679,-0.6052,1.0479,4.9134,0.017,0.7021,0.0123,0.5002,0.0185,0.6635,10.0671,0.0,TabNet,0.9537116101624132,0.9551030816391293,0.9538778354188593,0.9524369674497907,0.9542598231786072,0.9552645010532467,0.9497122551991624,0.949773959384421,0.9551238539315667,0.955543141587693,0.9554903694640549,0.9548611637176451,0.9545392787931808,0.954466734876318,0.955491909646538,0.9550668553182073,0.9543159601773233,0.9541624937130261
mv,x4,40768.0,0.3508,0.9722,-7.4999,2.4997,-4.3838,-5.7237,3.03,0.9671,-0.6061,1.0515,4.9054,0.0095,0.7007,0.0086,0.5001,0.0128,0.6632,10.1446,0.0,MLP,0.9556589958047368,0.9557306915243133,0.9554400248800836,0.9531623407519315,0.9543746323082815,0.9552403900418467,0.9501735122718415,0.9508885909769672,0.9556460131476248,0.9548288974956242,0.955249536437343,0.955811315312314,0.9553860099719612,0.9551374629824994,0.9550105909439808,0.9555371996772487,0.9550664660504561,0.9555268405185816
mv,x4,40768.0,0.3508,0.9722,-7.4999,2.4997,-4.3838,-5.7237,3.03,0.9671,-0.6061,1.0515,4.9054,0.0095,0.7007,0.0086,0.5001,0.0128,0.6632,10.1446,0.0,TabNet,0.9542006531677488,0.9554319618395442,0.955145925670989,0.9532473133177336,0.9549059728858473,0.9557091934304502,0.9507246612820927,0.9510847073841991,0.9555098697509292,0.9556263379430993,0.9557251638695563,0.9556890109248838,0.9558372604508709,0.9555925911273346,0.9557380173194614,0.9549951295268728,0.9547922425528008,0.9561271923538568
mv,x4,40768.0,0.2996,0.97,-7.4995,2.4997,-4.393,-5.725,3.0207,0.968,-0.5985,1.0549,4.8945,0.0017,0.7003,0.002,0.4998,0.003,0.6629,10.2173,0.0,MLP,0.9562369127466894,0.9567794982859594,0.9562848289124439,0.9553905221480284,0.9559744046190194,0.9563590202249518,0.9521018420720404,0.9521871922830538,0.9567987805451093,0.956602737602561,0.9564994695728607,0.9570163347389524,0.9563782160833425,0.9564540732007374,0.9564696911868469,0.9569035059279004,0.9558305440453181,0.9564822097175429
mv,x4,40768.0,0.2996,0.97,-7.4995,2.4997,-4.393,-5.725,3.0207,0.968,-0.5985,1.0549,4.8945,0.0017,0.7003,0.002,0.4998,0.003,0.6629,10.2173,0.0,TabNet,0.9564615178904631,0.9573684042345272,0.956422533468577,0.9552406936272015,0.9562317979655061,0.9570921020708761,0.9518193858598157,0.9523558371419006,0.9574101348822178,0.9573723959566776,0.9573176178281108,0.9574976091201638,0.9569928784777286,0.9566343592218665,0.9571668830794156,0.9573627074525382,0.9560230010865857,0.9569438049059068
mv,x4,40768.0,0.2494,0.9674,-7.4999,2.4986,-4.3916,-5.7264,3.0267,0.9737,-0.5898,1.0488,4.8851,0.0105,0.7016,0.0075,0.5011,0.0113,0.6644,10.2829,0.0,MLP,0.9576101680941789,0.957723638652394,0.9576748289801849,0.955312515312894,0.9566563758970148,0.9574524921114258,0.9522392617122282,0.9518356502731047,0.957179179766449,0.9574106300639582,0.9570653009998964,0.957887860839444,0.9572911246661918,0.9574929136075457,0.9573630348857549,0.9573830073671494,0.9569253627457488,0.9577964012970032
mv,x4,40768.0,0.2494,0.9674,-7.4999,2.4986,-4.3916,-5.7264,3.0267,0.9737,-0.5898,1.0488,4.8851,0.0105,0.7016,0.0075,0.5011,0.0113,0.6644,10.2829,0.0,TabNet,0.9573027779940575,0.9581576929509199,0.957258763359442,0.9563387058821198,0.9571641673112833,0.9580645854905754,0.9524321701334612,0.9529369876038243,0.9583543919450153,0.9575916936037097,0.9578723192551464,0.9583388237707269,0.9579508406754924,0.9579018123136628,0.9584134308191903,0.9580505353688742,0.9574998140842653,0.9578333627351814
mv,x4,40768.0,0.1998,0.9651,-7.4999,2.4997,-4.3887,-5.7348,3.0319,0.9683,-0.6019,1.0485,4.9129,0.0056,0.7025,0.0054,0.5031,0.008,0.6666,10.3437,0.0,MLP,0.9581275571088227,0.957465259700845,0.9571245888917295,0.9565431651705842,0.9570587136688491,0.9579422261570791,0.9527705432401551,0.953548727123841,0.9577507138023236,0.9574640136814131,0.9573334208485136,0.9575463482850306,0.9574730531718727,0.9575195798135353,0.9573555944222776,0.9576455860781957,0.9580177702792149,0.957516949817381
mv,x4,40768.0,0.1998,0.9651,-7.4999,2.4997,-4.3887,-5.7348,3.0319,0.9683,-0.6019,1.0485,4.9129,0.0056,0.7025,0.0054,0.5031,0.008,0.6666,10.3437,0.0,TabNet,0.9569525685208171,0.9581878620957387,0.957345542727453,0.9567327101001782,0.9575680923086578,0.9581002865804122,0.9533606309300078,0.9539278721945136,0.9580464900260236,0.9579991560518961,0.9582950562380749,0.9578871167690086,0.9576845942338055,0.957749589906327,0.957867461376405,0.9576024547296017,0.9579149090829877,0.9579447530726056
mv,x4,40768.0,0.1519,0.9632,-7.4999,2.4986,-4.4044,-5.7353,3.0232,0.9772,-0.5816,1.0445,4.8764,0.0066,0.7016,0.005,0.5002,0.0076,0.6634,10.3989,0.0,MLP,0.9593741599183707,0.9596732418933607,0.95883143159225,0.9580759490550859,0.9578416420841573,0.9592303179658386,0.9542618991772702,0.9543807627930239,0.9590793405256642,0.959371505165169,0.9594574385317598,0.9598562886096508,0.9594058003401207,0.9588976723854348,0.9593291254530945,0.9587827690649833,0.9586584744906476,0.9592173112677774
mv,x4,40768.0,0.1519,0.9632,-7.4999,2.4986,-4.4044,-5.7353,3.0232,0.9772,-0.5816,1.0445,4.8764,0.0066,0.7016,0.005,0.5002,0.0076,0.6634,10.3989,0.0,TabNet,0.9588047018438374,0.9597807668205499,0.9585239431963647,0.9579392695154021,0.9585466735274674,0.9594675761323894,0.9545307450300319,0.9543250969922041,0.9588297515513645,0.9592417386477756,0.959270562250747,0.9595385438495887,0.9586607117068262,0.9586982282706157,0.9594904299794867,0.9590020470214609,0.9580451337086596,0.9591253465662227
mv,x4,40768.0,0.0996,0.9612,-7.4999,2.4997,-4.3995,-5.7301,3.022,0.9769,-0.5824,1.0444,4.8685,0.0049,0.7013,0.0042,0.4996,0.0063,0.6625,10.456,0.0,MLP,0.9585874344278676,0.9587784477885581,0.9594126422314714,0.9582282195951073,0.958556077428533,0.9592120863802107,0.9543449427079097,0.9546280196799002,0.9589510582798797,0.9591094091199092,0.958813672989301,0.9590081527595229,0.9586038750459146,0.9588248243305416,0.958662332759576,0.9588212139579901,0.9584933706986805,0.9591898915031998
mv,x4,40768.0,0.0996,0.9612,-7.4999,2.4997,-4.3995,-5.7301,3.022,0.9769,-0.5824,1.0444,4.8685,0.0049,0.7013,0.0042,0.4996,0.0063,0.6625,10.456,0.0,TabNet,0.9589308608808972,0.9590047627477734,0.9596213414574909,0.9585463426409749,0.9592160572598554,0.9592528385747712,0.9549085531333856,0.955093072062432,0.9590732042177275,0.9594478737315002,0.9590453562460846,0.959608737200125,0.9590233544137801,0.959149307242011,0.9593124217786516,0.9591619044376,0.9593353609174722,0.9592735558554162
mv,x4,40768.0,0.0473,0.9589,-7.4999,2.4997,-4.3969,-5.7281,3.0216,0.9736,-0.587,1.0507,4.8784,0.0064,0.7001,0.0054,0.4988,0.0081,0.6617,10.5092,0.0,MLP,0.9603299758999863,0.9605106635782772,0.9605180600670704,0.9593482372429082,0.9606278863973378,0.9598124821804096,0.9552461663108356,0.9557531818513838,0.9606072283229854,0.9599269390968789,0.95952632227912,0.9601869297718125,0.9605471263098734,0.9603744320592764,0.9599294570436722,0.9593403462486674,0.9595969097299327,0.9602464918136033
mv,x4,40768.0,0.0473,0.9589,-7.4999,2.4997,-4.3969,-5.7281,3.0216,0.9736,-0.587,1.0507,4.8784,0.0064,0.7001,0.0054,0.4988,0.0081,0.6617,10.5092,0.0,TabNet,0.9600859412447444,0.9605778272649135,0.9606676515454451,0.959597863766433,0.9604897266942573,0.9610306759988994,0.9562953700365451,0.9561765395852408,0.9609525437050396,0.9606274686174175,0.9610463132353054,0.9604696257048234,0.9606688194221126,0.9600527345972091,0.9609207166002329,0.9607732983568374,0.9603440140522511,0.9606925424849964
mv,x5,40768.0,0.4995,0.9954,-0.9998,1.0,-0.0011,0.0054,0.5779,-0.0056,-1.1994,0.5008,1.0038,0.0047,0.005,0.0032,0.0033,0.0048,0.0049,9.9173,0.0,MLP,0.9608743111212885,0.9610685836397311,0.9610035575001117,0.9604635650499032,0.9600385375828844,0.960240770647526,0.9578810333219583,0.9576766864150561,0.9604712562705879,0.9610865362060763,0.9602021290577923,0.9598265272874513,0.9603653194830462,0.96023416321705,0.9603901337690922,0.960941989389193,0.960778966658508,0.960600096182434
mv,x5,40768.0,0.4995,0.9954,-0.9998,1.0,-0.0011,0.0054,0.5779,-0.0056,-1.1994,0.5008,1.0038,0.0047,0.005,0.0032,0.0033,0.0048,0.0049,9.9173,0.0,TabNet,0.9607876944960606,0.960717526558678,0.9606677218562705,0.960348791173459,0.9607686239658424,0.9606152917239686,0.956916450548212,0.9566998206980213,0.9608297089842714,0.9607936092914183,0.960916136557992,0.9608808301572607,0.9608727863854214,0.960957579466429,0.960644674050699,0.960267256166454,0.9605646409616024,0.9605378081368878
mv,x5,40768.0,0.4484,0.9961,-0.9999,0.9999,-0.0054,-0.0063,0.5761,0.0122,-1.1967,0.4971,0.9947,0.0072,0.0125,0.0053,0.0087,0.0079,0.013,10.0153,0.0,MLP,0.9608844226364258,0.9609198150490141,0.9605187152193853,0.9606659708313089,0.9605983473065679,0.9606972064416961,0.9570169996628212,0.9569278769117371,0.9610450955499239,0.9603526115596399,0.9603421323437338,0.9604786679007811,0.9608915834779538,0.9606329078095404,0.9609248669748209,0.960269535402492,0.960085934130845,0.960560670279895
mv,x5,40768.0,0.4484,0.9961,-0.9999,0.9999,-0.0054,-0.0063,0.5761,0.0122,-1.1967,0.4971,0.9947,0.0072,0.0125,0.0053,0.0087,0.0079,0.013,10.0153,0.0,TabNet,0.9607790814130204,0.9609751367572801,0.9608302434492226,0.9609887652633691,0.9610678890292947,0.9609713755136736,0.956893366482941,0.9570345375203047,0.960931521737309,0.9603660367137898,0.9607975642681652,0.9610517308298465,0.9610336636025881,0.9610999482907345,0.9607742778179924,0.9605989606594708,0.9602600403647303,0.960385084385773
mv,x5,40768.0,0.4,0.994,-0.9999,1.0,0.0003,0.0072,0.5762,-0.0117,-1.1924,0.4949,0.9902,0.0019,0.0134,0.0032,0.0072,0.0048,0.0108,10.0966,0.0,MLP,0.96055802416379,0.9606871672558784,0.9606377342902347,0.9607657118923701,0.9606279999398702,0.9606184528959683,0.9572965895401345,0.9565273726891889,0.9608265605450785,0.9610297783672538,0.9606985946701851,0.9604630457913205,0.9607635442782991,0.9608518543335675,0.9604243461624222,0.9604068017051103,0.9602928307725651,0.9605602576401482
mv,x5,40768.0,0.4,0.994,-0.9999,1.0,0.0003,0.0072,0.5762,-0.0117,-1.1924,0.4949,0.9902,0.0019,0.0134,0.0032,0.0072,0.0048,0.0108,10.0966,0.0,TabNet,0.9609345677586336,0.9609166355017766,0.9609344124781467,0.9608036918608532,0.9613198980448685,0.9612070854924194,0.9575311810418637,0.9571234954455081,0.9608729895443119,0.9609132264364192,0.9611649142494214,0.9608284965505999,0.9610204529302214,0.9612309587740523,0.9613723610462116,0.9610698941176945,0.9608082672823773,0.9610993979566165
mv,x5,40768.0,0.3497,0.9945,-0.9999,0.9999,-0.0017,0.0025,0.5768,0.0007,-1.197,0.4988,0.9967,0.0024,0.0041,0.0024,0.0029,0.0036,0.0043,10.1777,0.0,MLP,0.9606614881952701,0.9609178817662898,0.9605544339798153,0.9604875824471929,0.9604991051419178,0.9608576901841885,0.957053968229131,0.9568833726669828,0.9607040307543981,0.9602000285257195,0.9605363692701179,0.9612956538211251,0.9604260813043758,0.9606772763047448,0.9604089970534656,0.9604720935877602,0.9602156266398845,0.9603670720822632
mv,x5,40768.0,0.3497,0.9945,-0.9999,0.9999,-0.0017,0.0025,0.5768,0.0007,-1.197,0.4988,0.9967,0.0024,0.0041,0.0024,0.0029,0.0036,0.0043,10.1777,0.0,TabNet,0.9614651282057466,0.9612646922736188,0.9614673889464412,0.9605673663292862,0.9613392758358187,0.9611514051118384,0.9569309652362326,0.9568545358083478,0.961236209951865,0.9609726973179977,0.9610726012492445,0.9611566837952032,0.9611154388231787,0.961151878649855,0.9607971329678122,0.9605520889246038,0.9607737588392596,0.9610982965303102
mv,x5,40768.0,0.2994,0.9933,-0.9999,1.0,0.0013,0.007,0.5773,-0.0037,-1.198,0.498,0.9977,0.0117,0.013,0.0075,0.0108,0.0113,0.0162,10.2507,0.0,MLP,0.9599286417894227,0.9597868513561689,0.9600727140739905,0.9605856858951787,0.9605857426735465,0.9601307912787557,0.956421189132874,0.9565193129726919,0.960010733654266,0.9600711406608029,0.9597476666854651,0.9601005085802794,0.9602134069556604,0.9598469344361739,0.9597851303063419,0.9603208086685362,0.9601303219668422,0.9603779899530662
mv,x5,40768.0,0.2994,0.9933,-0.9999,1.0,0.0013,0.007,0.5773,-0.0037,-1.198,0.498,0.9977,0.0117,0.013,0.0075,0.0108,0.0113,0.0162,10.2507,0.0,TabNet,0.9608535054746076,0.9606309902850946,0.9606673699459406,0.9600724935516531,0.9611745712671551,0.960791791145061,0.95701390225901,0.9565641109804991,0.96084578966923,0.9606935636060842,0.9608971836267113,0.961172228697987,0.9609158400470117,0.9607916881609982,0.9606294026818313,0.9604959050267755,0.9607846514232017,0.9607416983340197
mv,x5,40768.0,0.253,0.9936,-0.9999,1.0,-0.0037,0.0014,0.5754,0.0017,-1.1934,0.4953,0.9897,0.0063,0.0072,0.004,0.0059,0.006,0.0088,10.3151,0.0,MLP,0.9602180587534406,0.9600786256071365,0.9605060506463945,0.9604243333167255,0.9603078762157566,0.9609590117763206,0.9558770892015946,0.9566709402743544,0.9606410381203759,0.9602706966392872,0.9607961335703545,0.9606305223852405,0.9607127724422135,0.9606352844143782,0.9608024054423223,0.9604870279720392,0.960492480814708,0.9607871792479428
mv,x5,40768.0,0.253,0.9936,-0.9999,1.0,-0.0037,0.0014,0.5754,0.0017,-1.1934,0.4953,0.9897,0.0063,0.0072,0.004,0.0059,0.006,0.0088,10.3151,0.0,TabNet,0.960642945973843,0.9607659775368459,0.9607117965185028,0.9608305957668708,0.9608532290736977,0.9608359959697245,0.9564952260520971,0.9562303997525179,0.9607306015722927,0.9607427140057501,0.9609107066618133,0.9608655875554977,0.9607005439096498,0.9607632660617975,0.9608228181460101,0.9603187960922474,0.9602516669165005,0.9608591600920586
mv,x5,40768.0,0.2018,0.9926,-0.9999,1.0,-0.0019,0.0005,0.5777,-0.0018,-1.2016,0.5013,1.0024,0.003,0.0056,0.0022,0.0045,0.0033,0.0067,10.3799,0.0,MLP,0.9600790645225761,0.9606453111018565,0.960735898690326,0.9606503029986565,0.960836090321433,0.9607118837477668,0.9569704021820609,0.9569246121062747,0.9606490363668149,0.9602693405991097,0.9607753985009408,0.9604928240037671,0.9606892882649514,0.9606098537077692,0.9609052661916325,0.9604423822415047,0.9600224272039045,0.9610838360387544
mv,x5,40768.0,0.2018,0.9926,-0.9999,1.0,-0.0019,0.0005,0.5777,-0.0018,-1.2016,0.5013,1.0024,0.003,0.0056,0.0022,0.0045,0.0033,0.0067,10.3799,0.0,TabNet,0.961027104717727,0.9608556600370356,0.9609927595752298,0.9610004334805262,0.9606273442091251,0.9607356736718624,0.9566434336975269,0.9565153905636704,0.9607341059297201,0.9609196569797942,0.960710331375807,0.961013378560734,0.960639984512858,0.9605291595236426,0.9605845672538279,0.9607036606986714,0.9604697243312933,0.9607806304767228
mv,x5,40768.0,0.1514,0.9918,-0.9999,1.0,-0.001,0.0038,0.5771,-0.0016,-1.1981,0.4985,0.9975,0.0074,0.0075,0.0047,0.0052,0.007,0.0078,10.4402,0.0,MLP,0.9605680034542168,0.9603849348705977,0.9601996282873653,0.9609054429709973,0.9606736945473422,0.9608308538684056,0.9570089731993472,0.9570659044287804,0.9609376373230581,0.9604662817997015,0.9604651058569631,0.9605063653901337,0.9604696749986874,0.9609019617777275,0.9605283694343992,0.9607849461945113,0.9600321798812528,0.9605296317033233
mv,x5,40768.0,0.1514,0.9918,-0.9999,1.0,-0.001,0.0038,0.5771,-0.0016,-1.1981,0.4985,0.9975,0.0074,0.0075,0.0047,0.0052,0.007,0.0078,10.4402,0.0,TabNet,0.961390781371088,0.9613203163927476,0.961182658888733,0.9609796595869385,0.9613761681533761,0.9614018995775556,0.9563030899909606,0.9564537379228255,0.9610933014002989,0.9609800916550206,0.9613566610002001,0.961436904298473,0.9614397078789085,0.9613435270665103,0.9615658404094909,0.9608140837939065,0.9603942008638806,0.96121317837781
mv,x5,40768.0,0.0985,0.992,-0.9999,1.0,-0.002,0.003,0.5778,-0.0024,-1.2028,0.5004,1.0015,0.0046,0.0096,0.0043,0.0055,0.0064,0.0083,10.5009,0.0,MLP,0.9609448154321933,0.9608215725778579,0.961129865142133,0.9610679796974823,0.9611169851223057,0.9611912164838681,0.9568980079858006,0.957208649748232,0.960852449699277,0.9609685395380902,0.9609760993382612,0.9613079311779882,0.9609415603312539,0.9609981657368608,0.9607764502460736,0.9605968822787323,0.960503417247242,0.9608710929284748
mv,x5,40768.0,0.0985,0.992,-0.9999,1.0,-0.002,0.003,0.5778,-0.0024,-1.2028,0.5004,1.0015,0.0046,0.0096,0.0043,0.0055,0.0064,0.0083,10.5009,0.0,TabNet,0.9612142888179274,0.9610246196699075,0.9610364273202046,0.9610511368289056,0.9614028724973206,0.9614860409992327,0.956797143932296,0.9568376571623848,0.9612352031777347,0.9609624623826836,0.9613652111948426,0.9614755344260643,0.9613522065285195,0.9611927589463836,0.9614809253108942,0.9606333221500108,0.9609440678780177,0.9614442592081629
mv,x5,40768.0,0.0504,0.9912,-0.9999,1.0,-0.0008,0.0034,0.5768,-0.0021,-1.1978,0.4988,0.9977,0.0051,0.0054,0.0033,0.0046,0.005,0.0069,10.5518,0.0,MLP,0.9610970929275227,0.9606900393141051,0.9607909135869527,0.9610912569515915,0.961140344545438,0.9607726151504381,0.956776488057908,0.9569731106439578,0.9607905384757038,0.9607919248853832,0.9605728337148267,0.960878096041638,0.9610774777573379,0.9611575259684779,0.9610104027986959,0.9608317147476088,0.9605275749920711,0.9610793933882986
mv,x5,40768.0,0.0504,0.9912,-0.9999,1.0,-0.0008,0.0034,0.5768,-0.0021,-1.1978,0.4988,0.9977,0.0051,0.0054,0.0033,0.0046,0.005,0.0069,10.5518,0.0,TabNet,0.9611571238072716,0.9610507630355826,0.9608386131103958,0.9614065216506535,0.9608862925839742,0.960971197168894,0.9564410036238455,0.9564894759483172,0.9609154245865832,0.9609322279925694,0.9610836315119593,0.961571012158654,0.9610876653679593,0.9608236040610459,0.9609313168867919,0.9607533841575631,0.9605808118868127,0.9613232893379567
mv,x6,40768.0,0.5027,0.9878,-37.3515,11.8705,-11.0304,-9.1693,10.8496,-0.3192,-0.9624,8.5387,18.3596,0.0102,0.7055,0.0059,0.5063,0.0088,0.6704,9.9001,0.0,MLP,0.8940489452422491,0.895772102515695,0.8947177476279873,0.8552434434355137,0.8923033395589276,0.8962620206379257,0.8943525779226076,0.8926534739036474,0.894948673322006,0.8964605771069599,0.8964860051730197,0.8950331985516404,0.8961322033047519,0.8963343108788273,0.896274973679368,0.8958193413220197,0.8768233116209851,0.8957155794906524
mv,x6,40768.0,0.5027,0.9878,-37.3515,11.8705,-11.0304,-9.1693,10.8496,-0.3192,-0.9624,8.5387,18.3596,0.0102,0.7055,0.0059,0.5063,0.0088,0.6704,9.9001,0.0,TabNet,0.8930980616822964,0.8963432040591055,0.8950620333422683,0.8567335616089471,0.8918734530970323,0.8956564684593722,0.8938609953871013,0.8932928449955707,0.8950357849253004,0.8955762741831638,0.8959013255484218,0.895494621473788,0.896087940808974,0.8959238165181593,0.8959795010104776,0.8962587418694357,0.8762632651407412,0.8957391512430106
mv,x6,40768.0,0.447,0.9866,-37.3515,12.0442,-11.0262,-9.1697,10.7794,-0.3288,-0.9366,8.4667,18.1699,0.0099,0.6979,0.0066,0.4974,0.0098,0.6598,10.0046,0.0,MLP,0.904553759393292,0.9065651561764306,0.9049101739199638,0.8699535800176198,0.9031572980718107,0.9063607593603925,0.9042238378166577,0.9036099684664951,0.9064505616507899,0.9063630247510817,0.9063011791979303,0.906260994413883,0.9063754447633864,0.9068050113364338,0.906300848799134,0.9066719699924444,0.889995998002245,0.9064240608023544
mv,x6,40768.0,0.447,0.9866,-37.3515,12.0442,-11.0262,-9.1697,10.7794,-0.3288,-0.9366,8.4667,18.1699,0.0099,0.6979,0.0066,0.4974,0.0098,0.6598,10.0046,0.0,TabNet,0.9040833391309662,0.9066417096486759,0.9044017886123489,0.8684735973533725,0.9028332586166784,0.9061709043231705,0.9037190631016989,0.9034914531679594,0.9059710479006062,0.9059302158299082,0.9055414592352107,0.9056387897444287,0.9059407202043279,0.9057983243613719,0.9060917717468691,0.9067740200352861,0.8896901416266589,0.9060232918069081
mv,x6,40768.0,0.3996,0.9843,-37.2849,12.3802,-11.0473,-9.1817,10.8066,-0.3274,-0.941,8.4729,18.197,0.0017,0.6987,0.0006,0.4981,0.001,0.6606,10.0836,0.0,MLP,0.9057628396076205,0.9081342218918271,0.9067837697863905,0.87730898515608,0.9047209824756455,0.9082744329480912,0.90513311600261,0.9044353982206771,0.9075846902413884,0.9084859310183844,0.9084236990086655,0.9076402792803526,0.9080031331716497,0.908269769523153,0.9082434412895253,0.9079055779400844,0.8918975683437871,0.9086298810020342
mv,x6,40768.0,0.3996,0.9843,-37.2849,12.3802,-11.0473,-9.1817,10.8066,-0.3274,-0.941,8.4729,18.197,0.0017,0.6987,0.0006,0.4981,0.001,0.6606,10.0836,0.0,TabNet,0.9052229775324909,0.9083047621249246,0.9063984274772847,0.8757906323398351,0.9051079035474547,0.9072508532614063,0.9055559266866737,0.9050580383544425,0.9077816957895289,0.907658605091234,0.9077970943101094,0.9075595891460915,0.9074649810420435,0.9076480673189676,0.9076527106779511,0.9075217884144863,0.8926881205820347,0.9075565836026602
mv,x6,40768.0,0.3465,0.985,-37.2849,12.3802,-11.0733,-9.2894,10.7908,-0.3201,-0.947,8.4959,18.1753,0.0054,0.7002,0.0035,0.4986,0.0052,0.6612,10.1691,0.0,MLP,0.9128931035936934,0.9156255738876437,0.914077926802851,0.8899311801636363,0.9126841566294106,0.9157276758616939,0.9126697550820695,0.9128566918961613,0.915738396642638,0.9162121225631042,0.9159731850928259,0.9154361991920835,0.9161943679479585,0.916017294388056,0.915997383329636,0.9160405671327091,0.9008174898252107,0.9159919359750012
mv,x6,40768.0,0.3465,0.985,-37.2849,12.3802,-11.0733,-9.2894,10.7908,-0.3201,-0.947,8.4959,18.1753,0.0054,0.7002,0.0035,0.4986,0.0052,0.6612,10.1691,0.0,TabNet,0.912920471405535,0.9164513276680579,0.9139633436097582,0.8888143329751147,0.9128030444772908,0.9160999186538044,0.9127333884570095,0.912482711695251,0.915736758660112,0.9158448570376061,0.9162136997771243,0.9162970503793637,0.9160242744159803,0.9158415336820535,0.9154995446414023,0.9164245423609043,0.9006008847409617,0.9160066122017547
mv,x6,40768.0,0.3022,0.9837,-37.3515,12.114,-11.026,-9.2138,10.7955,-0.319,-0.9459,8.5124,18.2197,0.0069,0.7014,0.0044,0.4992,0.0065,0.6622,10.233,0.0,MLP,0.9195679962904925,0.9219230979198718,0.9198549590089964,0.8955388206991368,0.918854038329115,0.921849663201961,0.9189980205256135,0.9186418684442218,0.921538078454872,0.9217196807376415,0.9218353863902078,0.9210261625173591,0.9213492629123963,0.921410071224211,0.9214963443884713,0.9212891287255438,0.9083380261903119,0.9218213693302543
mv,x6,40768.0,0.3022,0.9837,-37.3515,12.114,-11.026,-9.2138,10.7955,-0.319,-0.9459,8.5124,18.2197,0.0069,0.7014,0.0044,0.4992,0.0065,0.6622,10.233,0.0,TabNet,0.9192522259867697,0.9225074029991505,0.9195173876012939,0.8968740568430615,0.9186497006775092,0.9222822438479904,0.9188712611154349,0.9183052075138053,0.9224835716639785,0.9221172443956667,0.921894030299281,0.9217366827105982,0.9213238867215037,0.9216244751784364,0.9219438208159186,0.9222200603887167,0.9081447897042245,0.9222342333644791
mv,x6,40768.0,0.246,0.983,-37.2849,12.3802,-10.9847,-9.1721,10.7898,-0.3232,-0.9405,8.47,18.1455,0.005,0.7015,0.0033,0.4996,0.0049,0.6624,10.3095,0.0,MLP,0.9269509104237139,0.9295261237923463,0.9288406284525298,0.9072725389117853,0.9282005861874849,0.929665074911751,0.9270769836441851,0.9268449168206999,0.9301086056937595,0.9296295938414032,0.929699243996738,0.9294831920803703,0.9296798609077145,0.9297901460793488,0.9295555195594425,0.9290620279828513,0.9171060394940944,0.9294697134855512
mv,x6,40768.0,0.246,0.983,-37.2849,12.3802,-10.9847,-9.1721,10.7898,-0.3232,-0.9405,8.47,18.1455,0.005,0.7015,0.0033,0.4996,0.0049,0.6624,10.3095,0.0,TabNet,0.9270093757640296,0.9301258922721941,0.9284394594234128,0.9088716100214589,0.9283216208295034,0.9305667748036359,0.9268982204554559,0.9268995810274164,0.9300677464379303,0.9305624092986583,0.9306186750241303,0.9298055912745073,0.9305996746056181,0.9299599663585717,0.9299418140813274,0.9299324559226003,0.9171523923484698,0.9303155529407329
mv,x6,40768.0,0.1982,0.9815,-37.3515,12.3802,-11.0199,-9.1493,10.8042,-0.3283,-0.9424,8.4566,18.2007,0.0059,0.7005,0.004,0.5003,0.0059,0.6631,10.3689,0.0,MLP,0.9312417549000829,0.9340557870955537,0.9316290612138028,0.915980382302252,0.9313117536287249,0.9334449124801583,0.9312651048060154,0.9301135597888168,0.9342024624102717,0.9335755779135012,0.9336606299742488,0.9334684360457626,0.9332298601784126,0.9336473516788505,0.933740826484579,0.9338108574732904,0.9239333065491675,0.9341695423142189
mv,x6,40768.0,0.1982,0.9815,-37.3515,12.3802,-11.0199,-9.1493,10.8042,-0.3283,-0.9424,8.4566,18.2007,0.0059,0.7005,0.004,0.5003,0.0059,0.6631,10.3689,0.0,TabNet,0.9297649015423948,0.9338277681219411,0.9322236464443547,0.9146905395319845,0.9319740220396935,0.9336159337412984,0.930406108902402,0.9302162449137862,0.934151196935467,0.9334573764233602,0.9336894043245725,0.933483191291831,0.9332218676437943,0.9335481786754544,0.9336848302711953,0.9333637959259451,0.9234845526117881,0.9338899212119197
mv,x6,40768.0,0.1497,0.9797,-37.3515,12.3802,-11.0772,-9.2687,10.8119,-0.3193,-0.9495,8.5289,18.2604,0.0034,0.7001,0.0023,0.498,0.0035,0.6608,10.425,0.0,MLP,0.9390609542303372,0.9418591504277853,0.9400010912034485,0.9279532048855861,0.9419242210482619,0.9419568778940433,0.9380698756566863,0.9377648055251736,0.9411713268704852,0.9419570552874278,0.9418865191307237,0.9409752006038222,0.9415424793804013,0.9413221304742361,0.9412189925386165,0.9417237141778795,0.9353210880313145,0.9417562810261572
mv,x6,40768.0,0.1497,0.9797,-37.3515,12.3802,-11.0772,-9.2687,10.8119,-0.3193,-0.9495,8.5289,18.2604,0.0034,0.7001,0.0023,0.498,0.0035,0.6608,10.425,0.0,TabNet,0.9387641665954954,0.9424115810193303,0.9410791948675976,0.9285447845241921,0.9413753788810569,0.9422293859056659,0.9380906692660965,0.9381125280352154,0.942083985045187,0.9425289045240928,0.9425422790456544,0.9417642016171901,0.9420462266271503,0.9418623807337398,0.9425111049926721,0.9418710415506681,0.935416095182275,0.9425744147700863
mv,x6,40768.0,0.0991,0.9791,-37.3515,12.3802,-11.038,-9.1955,10.7944,-0.3214,-0.9442,8.476,18.2121,0.0075,0.7004,0.0047,0.4985,0.0071,0.6613,10.482,0.0,MLP,0.9431115463261129,0.9469814822140689,0.94614694832633,0.9377550721995569,0.9455106409304289,0.9463099511136099,0.9430887337720975,0.9428755072272044,0.9467828636136253,0.9465274542290663,0.9461014307125754,0.9462260131709238,0.9464155838857012,0.9468478467762524,0.9456865909684722,0.9470755376551341,0.940172603610633,0.9461104107025734
