name,column_name,n_tuples,missing_perc,constancy,imbalance,uniqueness,unalikeability,entropy,density,mean_char,std_char,skewness_char,kurtosis_char,min_char,max_char,ml_method,impute_standard,impute_mode,impute_random,impute_knn,impute_mice,impute_logistic_regression,impute_random_forest,impute_kproto
abalone,'Sex',4177.0,0.5008,0.3679,1.2451,0.0014,0.6643,1.0946,1.0475,1.0,0.0,nan,nan,1.0,1.0,MLP,0.21458980365155944,0.2217430247258242,0.21410665964664616,0.22201956014587454,0.22201956014587454,0.22010938114332151,0.22641738430253985,0.2217430247258242,0.2217430247258242,0.224015364870619,0.22219523114349238,0.2152812369222085,0.22271782548050517
abalone,'Sex',4177.0,0.5008,0.3679,1.2451,0.0014,0.6643,1.0946,1.0475,1.0,0.0,nan,nan,1.0,1.0,TabNet,0.2033426567578975,0.20218837200325332,0.20457125173058915,0.21348729842750286,0.21348729842750286,0.21555414685432256,0.21907007433702766,0.20218837200325332,0.20218837200325332,0.2116242572630652,0.2090638350757038,0.2101416984506545,0.2131450622708452
abalone,'Sex',4177.0,0.4508,0.3583,1.123,0.0013,0.666,1.0972,1.0207,1.0,0.0,nan,nan,1.0,1.0,MLP,0.223796717785041,0.22726840813469287,0.2276508362698732,0.22773326544102993,0.22938815502408416,0.22796912895797472,0.2249708668040659,0.22726840813469287,0.22726840813469287,0.226622178059028,0.22664406902960582,0.21765972413351675,0.22879112799590962
abalone,'Sex',4177.0,0.4508,0.3583,1.123,0.0013,0.666,1.0972,1.0207,1.0,0.0,nan,nan,1.0,1.0,TabNet,0.21389487033921561,0.21325879721087662,0.2176809359071972,0.2282736384476546,0.22439968494428764,0.22225782615320885,0.21162805245696292,0.21325879721087662,0.21325879721087662,0.22672244965468785,0.2116587195856231,0.21634388690882372,0.22494008853080252
abalone,'Sex',4177.0,0.4008,0.3532,1.0941,0.0012,0.6663,1.0977,1.6867,1.0,0.0,nan,nan,1.0,1.0,MLP,0.2140809529049876,0.20990804376531413,0.21530924554383485,0.21034350403707275,0.20874638456373257,0.22001296935174205,0.21992044119562726,0.20990804376531413,0.20990804376531413,0.2188479116837733,0.22440356077416054,0.212397691775944,0.2225036354360876
abalone,'Sex',4177.0,0.4008,0.3532,1.0941,0.0012,0.6663,1.0977,1.6867,1.0,0.0,nan,nan,1.0,1.0,TabNet,0.19460349930180657,0.21277410984962825,0.20902797768340042,0.21305098765218228,0.211975005215097,0.22592898524153204,0.20735496571778642,0.21277410984962825,0.21277410984962825,0.2035392297878693,0.21888195054630788,0.21321835437524161,0.21227022195399722
abalone,'Sex',4177.0,0.3538,0.3649,1.1712,0.0011,0.6653,1.0963,11.3404,1.0,0.0,nan,nan,1.0,1.0,MLP,0.22253863120250944,0.22349051612149004,0.21586040851241406,0.21894513069438273,0.21894513069438273,0.22219293559677883,0.22204131869362387,0.22349051612149004,0.22349051612149004,0.22144141867203293,0.22457869802017252,0.2144256368506261,0.22153059763539146
abalone,'Sex',4177.0,0.3538,0.3649,1.1712,0.0011,0.6653,1.0963,11.3404,1.0,0.0,nan,nan,1.0,1.0,TabNet,0.2003526437341248,0.20479828680702178,0.2135950964181809,0.20797710312147555,0.20797710312147555,0.21082829737881403,0.21323916519728625,0.20479828680702178,0.20479828680702178,0.20980534683986996,0.20585022363398162,0.21132731848571593,0.20432383399178
abalone,'Sex',4177.0,0.3,0.3666,1.1665,0.001,0.6652,1.0961,11.4165,1.0,0.0,nan,nan,1.0,1.0,MLP,0.2146341471792148,0.2199863291272533,0.21809521773903864,0.2181779829243939,0.2181779829243939,0.2175727052268686,0.21955661675004706,0.2199863291272533,0.2199863291272533,0.21898242561673345,0.2178020271760745,0.21604063585702,0.21382987868119624
abalone,'Sex',4177.0,0.3,0.3666,1.1665,0.001,0.6652,1.0961,11.4165,1.0,0.0,nan,nan,1.0,1.0,TabNet,0.20724783286203968,0.20424135014185685,0.20286811141109232,0.22135573926646215,0.22135573926646215,0.2169389424996368,0.2171680527946756,0.20424135014185685,0.20424135014185685,0.2157490320139008,0.21340867501215535,0.21452054551247485,0.22037090229761996
abalone,'Sex',4177.0,0.2559,0.3668,1.1789,0.001,0.6651,1.096,4.2026,1.0,0.0,nan,nan,1.0,1.0,MLP,0.2216671457355548,0.22053092168475963,0.21967822155644653,0.22078631135098303,0.22078631135098303,0.22803770342366753,0.23119692216191062,0.22053092168475963,0.22053092168475963,0.22664489502551793,0.2271722325692157,0.22358296890284546,0.23002893098013766
abalone,'Sex',4177.0,0.2559,0.3668,1.1789,0.001,0.6651,1.096,4.2026,1.0,0.0,nan,nan,1.0,1.0,TabNet,0.19829952245027618,0.21673580249615432,0.21860887949309432,0.22847860245810261,0.22847860245810261,0.22873658042409145,0.22666028034618077,0.21673580249615432,0.21673580249615432,0.22196869065017424,0.23099530440014318,0.21408066274099305,0.22690691946367894
abalone,'Sex',4177.0,0.1987,0.366,1.1745,0.0009,0.6652,1.0962,1.8813,1.0,0.0,nan,nan,1.0,1.0,MLP,0.2146211761160462,0.22177507789468964,0.2166900284646469,0.22621188511804416,0.22621188511804416,0.22633824571790784,0.2305746906029132,0.22177507789468964,0.22177507789468964,0.23006482906129566,0.2285230475597954,0.22372459614938836,0.22633824571790784
abalone,'Sex',4177.0,0.1987,0.366,1.1745,0.0009,0.6652,1.0962,1.8813,1.0,0.0,nan,nan,1.0,1.0,TabNet,0.20759269707458305,0.22024052541838152,0.2232843871036866,0.22315339852093252,0.22315339852093252,0.23072709490677137,0.2191381852988391,0.22024052541838152,0.22024052541838152,0.2185907454040123,0.22371938509798442,0.21585620443983833,0.23072709490677137
abalone,'Sex',4177.0,0.1523,0.3652,1.1659,0.0008,0.6653,1.0963,1.3306,1.0,0.0,nan,nan,1.0,1.0,MLP,0.21767344216256213,0.21542742410853544,0.21571530185378546,0.2149888079267951,0.2149888079267951,0.2254546322568298,0.21950169755397178,0.21542742410853544,0.21542742410853544,0.21939564406404086,0.21943822744751837,0.22075701454296556,0.22609376139596216
abalone,'Sex',4177.0,0.1523,0.3652,1.1659,0.0008,0.6653,1.0963,1.3306,1.0,0.0,nan,nan,1.0,1.0,TabNet,0.21293542834427148,0.21539004918558918,0.21016600883799297,0.22116062221043042,0.22116062221043042,0.22881785869708282,0.21185458546494007,0.21539004918558918,0.21539004918558918,0.22329141820226492,0.22716442272457973,0.21787969138132357,0.2119192745824784
abalone,'Sex',4177.0,0.0955,0.3637,1.1704,0.0008,0.6654,1.0964,2.1112,1.0,0.0,nan,nan,1.0,1.0,MLP,0.21987206014340194,0.21736879405325207,0.21626858514564706,0.21989043727628346,0.21989043727628346,0.22052279493302834,0.22166998671373558,0.21736879405325207,0.21736879405325207,0.22146518183531555,0.22285690831575816,0.21825676460075086,0.22117706459562492
abalone,'Sex',4177.0,0.0955,0.3637,1.1704,0.0008,0.6654,1.0964,2.1112,1.0,0.0,nan,nan,1.0,1.0,TabNet,0.20658371641959894,0.21692515000208482,0.2161450534811273,0.22085133354291311,0.22085133354291311,0.21435776078247765,0.22042831622755554,0.21692515000208482,0.21692515000208482,0.21311269134474325,0.21475721522209307,0.21744662604188655,0.2162584043105167
abalone,'Sex',4177.0,0.0522,0.365,1.1588,0.0008,0.6653,1.0964,11.366,1.0,0.0,nan,nan,1.0,1.0,MLP,0.21964597038733524,0.22035298586611063,0.22398879026393945,0.22223027087544941,0.22223027087544941,0.22775456227315255,0.2181009087207037,0.22083752747342597,0.22035298586611063,0.2214884585301754,0.22155284315610044,0.2224768355166323,0.22775456227315255
abalone,'Sex',4177.0,0.0522,0.365,1.1588,0.0008,0.6653,1.0964,11.366,1.0,0.0,nan,nan,1.0,1.0,TabNet,0.2003268729994674,0.21876445919829562,0.22471259163755103,0.2254076903900984,0.2254076903900984,0.22809622996560552,0.22005917838902012,0.2192149747520149,0.21876445919829562,0.21769147469957212,0.21757670508531143,0.22140625319312296,0.22809622996560552
BachChoralHarmony,V1,5665.0,0.4893,0.0418,6.3684,0.0207,0.9811,4.025,0.0022,8.0,0.0,nan,nan,8.0,8.0,MLP,0.4169050953832175,0.41786045054230325,0.39769538496365636,0.16516070062413046,0.39781509471297516,0.21762134349260298,0.16194822566051906,0.41786045054230325,0.4179308665613879,0.4136590347026776,0.39455040963273486,0.417414767904889,0.41619914020915993
BachChoralHarmony,V1,5665.0,0.4893,0.0418,6.3684,0.0207,0.9811,4.025,0.0022,8.0,0.0,nan,nan,8.0,8.0,TabNet,0.39035439703930574,0.39508294882440204,0.3759878247723813,0.1611055114718547,0.3771641683120073,0.2131725395919794,0.15512827376622057,0.39508294882440204,0.38950178592728835,0.39347323594085454,0.3734276682933877,0.39425262598247574,0.39179838748725293
BachChoralHarmony,V1,5665.0,0.4401,0.0325,5.15,0.0189,0.9815,4.0348,0.0075,8.0,0.0,nan,nan,8.0,8.0,MLP,0.43065020024706924,0.4379844390600056,0.39955567340679254,0.1686460617725925,0.41442546350911835,0.22574069377101386,0.1583054492695537,0.4379844390600056,0.4332082626111087,0.4251023442080652,0.40406293220516487,0.43457052248294903,0.41687993414073615
BachChoralHarmony,V1,5665.0,0.4401,0.0325,5.15,0.0189,0.9815,4.0348,0.0075,8.0,0.0,nan,nan,8.0,8.0,TabNet,0.41529541820724564,0.41191217452501894,0.36917279877571835,0.16712236679471848,0.39425939069564003,0.2210761852234118,0.153829641337407,0.41191217452501894,0.4064350237870278,0.40636544825834403,0.38117204742821176,0.4111925210369107,0.3925603096876167
BachChoralHarmony,V1,5665.0,0.4018,0.0348,4.5385,0.0177,0.9815,4.036,0.0037,8.0,0.0,nan,nan,8.0,8.0,MLP,0.4380056569853744,0.4407461036370974,0.4066138338301904,0.18201046971471205,0.4169230345712681,0.21589382223255554,0.17129159956445583,0.4407461036370974,0.43640664215518304,0.4366951160579932,0.41992547059313334,0.4399089640551946,0.43636247733047095
BachChoralHarmony,V1,5665.0,0.4018,0.0348,4.5385,0.0177,0.9815,4.036,0.0037,8.0,0.0,nan,nan,8.0,8.0,TabNet,0.4244272061722474,0.41354904451593766,0.3779683796138713,0.178698701268373,0.39985881443089777,0.21566360977113974,0.17085727784835242,0.41354904451593766,0.411048896641501,0.4079033995429048,0.3945936991342218,0.4122762058962274,0.4039883057625062
BachChoralHarmony,V1,5665.0,0.3569,0.0393,5.72,0.0165,0.9812,4.0289,0.0025,8.0,0.0,nan,nan,8.0,8.0,MLP,0.4433422657019307,0.4502754740889896,0.42592082700035594,0.17816195303786597,0.4270040148970761,0.21954365862576022,0.1709714514401199,0.4502754740889896,0.4447007329000201,0.44125637662450967,0.41914996113044733,0.447438069688942,0.4412128099773819
BachChoralHarmony,V1,5665.0,0.3569,0.0393,5.72,0.0165,0.9812,4.0289,0.0025,8.0,0.0,nan,nan,8.0,8.0,TabNet,0.42237702879716676,0.42313465124612315,0.39698048718211487,0.1694209039144879,0.39956877029300886,0.2151149902305274,0.17348588606702553,0.42313465124612315,0.41709051316397705,0.41411955834598196,0.39965063054547867,0.4242462147716131,0.41595388497768687
BachChoralHarmony,V1,5665.0,0.2951,0.0368,5.25,0.015,0.9816,4.0384,0.0045,8.0,0.0,nan,nan,8.0,8.0,MLP,0.44883140053475395,0.4532206413370318,0.43690323645094487,0.1885708763379487,0.44074302113737096,0.20757491793246624,0.18832444053084801,0.4532206413370318,0.44967729113799393,0.44384925590524593,0.43283726856954463,0.44992052698309304,0.4397535159385573
BachChoralHarmony,V1,5665.0,0.2951,0.0368,5.25,0.015,0.9816,4.0384,0.0045,8.0,0.0,nan,nan,8.0,8.0,TabNet,0.4343777810122535,0.43417594761728373,0.4104379012674112,0.18742810824145983,0.4248443273778487,0.20583707738835602,0.18774648834374952,0.43417594761728373,0.4295291983067802,0.41691833754487423,0.40813999120321837,0.4343730277807107,0.41665110090438773
BachChoralHarmony,V1,5665.0,0.2492,0.0339,4.6452,0.0141,0.9817,4.0408,0.0059,8.0,0.0,nan,nan,8.0,8.0,MLP,0.46164918019185414,0.46528969320839875,0.4463927544799463,0.19107152468116517,0.44469823793445384,0.2189244528552988,0.18090604665475216,0.46528969320839875,0.4637114419573923,0.4579610359598134,0.44703809468491057,0.46571233181600746,0.45486645488337407
BachChoralHarmony,V1,5665.0,0.2492,0.0339,4.6452,0.0141,0.9817,4.0408,0.0059,8.0,0.0,nan,nan,8.0,8.0,TabNet,0.4442251101467192,0.4375007878958839,0.41878360718869384,0.18186710944920972,0.4209449924200386,0.2111442894999066,0.1767288931925234,0.4375007878958839,0.44312194507843194,0.43648517673716203,0.4225986136430443,0.4419493696110333,0.4291870159177358
BachChoralHarmony,V1,5665.0,0.1963,0.0358,4.9394,0.0132,0.9816,4.0389,0.0052,8.0,0.0,nan,nan,8.0,8.0,MLP,0.46405305980183076,0.4678062055671325,0.4489235092017598,0.19020228462780872,0.45669800638759506,0.21055187962451113,0.18496511569058322,0.4678062055671325,0.46311747561273686,0.4659013839211228,0.45554585128289565,0.46776622105981525,0.4676266853607763
BachChoralHarmony,V1,5665.0,0.1963,0.0358,4.9394,0.0132,0.9816,4.0389,0.0052,8.0,0.0,nan,nan,8.0,8.0,TabNet,0.4446792327659068,0.44182626940617375,0.41856483776162495,0.1835715521292087,0.4300062227190421,0.20545452157044206,0.18529661857078028,0.44182626940617375,0.44008105648271995,0.44364421136254734,0.43191272674853404,0.4387898473527036,0.43439993826194856
BachChoralHarmony,V1,5665.0,0.1485,0.0363,5.8333,0.0124,0.9814,4.0352,0.003,8.0,0.0,nan,nan,8.0,8.0,MLP,0.47088962532778444,0.4732254225664998,0.4591361088138055,0.2017700792244918,0.4679924773162251,0.21309549844792877,0.19871805080216187,0.4732254225664998,0.47298599538331665,0.47047512098845207,0.4684913980494416,0.4753466686920324,0.4680463381721202
BachChoralHarmony,V1,5665.0,0.1485,0.0363,5.8333,0.0124,0.9814,4.0352,0.003,8.0,0.0,nan,nan,8.0,8.0,TabNet,0.4606113336155816,0.45029989998191533,0.4313344982873778,0.20510498692356088,0.43850025797138437,0.2050384536380322,0.19391959887234508,0.45029989998191533,0.4496600091322797,0.4528502706375906,0.44427165473770175,0.45363557607899363,0.44307064027416554
BachChoralHarmony,V1,5665.0,0.0996,0.0353,4.6154,0.0118,0.9815,4.0381,0.0053,8.0,0.0,nan,nan,8.0,8.0,MLP,0.4846978258263928,0.487022660196488,0.4757952878297782,0.20527204248694692,0.475298759000893,0.21501899988117273,0.20583315423295706,0.487022660196488,0.4799833365436787,0.48110890715137156,0.4761477062972671,0.4879693434743008,0.4790142826908893
BachChoralHarmony,V1,5665.0,0.0996,0.0353,4.6154,0.0118,0.9815,4.0381,0.0053,8.0,0.0,nan,nan,8.0,8.0,TabNet,0.4674421927399231,0.46324938609544747,0.44816801964048636,0.2097626322961131,0.45282890022324207,0.21427565580964392,0.2029383019015721,0.46324938609544747,0.4619842961906892,0.45953392999431886,0.45450065819361735,0.46154561626960505,0.4592936652723787
BachChoralHarmony,V1,5665.0,0.0464,0.037,5.2632,0.0111,0.9815,4.0377,0.0041,8.0,0.0,nan,nan,8.0,8.0,MLP,0.4924967857156809,0.4930158610638914,0.49113545087568256,0.20902651823171542,0.49268004084779726,0.21523217586987708,0.21298129514577038,0.4930158610638914,0.49241844229867027,0.4920803813171127,0.4895333586575674,0.494172927371205,0.4926101260474315
BachChoralHarmony,V1,5665.0,0.0464,0.037,5.2632,0.0111,0.9815,4.0377,0.0041,8.0,0.0,nan,nan,8.0,8.0,TabNet,0.4767224890708959,0.46921349193225387,0.4645971281556793,0.20640443718577983,0.46149391388088856,0.21018096913865325,0.20501764366778,0.46921349193225387,0.46986807453226825,0.4700987242518414,0.4659696820096494,0.469684034741909,0.4708083293261958
BachChoralHarmony,V6,5665.0,0.5001,0.8711,6.7589,0.0007,0.2246,0.3843,34.0837,2.1289,0.3351,0.9016,0.9482,2.0,3.0,MLP,0.48536170600709494,0.48939075969418533,0.48733048657573147,0.05423240441261022,0.4876405222376154,0.057633452298491594,0.0545936206223849,0.48939075969418533,0.49138911188844503,0.4894630360724322,0.49102944541694604,0.48825364532769594,0.48885450881832243
BachChoralHarmony,V6,5665.0,0.5001,0.8711,6.7589,0.0007,0.2246,0.3843,34.0837,2.1289,0.3351,0.9016,0.9482,2.0,3.0,TabNet,0.4670482519690995,0.4638565384341222,0.46458934538572083,0.04696529037923307,0.4770247564702692,0.04698542899238523,0.05062256570652736,0.4638565384341222,0.46945156820605527,0.4644450505104862,0.4634812852968418,0.46615092290738463,0.4679408603765932
BachChoralHarmony,V6,5665.0,0.4515,0.8758,7.0492,0.0006,0.2177,0.3753,35.9853,2.1242,0.3299,0.9071,0.9605,2.0,3.0,MLP,0.48605509740621433,0.48996619710421585,0.4889333199087567,0.0561561167015421,0.4898526114899699,0.05650962553065228,0.05230419618718632,0.48996619710421585,0.49266248034577176,0.4921806681615676,0.49245238939934455,0.4938641994983528,0.49105686939031945
BachChoralHarmony,V6,5665.0,0.4515,0.8758,7.0492,0.0006,0.2177,0.3753,35.9853,2.1242,0.3299,0.9071,0.9605,2.0,3.0,TabNet,0.46465276627873275,0.46220208638518756,0.45796425469943836,0.04952756846325264,0.47090356119471233,0.041235887553462414,0.04884905126418563,0.46220208638518756,0.4686515811156132,0.4675715624564745,0.4659287618285787,0.4540976738395004,0.466506078230583
BachChoralHarmony,V6,5665.0,0.3996,0.8771,7.1364,0.0006,0.2157,0.3727,36.0684,2.1229,0.3283,0.9086,0.9636,2.0,3.0,MLP,0.49206347113298055,0.4930907980139856,0.48906918382958037,0.0566468681495627,0.4924990624934859,0.05705080214010042,0.05849909472366739,0.4930907980139856,0.4936572555567208,0.49276459761215663,0.49098908990197637,0.48708448989144626,0.49191232171389493
BachChoralHarmony,V6,5665.0,0.3996,0.8771,7.1364,0.0006,0.2157,0.3727,36.0684,2.1229,0.3283,0.9086,0.9636,2.0,3.0,TabNet,0.46577927261105007,0.4664014299388448,0.4638128958258765,0.0492092402349264,0.47327090246089887,0.050619591807575894,0.054287930437838,0.4664014299388448,0.47179404048603807,0.4696687792615183,0.4682018236603013,0.46602327337395677,0.4698978418869226
BachChoralHarmony,V6,5665.0,0.3384,0.8701,6.6961,0.0005,0.2262,0.3863,35.629,2.1299,0.3362,0.9004,0.9451,2.0,3.0,MLP,0.4886526321398208,0.4938695466704681,0.49205300949751735,0.05511864136129073,0.49155957384830357,0.056831492096107536,0.05613560148817213,0.4938695466704681,0.4941159259965101,0.4941891097262569,0.4920794357609277,0.49455354067178864,0.4929921881447953
BachChoralHarmony,V6,5665.0,0.3384,0.8701,6.6961,0.0005,0.2262,0.3863,35.629,2.1299,0.3362,0.9004,0.9451,2.0,3.0,TabNet,0.46795554937595163,0.46614403582278074,0.46177272459905244,0.051050270467072854,0.47413417186333207,0.0469358602476277,0.05260735048103164,0.46614403582278074,0.4703770581542345,0.46995279385803285,0.4659982866921203,0.4694721666502856,0.46444279389566906
BachChoralHarmony,V6,5665.0,0.3022,0.8705,6.7207,0.0005,0.2255,0.3855,35.6549,2.1295,0.3358,0.9008,0.9463,2.0,3.0,MLP,0.49003305045188994,0.4920068811736069,0.4911397331452635,0.055296035607876784,0.49296992977667087,0.054933266601251134,0.05550714229685187,0.4920068811736069,0.4918593141099189,0.4916599321331586,0.489586502206096,0.49125859947125883,0.4918226355752703
BachChoralHarmony,V6,5665.0,0.3022,0.8705,6.7207,0.0005,0.2255,0.3855,35.6549,2.1295,0.3358,0.9008,0.9463,2.0,3.0,TabNet,0.47099340944110385,0.4660422643501916,0.46410857407723766,0.048761572144814934,0.4746501156181878,0.05226659713388514,0.04828698842774824,0.4660422643501916,0.46799048129506227,0.46868292117228416,0.46893167302046646,0.46626933840729834,0.466840048626055
BachChoralHarmony,V6,5665.0,0.2537,0.8737,6.9176,0.0005,0.2208,0.3793,34.2774,2.1263,0.3322,0.9046,0.9553,2.0,3.0,MLP,0.49190556285320547,0.49416539917476665,0.49341742849630643,0.05443622701715921,0.4914980854094364,0.056408950041082165,0.05566714396346245,0.49416539917476665,0.49605702981154676,0.49612864122633515,0.4954743455071625,0.4944745667560037,0.49509249225345453
BachChoralHarmony,V6,5665.0,0.2537,0.8737,6.9176,0.0005,0.2208,0.3793,34.2774,2.1263,0.3322,0.9046,0.9553,2.0,3.0,TabNet,0.4767008645928113,0.470187297768638,0.469827818073337,0.048661782403882886,0.47602444762668344,0.04813048082794756,0.04826498441963926,0.470187297768638,0.47291762275114024,0.47265751847193427,0.4667007963474662,0.4647795090318414,0.46840618431392733
BachChoralHarmony,V6,5665.0,0.1991,0.877,7.1308,0.0004,0.2158,0.3728,36.0632,2.123,0.3284,0.9085,0.9634,2.0,3.0,MLP,0.4941652035069012,0.4934194335943833,0.49442898744956176,0.05988397427276068,0.49517158090350555,0.05791408763891126,0.05939707242853978,0.4934194335943833,0.49673507587293086,0.49736508484542263,0.4973843576501932,0.4952528856701143,0.49816690951396814
BachChoralHarmony,V6,5665.0,0.1991,0.877,7.1308,0.0004,0.2158,0.3728,36.0632,2.123,0.3284,0.9085,0.9634,2.0,3.0,TabNet,0.46623960223436656,0.4689940820875863,0.46562833087897154,0.052244366702646344,0.47597409040549216,0.05429771766982148,0.053686694948632215,0.4689940820875863,0.47116460669168697,0.4712770576565878,0.4691939638758176,0.46601440491008284,0.4714378500225637
BachChoralHarmony,V6,5665.0,0.1541,0.8744,6.9601,0.0004,0.2197,0.378,35.8984,2.1256,0.3314,0.9054,0.957,2.0,3.0,MLP,0.49545679219947025,0.49730743999141835,0.49659932274241037,0.05943705465287011,0.4954263879623233,0.058556379942366954,0.059793250085614265,0.49730743999141835,0.5009415732220045,0.5013076793526667,0.49787709040435035,0.49850495220080515,0.501397491827101
BachChoralHarmony,V6,5665.0,0.1541,0.8744,6.9601,0.0004,0.2197,0.378,35.8984,2.1256,0.3314,0.9054,0.957,2.0,3.0,TabNet,0.4723135751154529,0.4707004463579884,0.4721854449360202,0.052671790688657266,0.478495202672564,0.04912383602308028,0.050233056939784464,0.4707004463579884,0.4773816175754392,0.47563262582157145,0.4719695307806666,0.4718847584319223,0.47478305019909933
BachChoralHarmony,V6,5665.0,0.1057,0.8752,7.0158,0.0004,0.2184,0.3763,35.9529,2.1248,0.3304,0.9065,0.9592,2.0,3.0,MLP,0.49695877911869624,0.4981386589386124,0.4994031030251126,0.06024866233349853,0.49840158071396645,0.06057230117966071,0.06093991784573943,0.4981386589386124,0.5000725076311425,0.49998041378048375,0.4969258136208094,0.5018323446787398,0.5002324662112485
BachChoralHarmony,V6,5665.0,0.1057,0.8752,7.0158,0.0004,0.2184,0.3763,35.9529,2.1248,0.3304,0.9065,0.9592,2.0,3.0,TabNet,0.47561591160397565,0.4745562819578544,0.4710874754035015,0.05090130168778216,0.477753444710725,0.05569190471038843,0.052954911393634126,0.4745562819578544,0.47521614319751315,0.476907426162518,0.4738941104994214,0.47191453736277233,0.47589601856114216
BachChoralHarmony,V6,5665.0,0.0524,0.8776,7.1705,0.0004,0.2149,0.3717,36.1005,2.1224,0.3277,0.9092,0.9648,2.0,3.0,MLP,0.494893241053022,0.49953263260883085,0.49641618175143243,0.055695115703042836,0.4965052969938913,0.056285904054679106,0.05778860950202021,0.49953263260883085,0.4994604089545568,0.49937087414799863,0.4996114551999889,0.49854374261799883,0.4993356601632138
BachChoralHarmony,V6,5665.0,0.0524,0.8776,7.1705,0.0004,0.2149,0.3717,36.1005,2.1224,0.3277,0.9092,0.9648,2.0,3.0,TabNet,0.4762479130835903,0.47460409050704405,0.4710590167292594,0.049948548576577746,0.4793825818776404,0.0499941302951364,0.04973924476805681,0.47460409050704405,0.47605428640371755,0.473389656355243,0.47162747736963395,0.47181159670560663,0.4715299696172134
BachChoralHarmony,V15,5665.0,0.4891,0.1251,25.8571,0.0055,0.9063,2.4774,0.3755,1.255,0.4359,0.7548,0.3238,1.0,2.0,MLP,0.37258256703324083,0.35937590398633196,0.33171180230869085,0.21932353242617564,0.3428211943486894,0.21696171199696243,0.21072165541381496,0.35937590398633196,0.3577203530317618,0.35103895056466095,0.3424972286570176,0.3729475579488165,0.3524357569842332
BachChoralHarmony,V15,5665.0,0.4891,0.1251,25.8571,0.0055,0.9063,2.4774,0.3755,1.255,0.4359,0.7548,0.3238,1.0,2.0,TabNet,0.3531406603479515,0.3421016129724457,0.30571085422551375,0.20400218085714364,0.3202728825096367,0.2087705599670846,0.20642423430169005,0.3421016129724457,0.32734359485788367,0.3289530179972085,0.3177657579319057,0.3486353960313391,0.32747562044054734
BachChoralHarmony,V15,5665.0,0.45,0.1268,32.9167,0.0051,0.9052,2.4653,0.3807,1.2461,0.4308,0.7647,0.3519,1.0,2.0,MLP,0.38649552796530073,0.37478715296539883,0.3474665120124987,0.22347757437790117,0.3537215878306526,0.2340437388912782,0.21318261558902096,0.37478715296539883,0.3641641015858994,0.36003052627659454,0.3471459031770179,0.3861337356688332,0.3610243620985928
BachChoralHarmony,V15,5665.0,0.45,0.1268,32.9167,0.0051,0.9052,2.4653,0.3807,1.2461,0.4308,0.7647,0.3519,1.0,2.0,TabNet,0.3635860114623855,0.3563923905857744,0.32129072982836837,0.213300172644112,0.3252203577526571,0.2234559003636184,0.20639773397272207,0.3563923905857744,0.3328922664184951,0.332491223489397,0.31869601642364326,0.36342698611579505,0.3301749968420762
BachChoralHarmony,V15,5665.0,0.3961,0.1269,39.4545,0.0047,0.9052,2.4662,0.3842,1.2467,0.4311,0.7641,0.35,1.0,2.0,MLP,0.3980108911609201,0.384623843648797,0.36503157734824576,0.23889614644450086,0.37203360467588864,0.23949348728546305,0.2311875717791467,0.384623843648797,0.38366070378446865,0.382629152701066,0.37192555146275735,0.40057654520538066,0.3640378455512697
BachChoralHarmony,V15,5665.0,0.3961,0.1269,39.4545,0.0047,0.9052,2.4662,0.3842,1.2467,0.4311,0.7641,0.35,1.0,2.0,TabNet,0.382743010213978,0.3680040725051341,0.3393437775289914,0.22404534854075764,0.34121925341564485,0.23139223153971572,0.2191323826999604,0.3680040725051341,0.3582380597668346,0.35247663433673465,0.34306833015764826,0.37994791738172756,0.337528127556054
BachChoralHarmony,V15,5665.0,0.3612,0.1232,26.2353,0.0044,0.9051,2.4692,0.3814,1.244,0.4295,0.7671,0.3592,1.0,2.0,MLP,0.40294527451839796,0.3948050928716459,0.37454079669344403,0.23425997540656107,0.3842123671608189,0.23806674864235736,0.24097681629337087,0.3948050928716459,0.38895672885831456,0.39236738225196205,0.38016334863850254,0.4040777669940312,0.38991155797352295
BachChoralHarmony,V15,5665.0,0.3612,0.1232,26.2353,0.0044,0.9051,2.4692,0.3814,1.244,0.4295,0.7671,0.3592,1.0,2.0,TabNet,0.37766589201433276,0.37394569689258916,0.34446599840631276,0.22355352478571844,0.3526575793415913,0.23004235549684016,0.22164425770128893,0.37394569689258916,0.35806289645113387,0.3593932361369169,0.34760166760946176,0.3818492183062739,0.3590800036629149
BachChoralHarmony,V15,5665.0,0.2981,0.128,25.45,0.004,0.9051,2.4718,0.3796,1.2477,0.4317,0.7629,0.3466,1.0,2.0,MLP,0.41885562787620784,0.4112840704764137,0.3990298167676912,0.24495557813968116,0.4018556821342559,0.2484416772236149,0.23993923322225558,0.4112840704764137,0.4096219604778651,0.41118369642413427,0.39589441681772575,0.4200357236880293,0.40203349614949185
BachChoralHarmony,V15,5665.0,0.2981,0.128,25.45,0.004,0.9051,2.4718,0.3796,1.2477,0.4317,0.7629,0.3466,1.0,2.0,TabNet,0.40006439717915854,0.387897810616215,0.37201099285737993,0.2367839311771125,0.3700793825624966,0.24238242282640454,0.23397142904230692,0.387897810616215,0.38259312538702694,0.38113304957285477,0.3733391059723293,0.3995831438502506,0.3763964194148142
BachChoralHarmony,V15,5665.0,0.2545,0.1257,27.9474,0.0038,0.9054,2.473,0.3814,1.2484,0.4321,0.7622,0.3444,1.0,2.0,MLP,0.43635734482474176,0.4128142707663245,0.4112982182132152,0.2540375766567128,0.41568376496305176,0.2609929062681696,0.2551914939140239,0.4128142707663245,0.4232649268158324,0.42111553279541686,0.41272634197357844,0.4315024433206362,0.41391950063537764
BachChoralHarmony,V15,5665.0,0.2545,0.1257,27.9474,0.0038,0.9054,2.473,0.3814,1.2484,0.4321,0.7622,0.3444,1.0,2.0,TabNet,0.40595180090252275,0.38937957668621564,0.38086122694379315,0.24324261995077087,0.3870413057547214,0.2556570575263302,0.24599383619142168,0.38937957668621564,0.395476255507493,0.39525353426191695,0.3836028313475989,0.4090935337431777,0.3910655858523159
BachChoralHarmony,V15,5665.0,0.1896,0.1224,33.0588,0.0035,0.9055,2.4694,0.3856,1.2511,0.4337,0.7591,0.3356,1.0,2.0,MLP,0.45640780533486097,0.4480395561601062,0.4321926805218728,0.272487115031127,0.4412132331896183,0.27334092966629764,0.27810173641359287,0.4480395561601062,0.44112118476285683,0.43977099249820417,0.4396210089862409,0.45452385824087643,0.4449270466945316
BachChoralHarmony,V15,5665.0,0.1896,0.1224,33.0588,0.0035,0.9055,2.4694,0.3856,1.2511,0.4337,0.7591,0.3356,1.0,2.0,TabNet,0.429138559640846,0.4224606395072012,0.4081037549801863,0.2654421076427682,0.41398508927129085,0.2671715704177671,0.2688520451675615,0.4224606395072012,0.4052216279495945,0.41148981789129957,0.3997423300965826,0.4257621779321178,0.4112447003685954
BachChoralHarmony,V15,5665.0,0.1495,0.1241,29.9,0.0033,0.906,2.4751,0.3792,1.2507,0.4334,0.7596,0.3369,1.0,2.0,MLP,0.45370838232237615,0.4516823310198098,0.44338796846968054,0.2742900415885663,0.4487923351991832,0.2786442696563993,0.27270899974159163,0.4516823310198098,0.45105188466552065,0.45070168424065893,0.44596694703154266,0.4566371349286775,0.4473821374610223
BachChoralHarmony,V15,5665.0,0.1495,0.1241,29.9,0.0033,0.906,2.4751,0.3792,1.2507,0.4334,0.7596,0.3369,1.0,2.0,TabNet,0.4297037278718722,0.4286507223527235,0.4145501878228006,0.2674813473064763,0.42334020979471687,0.27027135767456445,0.2681565011828187,0.4286507223527235,0.41879029748935703,0.4175821551711191,0.4113994289341692,0.43275343769411123,0.41792546921775287
BachChoralHarmony,V15,5665.0,0.1041,0.1241,30.0,0.0032,0.905,2.4673,0.3823,1.2473,0.4314,0.7634,0.348,1.0,2.0,MLP,0.4717285662125831,0.4618962121107012,0.46234190667324593,0.2904884029037372,0.47132595020411966,0.28841941155504136,0.28461873396091947,0.4618962121107012,0.462260819294254,0.4682057418450821,0.46234059088920226,0.472443600628227,0.4647839174913604
BachChoralHarmony,V15,5665.0,0.1041,0.1241,30.0,0.0032,0.905,2.4673,0.3823,1.2473,0.4314,0.7634,0.348,1.0,2.0,TabNet,0.4444463626939826,0.44127697501231644,0.43400617801964236,0.2820340388956645,0.43685224807206147,0.28135436039222417,0.2780041648048427,0.44127697501231644,0.43574530694584634,0.43892054170747186,0.4309008292126044,0.44758358287617367,0.43618240868650615
BachChoralHarmony,V15,5665.0,0.0473,0.1217,29.8636,0.003,0.9054,2.4704,0.3806,1.2485,0.4321,0.7621,0.3442,1.0,2.0,MLP,0.4876509577407194,0.48938191521990637,0.49059763667399797,0.2914060135947658,0.48903837983267956,0.2946474473463371,0.291184550407214,0.48938191521990637,0.48983817035312627,0.4901452518315448,0.4920298648734291,0.4911765651542108,0.4887723044083063
BachChoralHarmony,V15,5665.0,0.0473,0.1217,29.8636,0.003,0.9054,2.4704,0.3806,1.2485,0.4321,0.7621,0.3442,1.0,2.0,TabNet,0.459347514501379,0.45939454404899766,0.4573528018664795,0.2882051872072613,0.4599993339190512,0.2911325298642,0.2882609088052662,0.45939454404899766,0.46085336326973325,0.4625966865547364,0.4575094991660244,0.4597286194276917,0.46389821073816795
bank,housing,3074.0,0.5062,0.5698,1.3247,0.0013,0.4906,0.6834,11.4872,2.5698,0.4951,0.4299,0.1278,2.0,3.0,MLP,0.8576873254073666,0.8616549145104823,0.8583009328665995,0.8518911006556117,0.8590404494726638,0.8467394620947963,0.8525230388163968,0.8616549145104823,0.8626107755340446,0.8622412676796002,0.8640485126215129,0.8620594911478476,0.8636830735837078
bank,housing,3074.0,0.5062,0.5698,1.3247,0.0013,0.4906,0.6834,11.4872,2.5698,0.4951,0.4299,0.1278,2.0,3.0,TabNet,0.8344688498294905,0.8398249479464035,0.8349717604409953,0.8462657999151946,0.8414769382741264,0.8517246901383541,0.8520147639291111,0.8398249479464035,0.8418784145295678,0.8442576849215744,0.8461401636332564,0.83107340014055,0.8389812071664391
bank,housing,3074.0,0.4509,0.5675,1.3123,0.0012,0.4912,0.684,11.3152,2.5675,0.4954,0.4323,0.1272,2.0,3.0,MLP,0.8611234566011008,0.8664761241407354,0.8640048835594332,0.8446844241237085,0.857404562916944,0.8500036004499179,0.8467854754993457,0.8664761241407354,0.8615279147920367,0.8613341060088577,0.8606439309498636,0.8639114775302282,0.8638294955961723
bank,housing,3074.0,0.4509,0.5675,1.3123,0.0012,0.4912,0.684,11.3152,2.5675,0.4954,0.4323,0.1272,2.0,3.0,TabNet,0.8383717253807105,0.851447045913313,0.8502015996232493,0.8480121145558549,0.84599138147903,0.8564701302345785,0.8540409756296701,0.851447045913313,0.8474999257099488,0.8485819016040159,0.8539457228452384,0.8430386206533347,0.8501855184994116
bank,housing,3074.0,0.4053,0.5596,1.2708,0.0011,0.4932,0.686,16.2268,2.5596,0.4964,0.4402,0.1254,2.0,3.0,MLP,0.8678149115440633,0.8616952003278635,0.8615418932908472,0.8569630374821331,0.8617488721932232,0.8515444388963979,0.856769210775649,0.8616952003278635,0.8645507868999776,0.8651947022271553,0.863596893009941,0.8638846400767446,0.8629892038112282
bank,housing,3074.0,0.4053,0.5596,1.2708,0.0011,0.4932,0.686,16.2268,2.5596,0.4964,0.4402,0.1254,2.0,3.0,TabNet,0.8436808607437327,0.8441066453556345,0.8449619998872916,0.8581495905576499,0.8469665213316111,0.8535550365897262,0.8576088057351512,0.8441066453556345,0.8442546945480464,0.8438336132259415,0.8443895717625083,0.833685186973694,0.8398428262072692
bank,housing,3074.0,0.3578,0.5588,1.2664,0.001,0.4933,0.6862,10.6573,2.5588,0.4965,0.4411,0.1252,2.0,3.0,MLP,0.8638676406652173,0.8619693380510249,0.8606850097839818,0.8500411208792727,0.8591932456745046,0.8478857236027562,0.851033060472858,0.8619693380510249,0.8642614079947923,0.8636794608794118,0.8627995752520305,0.8632756804430266,0.8632565132993334
bank,housing,3074.0,0.3578,0.5588,1.2664,0.001,0.4933,0.6862,10.6573,2.5588,0.4965,0.4411,0.1252,2.0,3.0,TabNet,0.8476859624045513,0.8372052934804753,0.8391167610343251,0.8507153868847305,0.8333204431868239,0.8495960445010041,0.8523534705746656,0.8372052934804753,0.8399723215099626,0.8412948824358382,0.8395064464793749,0.8481212166879621,0.8367386822276149
bank,housing,3074.0,0.2954,0.554,1.2422,0.0009,0.4944,0.6873,10.3012,2.554,0.4971,0.4459,0.1243,2.0,3.0,MLP,0.8630107619178987,0.8636736815237899,0.8614673828329049,0.8548815794093274,0.8608520890135808,0.8559466006356723,0.8527931207337658,0.8636736815237899,0.8673424715856011,0.8675215583925322,0.8637635657374676,0.8617746628152514,0.8673495288330227
bank,housing,3074.0,0.2954,0.554,1.2422,0.0009,0.4944,0.6873,10.3012,2.554,0.4971,0.4459,0.1243,2.0,3.0,TabNet,0.8398444484306943,0.8436117619932602,0.8406354565435553,0.8643642053893834,0.8330879955536428,0.8589645634377527,0.8543910408225488,0.8436117619932602,0.8414730900008308,0.8353160876944674,0.8374853699944054,0.8442013709925016,0.8310566602885909
bank,housing,3074.0,0.2385,0.5617,1.2817,0.0009,0.4926,0.6855,10.8794,2.5617,0.4962,0.4381,0.1259,2.0,3.0,MLP,0.8654679599645883,0.8613266380569579,0.8614081740441595,0.8528626637242921,0.8603553220352769,0.8525175463448781,0.8513939120062459,0.8613266380569579,0.8637787530250366,0.8659117839430832,0.8655388331185765,0.8624869576169137,0.8664931959575847
bank,housing,3074.0,0.2385,0.5617,1.2817,0.0009,0.4926,0.6855,10.8794,2.5617,0.4962,0.4381,0.1259,2.0,3.0,TabNet,0.8486561666286427,0.8413275170226733,0.8389380136659721,0.8552913801415243,0.8401782868314589,0.8587116528469003,0.8576655105097172,0.8413275170226733,0.847038299466462,0.8475249047074326,0.8464049442955359,0.8381532066840551,0.8443405241910416
bank,housing,3074.0,0.2046,0.5583,1.2639,0.0008,0.4934,0.6863,10.6212,2.5583,0.4966,0.4416,0.1251,2.0,3.0,MLP,0.8619756215523156,0.8647603002393067,0.8618949674083584,0.8485070582861469,0.862391539848018,0.8521653909360409,0.8521041807138103,0.8647603002393067,0.8643617771836218,0.8641413432528093,0.8649679619075461,0.8634625225630715,0.8625332939177792
bank,housing,3074.0,0.2046,0.5583,1.2639,0.0008,0.4934,0.6863,10.6212,2.5583,0.4966,0.4416,0.1251,2.0,3.0,TabNet,0.8332651670092626,0.8475886240396848,0.8432787718487158,0.8569218767668405,0.8433464074572323,0.8546826108318115,0.8566851298212118,0.8475886240396848,0.8424156076966858,0.8407305133781047,0.8415633299910832,0.8425271980196051,0.8390567922747574
bank,housing,3074.0,0.1552,0.561,1.2781,0.0008,0.4927,0.6857,27.2887,2.561,0.4963,0.4388,0.1257,2.0,3.0,MLP,0.8640052330908067,0.8631778934075971,0.8616393167006363,0.8504471917643341,0.8595103117084564,0.8476045709984666,0.8478318460089597,0.8631778934075971,0.8629350964026339,0.8647924479319695,0.8661184999525418,0.8622958193543526,0.8673116457768839
bank,housing,3074.0,0.1552,0.561,1.2781,0.0008,0.4927,0.6857,27.2887,2.561,0.4963,0.4388,0.1257,2.0,3.0,TabNet,0.8530714563603475,0.851824076915054,0.8457582275109413,0.8531981487850873,0.8424334001686098,0.8528211304970933,0.8538355038945101,0.851824076915054,0.8507008608851684,0.8495436542990628,0.8501071386706982,0.8475281562609295,0.8446206284819904
bank,housing,3074.0,0.0927,0.5565,1.2546,0.0007,0.4938,0.6868,10.4854,2.5565,0.4968,0.4434,0.1247,2.0,3.0,MLP,0.8620305435209223,0.8654636016888988,0.8633448186327195,0.8514678284889953,0.8612505692498698,0.8552666959230886,0.8514592223058131,0.8654636016888988,0.8642033102324463,0.8645883563489394,0.8649225961122049,0.8648771082750852,0.8638838385498884
bank,housing,3074.0,0.0927,0.5565,1.2546,0.0007,0.4938,0.6868,10.4854,2.5565,0.4968,0.4434,0.1247,2.0,3.0,TabNet,0.8538036607001652,0.8462171960197836,0.8465786165886273,0.8567177211876082,0.8420133179654614,0.8576655158163783,0.8552303624905396,0.8462171960197836,0.8364277355985394,0.8356673404871464,0.8363931532260329,0.8353733300918837,0.8467874070575606
bank,housing,3074.0,0.0478,0.5654,1.3011,0.0007,0.4916,0.6846,11.1569,2.5654,0.4957,0.4344,0.1267,2.0,3.0,MLP,0.8655148948378096,0.8641418198917818,0.8640806839285371,0.8505233547593325,0.8645875874851814,0.8503942233006435,0.8506805700935873,0.8641418198917818,0.8660115066170956,0.8653064660945966,0.8647615884992647,0.8644132226527339,0.8662057260017686
bank,housing,3074.0,0.0478,0.5654,1.3011,0.0007,0.4916,0.6846,11.1569,2.5654,0.4957,0.4344,0.1267,2.0,3.0,TabNet,0.825631200144067,0.8455070959076092,0.8454977339452121,0.8595991530624875,0.8400482629042426,0.8565643295269685,0.8555034349827384,0.8455070959076092,0.8441601873597742,0.8464189088041172,0.8451254599407966,0.8372789420549516,0.8436002471012269
bank,contact,3074.0,0.498,0.652,9.0631,0.0019,0.4938,0.8236,10.9772,7.7959,0.5535,0.4882,0.4511,7.0,9.0,MLP,0.8538705985753143,0.8615723994125497,0.8533678529343447,0.853600675929919,0.863385509686634,0.8543835627244242,0.8550080700202386,0.8615723994125497,0.8637025257975689,0.8642615810497742,0.8651678728384298,0.8591043799221478,0.8625665889241021
bank,contact,3074.0,0.498,0.652,9.0631,0.0019,0.4938,0.8236,10.9772,7.7959,0.5535,0.4882,0.4511,7.0,9.0,TabNet,0.8374040826742644,0.8403455454085719,0.8387639838836143,0.8380187473807353,0.8470796491816223,0.8408112557056943,0.843043504946595,0.8403455454085719,0.8443231143244152,0.837131234408497,0.8357584130687595,0.841025473424835,0.8380131367799477
bank,contact,3074.0,0.4496,0.63,9.3509,0.0018,0.5073,0.8345,10.7171,7.7648,0.5609,0.4998,0.4132,7.0,9.0,MLP,0.8592202394546449,0.861473941564331,0.8559679790224564,0.8629990054787967,0.8643541013464446,0.8623673550955986,0.8617863719449202,0.861473941564331,0.8668390546723914,0.8654525882783646,0.8655243369107055,0.8547255537612243,0.8669575655225383
bank,contact,3074.0,0.4496,0.63,9.3509,0.0018,0.5073,0.8345,10.7171,7.7648,0.5609,0.4998,0.4132,7.0,9.0,TabNet,0.8467054398832087,0.837042077853924,0.8359262314742819,0.8450208129305656,0.8426804369074432,0.8442742947441312,0.8458701480964896,0.837042077853924,0.8438682864044771,0.8389661144917828,0.842701225869205,0.8335885757120393,0.8387974848705381
bank,contact,3074.0,0.4021,0.6425,9.9244,0.0016,0.4975,0.821,11.0207,7.772,0.5527,0.4893,0.4281,7.0,9.0,MLP,0.8602938072166824,0.859818260113047,0.8606024564698838,0.8580438688967359,0.8633244719375995,0.860135661610486,0.8605099435133009,0.859818260113047,0.8644854575907044,0.8615531586568108,0.8619735394609315,0.8613220480052513,0.8621891286749043
bank,contact,3074.0,0.4021,0.6425,9.9244,0.0016,0.4975,0.821,11.0207,7.772,0.5527,0.4893,0.4281,7.0,9.0,TabNet,0.8523445295489833,0.8368295746363684,0.8470720484496361,0.8410998333882774,0.84334800664848,0.8436843233141158,0.8473186117650073,0.8368295746363684,0.844069053593236,0.8430311168521123,0.8439923861484045,0.8337529408379478,0.8423533258738507
bank,contact,3074.0,0.3546,0.6205,8.9854,0.0015,0.5141,0.8439,10.6523,7.7586,0.5668,0.5073,0.4027,7.0,9.0,MLP,0.8598868084156168,0.8638072980983243,0.8595055564589118,0.8593252904196935,0.8631173395776081,0.8624394098130328,0.8587895085010437,0.8638072980983243,0.8637652463379504,0.8630753720042965,0.8647516752004106,0.861384602613129,0.8635759938066997
bank,contact,3074.0,0.3546,0.6205,8.9854,0.0015,0.5141,0.8439,10.6523,7.7586,0.5668,0.5073,0.4027,7.0,9.0,TabNet,0.8437208375153776,0.8418415229162541,0.8420768201721588,0.8370147336255447,0.8425648005438543,0.8362551027482819,0.8478337405517948,0.8418415229162541,0.8414063884905275,0.8446790671711084,0.8445730103794267,0.8415659310569763,0.8454471628391989
bank,contact,3074.0,0.2967,0.6489,9.6759,0.0014,0.494,0.8193,11.0041,7.7831,0.5514,0.4868,0.4409,7.0,9.0,MLP,0.8586357350915429,0.8624735757685323,0.857385562994385,0.8578422284084553,0.8605866845466899,0.8574090682144498,0.856893072888647,0.8624735757685323,0.864183492385833,0.8655536733720083,0.8655996998775088,0.861294822214931,0.8655446246952128
bank,contact,3074.0,0.2967,0.6489,9.6759,0.0014,0.494,0.8193,11.0041,7.7831,0.5514,0.4868,0.4409,7.0,9.0,TabNet,0.850747492130173,0.8442041154700417,0.8412332009756469,0.8442524676269525,0.8387927894563341,0.8422244791495533,0.848051583864817,0.8442041154700417,0.8451434254158174,0.8467509417147593,0.8453114642920767,0.8294357076051132,0.8463449484523479
bank,contact,3074.0,0.2563,0.64,9.625,0.0013,0.5001,0.8257,13.1244,7.773,0.5554,0.4924,0.4263,7.0,9.0,MLP,0.8601796696985223,0.8639290424740987,0.8600081295826597,0.8598472924172564,0.8612159598990852,0.8607787664869901,0.860399821270734,0.8639290424740987,0.8636928878286825,0.8646162114160878,0.8645551812840327,0.865321995525905,0.8646162114160878
bank,contact,3074.0,0.2563,0.64,9.625,0.0013,0.5001,0.8257,13.1244,7.773,0.5554,0.4924,0.4263,7.0,9.0,TabNet,0.8462675810316013,0.8396388205883794,0.8386886905596229,0.842910161500379,0.8418622553260268,0.8451719359869756,0.8461246364106475,0.8396388205883794,0.84160997810737,0.8425833096650581,0.8422520903066933,0.8371525942283512,0.8431112875269335
bank,contact,3074.0,0.2017,0.6398,8.9714,0.0012,0.5023,0.8328,10.774,7.7824,0.5594,0.4956,0.4309,7.0,9.0,MLP,0.8572836110168068,0.8597774193289918,0.8579841139657094,0.8559681985773652,0.8623695501497822,0.8572558375998657,0.8619053290148017,0.8597774193289918,0.8663738152251227,0.8662901520828141,0.8642802265433094,0.8591559780566274,0.8597511921171814
bank,contact,3074.0,0.2017,0.6398,8.9714,0.0012,0.5023,0.8328,10.774,7.7824,0.5594,0.4956,0.4309,7.0,9.0,TabNet,0.8332322504836044,0.8405787431795874,0.8345179127464648,0.8353497434835432,0.8481725627081742,0.8335584065146502,0.8481691903561867,0.8405787431795874,0.8459817565837808,0.8416444483420497,0.8412779769942204,0.8349379780820071,0.8393070880698744
bank,contact,3074.0,0.1516,0.6465,10.2805,0.0012,0.4938,0.8151,11.0606,7.7722,0.5492,0.4852,0.4318,7.0,9.0,MLP,0.8609445690954955,0.8647659398606511,0.8635392997913375,0.8581837261805672,0.8625635507890311,0.8594983580561282,0.8604342737086619,0.8647659398606511,0.8649351050865347,0.8655301595204736,0.8653680182831631,0.862168730530338,0.8646584277777032
bank,contact,3074.0,0.1516,0.6465,10.2805,0.0012,0.4938,0.8151,11.0606,7.7722,0.5492,0.4852,0.4318,7.0,9.0,TabNet,0.8349296443958418,0.841764695778209,0.8337614922660082,0.8459172994072487,0.8481258521166485,0.8467888892182902,0.84735395295784,0.841764695778209,0.8433403232044946,0.8470327265637559,0.8454199592699856,0.8328561891692297,0.8477036738548563
bank,contact,3074.0,0.0976,0.6373,9.5054,0.0011,0.5021,0.8285,10.9052,7.7714,0.5572,0.4945,0.4231,7.0,9.0,MLP,0.8617097818068108,0.8633033624475348,0.864517148801106,0.8562771938716468,0.8646730628180168,0.8575705723599759,0.861464140879259,0.8633033624475348,0.8670501754839224,0.8686394275954349,0.8672531724031839,0.8672369169472046,0.867644489154167
bank,contact,3074.0,0.0976,0.6373,9.5054,0.0011,0.5021,0.8285,10.9052,7.7714,0.5572,0.4945,0.4231,7.0,9.0,TabNet,0.8492228940708035,0.8455601352674007,0.8439617280272877,0.8444731087377298,0.8480022655630592,0.8453774518666338,0.843045653330521,0.8455601352674007,0.8419954457587835,0.8470358179402779,0.8473094670413206,0.8432972641978382,0.8462478404383799
bank,contact,3074.0,0.0475,0.638,9.5306,0.001,0.5016,0.8279,13.1013,7.7719,0.5568,0.494,0.4239,7.0,9.0,MLP,0.8625277178328776,0.8688147987669386,0.8682376927901007,0.8577161899962932,0.8627669471287351,0.8603352409119249,0.859195633344003,0.8688147987669386,0.8694657333002608,0.8681333497282758,0.8689617483081414,0.8659767384551175,0.8678800771877688
bank,contact,3074.0,0.0475,0.638,9.5306,0.001,0.5016,0.8279,13.1013,7.7719,0.5568,0.494,0.4239,7.0,9.0,TabNet,0.8388806616646611,0.8446921913341991,0.8456777403684177,0.8457570044879676,0.8457579099488646,0.8495373196931164,0.8424054686419755,0.8446921913341991,0.8467789529869962,0.8455504000041068,0.8438908618218832,0.8467585810211493,0.8431011237674306
bank,month,3074.0,0.4951,0.3093,60.0,0.0077,0.8323,2.0206,0.6989,3.0,0.0,nan,nan,3.0,3.0,MLP,0.8650523162773318,0.8619266991140541,0.8584754088427684,0.8577039151379066,0.8644531000369975,0.8590046382173596,0.8540807894302584,0.8619266991140541,0.8597086026247833,0.8621007269586608,0.8564287578186152,0.8653203274910979,0.8620143669271219
bank,month,3074.0,0.4951,0.3093,60.0,0.0077,0.8323,2.0206,0.6989,3.0,0.0,nan,nan,3.0,3.0,TabNet,0.861858414138917,0.8424785721094544,0.8215973965122287,0.8499253392999248,0.8386854645222086,0.8569117925700858,0.8386958532210944,0.8424785721094544,0.8423812616118116,0.8523758116748511,0.8357977959087681,0.8353217024145849,0.8310251067493561
bank,month,3074.0,0.4551,0.3039,72.7143,0.0072,0.8356,2.0488,0.6434,3.0,0.0,nan,nan,3.0,3.0,MLP,0.8557897981157687,0.8560761838205984,0.8451230169969352,0.8578636763023785,0.8679426432219766,0.8529839210093193,0.8468085926136153,0.8560761838205984,0.8625864872270477,0.8662177944790035,0.856040455623694,0.8564918253980364,0.8581372068128073
bank,month,3074.0,0.4551,0.3039,72.7143,0.0072,0.8356,2.0488,0.6434,3.0,0.0,nan,nan,3.0,3.0,TabNet,0.8569425499530877,0.8368876909489473,0.8326294498475043,0.8455145929194745,0.8452592962553215,0.8389021195869848,0.846759475961448,0.8368876909489473,0.8370782182187804,0.8314076873490239,0.8445431076213046,0.834275288332694,0.8410940802042974
bank,month,3074.0,0.4027,0.3126,82.0,0.0065,0.8307,2.0215,0.2327,3.0,0.0,nan,nan,3.0,3.0,MLP,0.852158306083817,0.850965189169689,0.8508424039784224,0.8553184316467349,0.8616983168788094,0.8498745697462897,0.8478880039077276,0.850965189169689,0.8568385668229113,0.8590864668675848,0.847465744049338,0.8528815552762015,0.8504784392501392
bank,month,3074.0,0.4027,0.3126,82.0,0.0065,0.8307,2.0215,0.2327,3.0,0.0,nan,nan,3.0,3.0,TabNet,0.8357600630077188,0.8276187154959012,0.8142628810234975,0.8549009525292073,0.8416820233940632,0.8414210715633936,0.8319577121306425,0.8276187154959012,0.8311938668366851,0.8323116690223643,0.8363350663165401,0.8271319825935037,0.83425881057237
bank,month,3074.0,0.3517,0.3051,76.0,0.006,0.8347,2.0337,0.6694,3.0,0.0,nan,nan,3.0,3.0,MLP,0.8629480069738242,0.8666005535862755,0.8586596574007416,0.8601295020983847,0.8645743758102704,0.8601561051148772,0.8440830917410906,0.8666005535862755,0.8616682853482713,0.8677278767329966,0.8610146271627701,0.8681640769418931,0.8632172704770739
bank,month,3074.0,0.3517,0.3051,76.0,0.006,0.8347,2.0337,0.6694,3.0,0.0,nan,nan,3.0,3.0,TabNet,0.8486543992547064,0.8278500236927226,0.8260630537283203,0.8497401885680569,0.838350719679912,0.8489365371448816,0.8440232694318477,0.8278500236927226,0.8418737663980909,0.8338595265358948,0.8448007914984463,0.8364294868642573,0.8422208119065311
bank,month,3074.0,0.3032,0.3044,93.1429,0.0056,0.8343,2.0341,0.6453,3.0,0.0,nan,nan,3.0,3.0,MLP,0.8562491654669427,0.8530075793401045,0.8517572961214722,0.8507997194287693,0.8570787076187896,0.8535728422116838,0.8482949601202198,0.8530075793401045,0.8570993987148889,0.8559014381685875,0.8608750289214485,0.8609158577078899,0.8604462866722369
bank,month,3074.0,0.3032,0.3044,93.1429,0.0056,0.8343,2.0341,0.6453,3.0,0.0,nan,nan,3.0,3.0,TabNet,0.8438135092080158,0.8376362059237417,0.8343576681313267,0.8328857552982287,0.8362564089844855,0.8327091675810018,0.8368718709967911,0.8376362059237417,0.8361349491789154,0.8370599127523708,0.8408544614490687,0.8380850772648786,0.8391495521887345
bank,month,3074.0,0.2505,0.3069,101.0,0.0052,0.8324,2.0217,0.7223,3.0,0.0,nan,nan,3.0,3.0,MLP,0.8538460355696265,0.8613429322184499,0.8551978229473491,0.8547644651578559,0.8624217506272649,0.8560228152502287,0.8517306131821416,0.8613429322184499,0.8627416235933678,0.8629316061373544,0.8611535947780927,0.8607214848788389,0.8644801267413733
bank,month,3074.0,0.2505,0.3069,101.0,0.0052,0.8324,2.0217,0.7223,3.0,0.0,nan,nan,3.0,3.0,TabNet,0.8592764128441256,0.8427886264427531,0.8404364783135323,0.84708243360711,0.8402855766095315,0.8480993514709202,0.842106972938092,0.8427886264427531,0.8438903739449569,0.8437221485717542,0.8370586637187306,0.8403070214526992,0.8428358649220189
bank,month,3074.0,0.1906,0.3075,85.0,0.0048,0.8328,2.0282,0.6602,3.0,0.0,nan,nan,3.0,3.0,MLP,0.8570591837904915,0.8611419971683921,0.8559878315814804,0.8540640171705457,0.8611400791920198,0.8540945998160729,0.8556397867349699,0.8611419971683921,0.861922329379838,0.8622823970910423,0.8609045824283564,0.864772058883183,0.8596681564959698
bank,month,3074.0,0.1906,0.3075,85.0,0.0048,0.8328,2.0282,0.6602,3.0,0.0,nan,nan,3.0,3.0,TabNet,0.8401493752020369,0.8385760512360859,0.8285608461441741,0.8484944172818903,0.8383175968807257,0.8423119136918205,0.8398484280795446,0.8385760512360859,0.8431958935665657,0.8367055430868746,0.8385896095946669,0.8368260575258485,0.8380687663406396
bank,month,3074.0,0.1464,0.3148,82.6,0.0046,0.8314,2.0327,0.649,3.0,0.0,nan,nan,3.0,3.0,MLP,0.858000382770256,0.8630713572234572,0.8531454423473868,0.8409768096593471,0.8611075668289251,0.8391429371998091,0.8462885894944128,0.8630713572234572,0.8596756783913015,0.8632269482424552,0.8575365399693585,0.8646768903385955,0.8614394956110552
bank,month,3074.0,0.1464,0.3148,82.6,0.0046,0.8314,2.0327,0.649,3.0,0.0,nan,nan,3.0,3.0,TabNet,0.8323936259173509,0.8308383072401925,0.8382162268970844,0.84573641514277,0.8405541899524877,0.8409831639352774,0.8362412675201873,0.8308383072401925,0.8430199051981242,0.8427140155550642,0.8475041855645444,0.8347685151620614,0.8343680340227404
bank,month,3074.0,0.1031,0.3108,95.2222,0.0044,0.8303,2.0166,0.6546,3.0,0.0,nan,nan,3.0,3.0,MLP,0.8629760921970155,0.8592284472426424,0.860061450173278,0.8575380785937905,0.8635741651398429,0.8532985988241252,0.8557246079316835,0.8592284472426424,0.8601121663809872,0.8606914417400698,0.8605415347154837,0.8592010465660345,0.8594547816330849
bank,month,3074.0,0.1031,0.3108,95.2222,0.0044,0.8303,2.0166,0.6546,3.0,0.0,nan,nan,3.0,3.0,TabNet,0.8375483140095938,0.8307184220019825,0.8282827834134983,0.846741535724927,0.8353885139281912,0.8469277683253775,0.8440658231187572,0.8307184220019825,0.8268763355993904,0.8298846493050103,0.8319185456929112,0.8404629090303632,0.8289603488601317
bank,month,3074.0,0.0507,0.3043,88.8,0.0041,0.834,2.0317,0.6541,3.0,0.0,nan,nan,3.0,3.0,MLP,0.8639144837549171,0.866229586243486,0.8663874420466748,0.851182470730385,0.8633065987813436,0.8565810857114342,0.8543384174345985,0.866229586243486,0.8690149317062138,0.8672643631103025,0.8658332712133969,0.8681370317481076,0.8697166440434536
bank,month,3074.0,0.0507,0.3043,88.8,0.0041,0.834,2.0317,0.6541,3.0,0.0,nan,nan,3.0,3.0,TabNet,0.8466668536886252,0.8483767210828466,0.8440094307836733,0.8506845569977246,0.8521447498430573,0.8543780856773044,0.8546112985894606,0.8483767210828466,0.8500292086483894,0.8528584870143281,0.8410129144053724,0.8447087544072016,0.8516382815977974
drug,Sex,200.0,0.545,0.5055,1.0222,0.022,0.5055,0.6931,12.8434,1.0,0.0,nan,nan,1.0,1.0,MLP,0.942222497602315,0.9587655758789233,0.9416534693087643,0.6158943467989795,0.9543369211726209,0.6405375396630733,0.6718440191733259,0.9587655758789233,0.9625960798460798,0.9624872266696531,0.9670676973685448,0.9462333529248963,0.9632834244522297
drug,Sex,200.0,0.545,0.5055,1.0222,0.022,0.5055,0.6931,12.8434,1.0,0.0,nan,nan,1.0,1.0,TabNet,0.9198170564289504,0.9547990327173503,0.9670929756865118,0.6095638653306666,0.9627800212809887,0.6402178128854557,0.6808368201521896,0.9547990327173503,0.9382943008995385,0.9419808125561029,0.9511292816634973,0.9289557011728221,0.9424291328769228
drug,Sex,200.0,0.465,0.5421,1.1837,0.0187,0.5011,0.6896,9.4042,1.0,0.0,nan,nan,1.0,1.0,MLP,0.9376099733683567,0.9461709941752579,0.958494301994302,0.7149683291352928,0.9587279167787642,0.6740500608782343,0.7043113092581178,0.9461709941752579,0.9418102634621398,0.9582251027078614,0.9587684482512069,0.9417595907827001,0.950991985119577
drug,Sex,200.0,0.465,0.5421,1.1837,0.0187,0.5011,0.6896,9.4042,1.0,0.0,nan,nan,1.0,1.0,TabNet,0.9229427394943439,0.9424703249540992,0.9668915314231722,0.7285190396448793,0.9503277983786458,0.6765243575776452,0.7149664891878006,0.9424703249540992,0.9500946352916796,0.951489979356239,0.9463047620098535,0.9135754854106051,0.9427598239764949
drug,Sex,200.0,0.34,0.5303,1.129,0.0152,0.502,0.6913,8.5227,1.0,0.0,nan,nan,1.0,1.0,MLP,0.9040576451164918,0.937309894448004,0.9373025609409404,0.6575547866234145,0.920155802786323,0.6571181821694096,0.6510796027208757,0.937309894448004,0.9330316419147606,0.9242076880385449,0.9458451604323198,0.899104837051226,0.9327832504570744
drug,Sex,200.0,0.34,0.5303,1.129,0.0152,0.502,0.6913,8.5227,1.0,0.0,nan,nan,1.0,1.0,TabNet,0.8988598597946202,0.9285731054105585,0.9124603527942037,0.6484824236298293,0.9120787912582543,0.6732972764425064,0.6603806477033645,0.9285731054105585,0.9204702174758782,0.920168747377524,0.9415329407558048,0.8638067640449525,0.9145191652155638
drug,Sex,200.0,0.305,0.5396,1.1719,0.0144,0.5005,0.69,14.973,1.0,0.0,nan,nan,1.0,1.0,MLP,0.9297383631761912,0.9416421486249074,0.9505981278771944,0.6837914815727204,0.9591308239280987,0.6856966493598988,0.6762773323395244,0.9416421486249074,0.9502404172813155,0.9419880761642014,0.9545574257793148,0.8981231733503005,0.9460081437409025
drug,Sex,200.0,0.305,0.5396,1.1719,0.0144,0.5005,0.69,14.973,1.0,0.0,nan,nan,1.0,1.0,TabNet,0.8951223510156829,0.9537704723708781,0.9501464503164232,0.6855731371436018,0.9540345699754013,0.680208067352804,0.6964230456920845,0.9537704723708781,0.9500779562855212,0.9374348822471967,0.942489022782167,0.916843296305946,0.9503515575734467
drug,Sex,200.0,0.275,0.5172,1.0714,0.0138,0.5029,0.6926,7.5431,1.0,0.0,nan,nan,1.0,1.0,MLP,0.9500492838177568,0.9580503291024468,0.9460956997670993,0.7005666716747756,0.945807745297363,0.6743200893200894,0.6806322634845376,0.9580503291024468,0.9668294286927761,0.9627136504241767,0.9671047727345903,0.9459924777069297,0.962219174418351
drug,Sex,200.0,0.275,0.5172,1.0714,0.0138,0.5029,0.6926,7.5431,1.0,0.0,nan,nan,1.0,1.0,TabNet,0.9337576426953885,0.9669655452718333,0.9180160829502875,0.7056367668553127,0.9327038229280274,0.6656279121328421,0.7007895027089089,0.9669655452718333,0.926440138147756,0.9422966559665027,0.9386570615455784,0.9167415896295046,0.931347085942887
drug,Sex,200.0,0.235,0.5163,1.0676,0.0131,0.5028,0.6926,25.6127,1.0,0.0,nan,nan,1.0,1.0,MLP,0.9152412446783098,0.9414595021662636,0.9504728272055858,0.6557698452849678,0.9272690300432641,0.7009582919051005,0.6584971180122405,0.9414595021662636,0.946128022228428,0.9372690662078613,0.9332587589256608,0.9253936392614671,0.9462345196530142
drug,Sex,200.0,0.235,0.5163,1.0676,0.0131,0.5028,0.6926,25.6127,1.0,0.0,nan,nan,1.0,1.0,TabNet,0.9058949235401552,0.9375372612526744,0.9258500704359164,0.6679073928522458,0.9213400984844573,0.6721474653500878,0.6570265477231498,0.9375372612526744,0.9336508960307888,0.9249548458720034,0.9121680345100318,0.9200522363457231,0.9416677889611067
drug,Sex,200.0,0.185,0.5399,1.1733,0.0123,0.4999,0.69,26.4954,1.0,0.0,nan,nan,1.0,1.0,MLP,0.8943938472963897,0.9362607346050602,0.9418198794669383,0.6723696692466248,0.9064762010415635,0.6622045140263225,0.674383153302077,0.9362607346050602,0.9278716971719052,0.9416177084869035,0.9378280460608047,0.879673419897453,0.9546474157077871
drug,Sex,200.0,0.185,0.5399,1.1733,0.0123,0.4999,0.69,26.4954,1.0,0.0,nan,nan,1.0,1.0,TabNet,0.8924294442442662,0.9496359210225058,0.9077019367474886,0.6640642995694184,0.9146117450718276,0.6585094686690431,0.6811081097551686,0.9496359210225058,0.9494463410988836,0.9286709288261064,0.9151134511462902,0.8902757412972716,0.9211362065969757
drug,Sex,200.0,0.12,0.5114,1.0465,0.0114,0.5026,0.6929,25.4261,1.0,0.0,nan,nan,1.0,1.0,MLP,0.9189600415687371,0.929685904977487,0.9371953921180758,0.6617695872477578,0.9245277941376308,0.6765332539800625,0.6709565887786664,0.9373336619234451,0.9416173771001357,0.9373092538508361,0.9416211968098378,0.9238551501547514,0.9415226058583057
drug,Sex,200.0,0.12,0.5114,1.0465,0.0114,0.5026,0.6929,25.4261,1.0,0.0,nan,nan,1.0,1.0,TabNet,0.9132139291550743,0.9252077823537521,0.9461103590381466,0.6947579271423483,0.8990061621538797,0.6725781381056113,0.6845996338209452,0.9298796445751005,0.9505324343916037,0.9333631272866871,0.9258791835488449,0.8951960620097958,0.9295900401453208
drug,Sex,200.0,0.1,0.5333,1.1429,0.0111,0.5006,0.6909,26.25,1.0,0.0,nan,nan,1.0,1.0,MLP,0.9081996096862561,0.9454472159980635,0.9464156200150879,0.6750911255627365,0.9419541332976387,0.6821401117854403,0.6802614938706995,0.9454041736369323,0.9501372220467651,0.9496229014237489,0.9454472159980635,0.9141343462575708,0.9454472159980635
drug,Sex,200.0,0.1,0.5333,1.1429,0.0111,0.5006,0.6909,26.25,1.0,0.0,nan,nan,1.0,1.0,TabNet,0.9277024301959128,0.9334765097054184,0.9542530925875409,0.6862277526265543,0.9251855937118898,0.693046469950453,0.6727605599666558,0.9376224792043291,0.9460867970094806,0.941680213409122,0.9335047525682201,0.9257414370268997,0.9334765097054184
drug,Sex,200.0,0.035,0.5337,1.1444,0.0104,0.5003,0.6909,26.263,1.0,0.0,nan,nan,1.0,1.0,MLP,0.9205408657052361,0.933172076241306,0.9330634996050817,0.6692532935250552,0.9083066372751427,0.6803473948532088,0.6803473948532088,0.9331918134485433,0.9331868600409422,0.9331918134485433,0.9289263219955519,0.9416888247073774,0.933172076241306
drug,Sex,200.0,0.035,0.5337,1.1444,0.0104,0.5003,0.6909,26.263,1.0,0.0,nan,nan,1.0,1.0,TabNet,0.8854793312665373,0.9292443352483704,0.9256364469932499,0.6643270180546966,0.8990390997595863,0.6543581507145336,0.6543581507145336,0.9297961212237191,0.9377489938493995,0.9297961212237191,0.9250507508533488,0.9047309303043429,0.9292443352483704
drug,BP,200.0,0.535,0.4409,1.64,0.0323,0.6561,1.0733,4.7126,4.3118,1.1545,0.6236,0.2275,3.0,6.0,MLP,0.7415789032802245,0.6889196024397866,0.7091547529111072,0.7128277440840127,0.7084591485491909,0.7297294589622176,0.6692668232245335,0.6889196024397866,0.6914052792527111,0.6887311995463267,0.6767784266696407,0.757922272823119,0.7398386020644045
drug,BP,200.0,0.535,0.4409,1.64,0.0323,0.6561,1.0733,4.7126,4.3118,1.1545,0.6236,0.2275,3.0,6.0,TabNet,0.7127194366635459,0.6081604243474329,0.7125113714927311,0.7084704692059033,0.7070485513335854,0.7188249902247071,0.675314476529279,0.6081604243474329,0.6562763688330642,0.6846504551208127,0.6655089979106255,0.708963007001432,0.7103759373658075
drug,BP,200.0,0.435,0.3982,1.4062,0.0265,0.6656,1.0884,4.4612,4.354,1.1968,0.6007,0.199,3.0,6.0,MLP,0.7843169262341666,0.715934092540312,0.7766097792849421,0.7842067211154434,0.7415700690921525,0.7626057830751088,0.7581539658558505,0.715934092540312,0.7584917673142382,0.7128722873639921,0.7162689397448169,0.7951289356036091,0.7085820356336185
drug,BP,200.0,0.435,0.3982,1.4062,0.0265,0.6656,1.0884,4.4612,4.354,1.1968,0.6007,0.199,3.0,6.0,TabNet,0.7697519712643113,0.6927661363755309,0.7204018165045392,0.7679670081485799,0.7501249041984805,0.7528803803180203,0.7277412235106435,0.6927661363755309,0.722121503118992,0.6598888635440696,0.6816960095570599,0.773944037716992,0.69055057225468
drug,BP,200.0,0.38,0.3871,1.4118,0.0242,0.6656,1.0889,2.8807,4.2097,1.1796,0.6436,0.2368,3.0,6.0,MLP,0.7726399785143798,0.7624697357870607,0.741246755344897,0.7142876597326946,0.708945500490424,0.7642475822863348,0.7717200974313044,0.7624697357870607,0.7343381301266966,0.7681748141946065,0.7526500195448118,0.7837593126423392,0.7534767654415241
drug,BP,200.0,0.38,0.3871,1.4118,0.0242,0.6656,1.0889,2.8807,4.2097,1.1796,0.6436,0.2368,3.0,6.0,TabNet,0.7667030938889208,0.6948888736248947,0.7026012349778558,0.7357968344852615,0.7554732918452034,0.7505311513735731,0.8069967168377942,0.6948888736248947,0.6902402998507312,0.6489300400652476,0.684310665620773,0.7704952418673745,0.7733066956746656
drug,BP,200.0,0.315,0.3723,1.2439,0.0219,0.6688,1.0946,4.0401,4.3577,1.2187,0.594,0.1895,3.0,6.0,MLP,0.7951843811929605,0.7557029415611518,0.7607597784748209,0.7480483790065879,0.7306890774058786,0.7954740054327476,0.751726253571637,0.7557029415611518,0.727051761838442,0.7482055600483638,0.7513038093754557,0.8178270414376145,0.7783946816274402
drug,BP,200.0,0.315,0.3723,1.2439,0.0219,0.6688,1.0946,4.0401,4.3577,1.2187,0.594,0.1895,3.0,6.0,TabNet,0.7436559458205486,0.6883942033348942,0.7552681538037576,0.754682040414799,0.724534056398917,0.7736302572465098,0.7493010910774414,0.6883942033348942,0.7026883150747398,0.6703754361480587,0.6940068205262455,0.7447359572724414,0.774383331364674
drug,BP,200.0,0.29,0.3873,1.2791,0.0211,0.667,1.0922,11.6038,4.2958,1.1973,0.6165,0.209,3.0,6.0,MLP,0.8181191031427928,0.8154719600290112,0.8001118184461217,0.7883443390714251,0.7774272521566907,0.829530681699745,0.7736270165584052,0.8154719600290112,0.7908565976033092,0.7791229149409061,0.8190888527515569,0.8005693813240659,0.7919850233947094
drug,BP,200.0,0.29,0.3873,1.2791,0.0211,0.667,1.0922,11.6038,4.2958,1.1973,0.6165,0.209,3.0,6.0,TabNet,0.7620372664468924,0.812785378297569,0.7618207893722652,0.7564774628129891,0.7591262718762719,0.789734563988419,0.7807028214341141,0.812785378297569,0.7774491276692534,0.7108718186287017,0.8283386727800224,0.7904726423855695,0.8066670447693349
drug,BP,200.0,0.235,0.3922,1.4286,0.0196,0.6641,1.0882,3.0259,4.2157,1.1768,0.6427,0.237,3.0,6.0,MLP,0.8292814057997473,0.7681647830680702,0.8190680650948717,0.8110330048275962,0.8102634878855363,0.7988131831566883,0.818296900181575,0.7681647830680702,0.7727446474289823,0.8405904775859165,0.8322678742356386,0.8381284357703721,0.8288380315817422
drug,BP,200.0,0.235,0.3922,1.4286,0.0196,0.6641,1.0882,3.0259,4.2157,1.1768,0.6427,0.237,3.0,6.0,TabNet,0.7977610669517803,0.7334368692925914,0.7978265205420378,0.8107886230643668,0.7624988450814723,0.7887936122650081,0.8030489387720701,0.7334368692925914,0.7281516011790025,0.810868655474674,0.779414264698068,0.7272319918643448,0.7421345511786688
drug,BP,200.0,0.2,0.3812,1.4186,0.0188,0.6641,1.0882,2.7881,4.1875,1.1789,0.6496,0.2427,3.0,6.0,MLP,0.8464695478563662,0.8095840325998501,0.8512872815552885,0.7494143377745415,0.7734701358083216,0.8031377890698831,0.7698465341294288,0.8104013402921578,0.790241945612433,0.7852485511875202,0.8086495121219817,0.8335346575938682,0.8532439763142975
drug,BP,200.0,0.2,0.3812,1.4186,0.0188,0.6641,1.0882,2.7881,4.1875,1.1789,0.6496,0.2427,3.0,6.0,TabNet,0.7639378162936734,0.7087850141436673,0.8383136134514655,0.7491460991293002,0.7523386535056757,0.8095586469090527,0.7885335793998074,0.7368931298728921,0.7505940974838247,0.721556493127487,0.7369567544806246,0.7576704554140032,0.8191752393312579
drug,BP,200.0,0.165,0.4012,1.3673,0.018,0.6637,1.0884,2.6934,4.3174,1.1892,0.6127,0.2088,3.0,6.0,MLP,0.8802468529767611,0.8080483378807696,0.8595435417592815,0.83873881569087,0.8142187294941096,0.8135087958027718,0.8061558708299135,0.8080483378807696,0.8187565591725098,0.8463784679805118,0.8600948016833965,0.9019411447950089,0.8583792363197896
drug,BP,200.0,0.165,0.4012,1.3673,0.018,0.6637,1.0884,2.6934,4.3174,1.1892,0.6127,0.2088,3.0,6.0,TabNet,0.8651671200464806,0.8246041997954963,0.8578053488778437,0.831223200603018,0.8291917717580337,0.7948435243327359,0.7742760556398847,0.8246041997954963,0.8054214866186118,0.8295654300550269,0.8642556636364344,0.9059292015470801,0.8617019409288231
drug,BP,200.0,0.08,0.3967,1.3273,0.0163,0.6642,1.0898,11.6792,4.2935,1.1891,0.6191,0.2135,3.0,6.0,MLP,0.9090308791589707,0.910205366452831,0.8939669924233495,0.8525875905754364,0.8875649498211838,0.8293691239826045,0.8530409362442226,0.9188719151320687,0.910205366452831,0.9066355306790251,0.9109335731751375,0.9088796813013332,0.9385951698960173
drug,BP,200.0,0.08,0.3967,1.3273,0.0163,0.6642,1.0898,11.6792,4.2935,1.1891,0.6191,0.2135,3.0,6.0,TabNet,0.8959783174175766,0.9057478510651685,0.9121440558922415,0.8219591028000093,0.9126815165877301,0.8391098862094926,0.8460635215174689,0.9145031777434675,0.9057478510651685,0.8950084534919431,0.8945033040700263,0.8846921041065933,0.9217360894751039
drug,BP,200.0,0.06,0.367,1.2105,0.016,0.6682,1.0955,11.5007,4.2766,1.2108,0.6185,0.2064,3.0,6.0,MLP,0.9463183094778526,0.9168180548305391,0.8862345661787959,0.823010627110073,0.8976776687604975,0.8136812710413517,0.8267778847862718,0.8789012181585725,0.8879785655852508,0.9119551661178489,0.8916312678981434,0.8996942087615263,0.8996470208228682
drug,BP,200.0,0.06,0.367,1.2105,0.016,0.6682,1.0955,11.5007,4.2766,1.2108,0.6185,0.2064,3.0,6.0,TabNet,0.8587442735525986,0.9171926560710486,0.860933345449282,0.8292494621565906,0.8766063014248473,0.7937131056869631,0.7919687796087154,0.8840707189410276,0.8194982002273615,0.9159822064209403,0.8592473243646694,0.9002119868616473,0.8845582450519482
drug,Cholesterol,200.0,0.47,0.5094,1.0385,0.0189,0.5046,0.693,13.0896,4.9811,0.9998,0.5094,0.1194,4.0,6.0,MLP,0.8730257905152565,0.877872186223429,0.8909765173433289,0.6700487992290103,0.872102032780426,0.7131592210117312,0.7038365795945584,0.877872186223429,0.8787924355150416,0.8870938936063126,0.9011390098528441,0.8734306109837556,0.8598198517066441
drug,Cholesterol,200.0,0.47,0.5094,1.0385,0.0189,0.5046,0.693,13.0896,4.9811,0.9998,0.5094,0.1194,4.0,6.0,TabNet,0.8261767123788757,0.8853548244184516,0.898362547524615,0.681576386891264,0.8633418973566291,0.7002413838518733,0.6857159531952434,0.8853548244184516,0.8605331362124601,0.8944832612133926,0.8811545147174343,0.8499557907247073,0.8613449623871332
drug,Cholesterol,200.0,0.46,0.5093,1.0377,0.0185,0.5045,0.693,13.0787,5.0185,0.9998,0.4907,0.1193,4.0,6.0,MLP,0.8404824723377773,0.8435893278992143,0.8680906146708919,0.7199975269967652,0.8520604805053333,0.6645488480292402,0.6927273541605545,0.8435893278992143,0.8582737889205836,0.8757862279201731,0.9102304175256762,0.8346018663875807,0.8598707399443186
drug,Cholesterol,200.0,0.46,0.5093,1.0377,0.0185,0.5045,0.693,13.0787,5.0185,0.9998,0.4907,0.1193,4.0,6.0,TabNet,0.8020011777749724,0.8593863296852648,0.8357033062437013,0.7061238353150118,0.8459337855888189,0.6474070922927361,0.7008409750910833,0.8593863296852648,0.8697503511184738,0.8779684875239586,0.883096191204294,0.8256250413713925,0.8555761324958197
drug,Cholesterol,200.0,0.365,0.5197,1.082,0.0157,0.5032,0.6924,7.7264,4.9606,0.9992,0.5197,0.1199,4.0,6.0,MLP,0.8823485286553975,0.9080602520749943,0.904430636413395,0.6695717721968143,0.8843062256540589,0.6741857550467705,0.661436521641287,0.9080602520749943,0.9004129398270868,0.8944613981781994,0.9055574415923316,0.9031837217363534,0.9007648437805172
drug,Cholesterol,200.0,0.365,0.5197,1.082,0.0157,0.5032,0.6924,7.7264,4.9606,0.9992,0.5197,0.1199,4.0,6.0,TabNet,0.8379787589888527,0.9008792335523235,0.914204147926037,0.6696319364327838,0.8644339393089393,0.6817029716000585,0.6791483943220167,0.9008792335523235,0.8928015449351081,0.918228399955718,0.9166471363530679,0.8959658464075697,0.8663169737693395
drug,Cholesterol,200.0,0.355,0.5039,1.0156,0.0155,0.5039,0.6931,6.5407,5.0078,1.0,0.4961,0.1192,4.0,6.0,MLP,0.874988306247088,0.9216347353223753,0.9126299788639658,0.6611018038998546,0.8564105976772091,0.6751621785006805,0.6708819591935204,0.9216347353223753,0.9021273593191625,0.8562687452313574,0.8891050747483685,0.8591632778276002,0.9140483675268466
drug,Cholesterol,200.0,0.355,0.5039,1.0156,0.0155,0.5039,0.6931,6.5407,5.0078,1.0,0.4961,0.1192,4.0,6.0,TabNet,0.8340989931674515,0.9025887426106771,0.8577428383243872,0.6771187700127917,0.832530817255082,0.6724503610650685,0.6670613535023172,0.9025887426106771,0.8660669885043143,0.8337628146294516,0.886360596018808,0.8528347288118066,0.8925649227219447
drug,Cholesterol,200.0,0.32,0.5735,1.3448,0.0147,0.4928,0.6823,17.0956,4.8529,0.9891,0.5738,0.1288,4.0,6.0,MLP,0.8847314586662686,0.8441393144761284,0.8704157328301793,0.6896146767885898,0.8711169895108948,0.6690318139016731,0.6713989553021416,0.8441393144761284,0.8905139193354562,0.8942535653215163,0.8838516604416975,0.9086126272831379,0.9251103998947109
drug,Cholesterol,200.0,0.32,0.5735,1.3448,0.0147,0.4928,0.6823,17.0956,4.8529,0.9891,0.5738,0.1288,4.0,6.0,TabNet,0.8244759059238419,0.8557119266434923,0.8808365529765803,0.6740012658688062,0.8504692431507734,0.6798107792084774,0.7009071096505021,0.8557119266434923,0.871025756329969,0.8829922750662204,0.88243026713021,0.7996361506543728,0.9012828982611591
drug,Cholesterol,200.0,0.295,0.5177,1.0735,0.0142,0.5029,0.6925,13.6082,5.0355,0.9994,0.4823,0.1197,4.0,6.0,MLP,0.8614190804400204,0.8896277581984983,0.8894368715997774,0.6487218331928268,0.8838122737484637,0.6083167207767104,0.6347308137580934,0.8896277581984983,0.894336358028761,0.88502912813536,0.8586781639061906,0.8785220729706023,0.894471712894791
drug,Cholesterol,200.0,0.295,0.5177,1.0735,0.0142,0.5029,0.6925,13.6082,5.0355,0.9994,0.4823,0.1197,4.0,6.0,TabNet,0.8412724919364536,0.89455998644891,0.888364247118717,0.6477355514855514,0.8736362068874983,0.6193545758014561,0.6575073158994754,0.89455998644891,0.8683395896361321,0.8733176656765561,0.8569069677896727,0.8326674069637456,0.892095310393869
drug,Cholesterol,200.0,0.18,0.5061,1.0247,0.0122,0.503,0.6931,12.8811,4.9878,0.9999,0.5061,0.1193,4.0,6.0,MLP,0.8888549370322946,0.9044293881020716,0.916864135330376,0.6832322344274099,0.9244814275421324,0.6645167057784982,0.6571802957049317,0.9087680124406959,0.9226726082029593,0.911236182422229,0.889881507530528,0.9079594479788125,0.896682647518174
drug,Cholesterol,200.0,0.18,0.5061,1.0247,0.0122,0.503,0.6931,12.8811,4.9878,0.9999,0.5061,0.1193,4.0,6.0,TabNet,0.8424183673743819,0.9038816710648735,0.8997638850564043,0.695024850655299,0.9294231174627765,0.6512612539251883,0.6791803604303603,0.895819015523957,0.9083465782254401,0.88167621733839,0.8867295401829588,0.8877957458649678,0.8345081328150188
drug,Cholesterol,200.0,0.18,0.5244,1.1026,0.0122,0.5019,0.692,8.0793,4.9512,0.9988,0.5244,0.1202,4.0,6.0,MLP,0.9031729423725106,0.8882076818194333,0.8943860993230617,0.642137070018554,0.9087985802794034,0.6564257844960464,0.6460671513646161,0.8882076818194333,0.9245344712311261,0.9165843681977157,0.916594529717308,0.920630918195033,0.9198357331851393
drug,Cholesterol,200.0,0.18,0.5244,1.1026,0.0122,0.5019,0.692,8.0793,4.9512,0.9988,0.5244,0.1202,4.0,6.0,TabNet,0.8612658872400324,0.8766348699483578,0.8905375340472357,0.6784049684543794,0.9312549620788156,0.694858695968054,0.6771245950276605,0.8766348699483578,0.912873006912605,0.9133745639049435,0.9260974658583317,0.8997912709221116,0.9085025674808284
drug,Cholesterol,200.0,0.07,0.5215,1.0899,0.0108,0.5018,0.6922,13.8441,4.957,0.9991,0.5215,0.12,4.0,6.0,MLP,0.9127780818914294,0.9337856006213004,0.9546278686787162,0.6714941605951817,0.9460817001881074,0.6755329964972252,0.663819464811193,0.9287208292035878,0.9373294288329947,0.9374901231500132,0.9372343070715032,0.9250060822285714,0.9421897693819175
drug,Cholesterol,200.0,0.07,0.5215,1.0899,0.0108,0.5018,0.6922,13.8441,4.957,0.9991,0.5215,0.12,4.0,6.0,TabNet,0.854537972654811,0.9253406667332582,0.9463655772698594,0.6820944151452626,0.9503118476622532,0.6710759447517922,0.6807737983304597,0.9257201230801195,0.9460523951326543,0.920411198882928,0.9243723212171187,0.9210790328542489,0.9216707399954105
drug,Cholesterol,200.0,0.02,0.5153,1.0632,0.0102,0.5021,0.6927,25.574,4.9694,0.9995,0.5153,0.1196,4.0,6.0,MLP,0.9293821536094715,0.9415690573643161,0.9504091408918995,0.6773084273128713,0.9416657035014033,0.6652680673162579,0.6652680673162579,0.9416657035014033,0.94588443128822,0.9415690573643161,0.9415690573643161,0.9292137894024304,0.94588443128822
drug,Cholesterol,200.0,0.02,0.5153,1.0632,0.0102,0.5021,0.6927,25.574,4.9694,0.9995,0.5153,0.1196,4.0,6.0,TabNet,0.9259636018921463,0.9254599319185925,0.9174378436134474,0.6896590163829145,0.921681407067537,0.6826339581078561,0.6826339581078561,0.9294582963658516,0.9172527320898702,0.9419822175736718,0.9419822175736718,0.9381082975173032,0.9172527320898702
electricity-normalized,day,45312.0,0.4987,0.1445,1.0282,0.0003,0.8572,1.9459,0.0072,1.0,0.0,nan,nan,1.0,1.0,MLP,0.7718710655530552,0.7713722338345026,0.7684534847216322,0.7717676547310635,0.7695256515324005,0.7718256532809646,0.7725739291535751,0.7713722338345026,0.7713722338345026,0.772667633713469,0.7746599315979955,0.7711418876903263,0.7731068903261322
electricity-normalized,day,45312.0,0.4987,0.1445,1.0282,0.0003,0.8572,1.9459,0.0072,1.0,0.0,nan,nan,1.0,1.0,TabNet,0.7711789839748843,0.7708227625286168,0.7678160655956601,0.7705200186203236,0.7701986231175273,0.7699763749571069,0.7709806406313098,0.7708227625286168,0.7708227625286168,0.7692017607670009,0.7732538025998652,0.7712913551766665,0.7707098528065697
electricity-normalized,day,45312.0,0.4499,0.1455,1.0348,0.0003,0.8572,1.9458,0.0033,1.0,0.0,nan,nan,1.0,1.0,MLP,0.7750275946865446,0.7740822598495134,0.7718057573501458,0.7726575064314409,0.7737822063067301,0.773601002776382,0.7744043959507588,0.7740822598495134,0.7740822598495134,0.7751695884420003,0.7732938533175355,0.7770443101900666,0.7763582143148824
electricity-normalized,day,45312.0,0.4499,0.1455,1.0348,0.0003,0.8572,1.9458,0.0033,1.0,0.0,nan,nan,1.0,1.0,TabNet,0.7739436640686991,0.7748506800243257,0.7703147063666318,0.7721785600672488,0.7723481628767128,0.7714327797791074,0.7756673169034211,0.7748506800243257,0.7748506800243257,0.774918920418138,0.7753514318481763,0.7753483694666834,0.7750293643332478
electricity-normalized,day,45312.0,0.4014,0.1446,1.024,0.0003,0.8572,1.9459,0.0159,1.0,0.0,nan,nan,1.0,1.0,MLP,0.7769263346981408,0.7749996688035485,0.7723002456347601,0.77428144685903,0.7738958072952724,0.7746409785567259,0.7748521583678938,0.7749996688035485,0.7749996688035485,0.7767418891334444,0.7770042086545084,0.7756701387875973,0.7768587543030508
electricity-normalized,day,45312.0,0.4014,0.1446,1.024,0.0003,0.8572,1.9459,0.0159,1.0,0.0,nan,nan,1.0,1.0,TabNet,0.7753982101549693,0.7746496422511224,0.7714232746920355,0.7721992276855602,0.7735911426563887,0.7709017761693093,0.7737882784788843,0.7746496422511224,0.7746496422511224,0.7754148868475697,0.7755315722401075,0.7755440074036815,0.7746301749801147
electricity-normalized,day,45312.0,0.3489,0.1449,1.0249,0.0002,0.8572,1.9459,0.0236,1.0,0.0,nan,nan,1.0,1.0,MLP,0.7763228941158455,0.7763036218988255,0.7747276424938427,0.7768109983276982,0.7753489734329979,0.7756516883593898,0.7787693364311182,0.7763036218988255,0.7763036218988255,0.7765693797190991,0.7774062162160009,0.7778745718196555,0.7780840406356595
electricity-normalized,day,45312.0,0.3489,0.1449,1.0249,0.0002,0.8572,1.9459,0.0236,1.0,0.0,nan,nan,1.0,1.0,TabNet,0.7758589807456938,0.7770078957514155,0.7733217300835591,0.7741711182687029,0.7733733323280853,0.7749505396255216,0.7750891468177099,0.7770078957514155,0.7770078957514155,0.7764798984642002,0.7741080258984786,0.7773509366988431,0.7753900599324202
electricity-normalized,day,45312.0,0.2986,0.1451,1.0279,0.0002,0.8572,1.9459,0.0267,1.0,0.0,nan,nan,1.0,1.0,MLP,0.7790539634478122,0.7802313239180686,0.7758964458546871,0.7749479274299844,0.7760419610069328,0.7755566992332525,0.7795811029766975,0.7812522351093749,0.7802313239180686,0.7768541998073849,0.7784744811106895,0.7791122710917987,0.7776898216816278
electricity-normalized,day,45312.0,0.2986,0.1451,1.0279,0.0002,0.8572,1.9459,0.0267,1.0,0.0,nan,nan,1.0,1.0,TabNet,0.7763329870276535,0.7801101926558295,0.774359950179063,0.7759974470679818,0.7766109682814721,0.7740493744223645,0.7776514754214687,0.7795465315990382,0.7801101926558295,0.7768308383265299,0.7777353901438732,0.7769928404769668,0.7753126364383579
electricity-normalized,day,45312.0,0.2505,0.1444,1.0174,0.0002,0.8572,1.9459,0.0156,1.0,0.0,nan,nan,1.0,1.0,MLP,0.7812570256590886,0.7795712976718847,0.7744452045311235,0.7780817889784103,0.779250281379096,0.7791530910922491,0.7805784946994215,0.7795712976718847,0.7795712976718847,0.7786046036211792,0.7787825356683035,0.7813338931916864,0.7784525528523579
electricity-normalized,day,45312.0,0.2505,0.1444,1.0174,0.0002,0.8572,1.9459,0.0156,1.0,0.0,nan,nan,1.0,1.0,TabNet,0.7778074135465372,0.7785686512089682,0.7749684395699394,0.7770963436063725,0.7755655355305308,0.7791856212790466,0.777835747766715,0.7785686512089682,0.7785686512089682,0.7774318028163171,0.7780366424561335,0.7794315091778492,0.7772228911126878
electricity-normalized,day,45312.0,0.198,0.1444,1.028,0.0002,0.8572,1.9459,0.0368,1.0,0.0,nan,nan,1.0,1.0,MLP,0.7802329832420211,0.78192025643077,0.7777541306156505,0.7797750547314706,0.7789292824516216,0.7798242482184241,0.7812374694359365,0.7815703852730798,0.78192025643077,0.781279458671313,0.7821878408845987,0.7811112601131518,0.782698931093155
electricity-normalized,day,45312.0,0.198,0.1444,1.028,0.0002,0.8572,1.9459,0.0368,1.0,0.0,nan,nan,1.0,1.0,TabNet,0.7806471858189823,0.7795683581493137,0.7767532948183961,0.7785940041641422,0.7795258283323037,0.7791135764861588,0.7814689156226875,0.7807694511772749,0.7795683581493137,0.7808604961124634,0.780445558877164,0.7794966497347036,0.7802351519124701
electricity-normalized,day,45312.0,0.1531,0.1438,1.0183,0.0002,0.8572,1.9459,0.0241,1.0,0.0,nan,nan,1.0,1.0,MLP,0.7811998020799668,0.7823035978718995,0.7802845133264289,0.7801473275128497,0.7809576504145055,0.7826390057737426,0.7822862324856172,0.7823035978718995,0.7823035978718995,0.7824978097011189,0.7809497701962853,0.7844540172610937,0.7835029128574547
electricity-normalized,day,45312.0,0.1531,0.1438,1.0183,0.0002,0.8572,1.9459,0.0241,1.0,0.0,nan,nan,1.0,1.0,TabNet,0.7788066734818602,0.780677155773964,0.7775734863514864,0.7812289971698048,0.7815453906211427,0.7799290766487961,0.7816845607394872,0.780677155773964,0.780677155773964,0.7787919030620045,0.7806187028344844,0.7813883780812716,0.781802810280281
electricity-normalized,day,45312.0,0.0973,0.1434,1.0074,0.0002,0.8572,1.9459,0.0055,1.0,0.0,nan,nan,1.0,1.0,MLP,0.783796848941704,0.78345813072218,0.7843238560174419,0.7843761032849432,0.7843356935272335,0.7825002081699671,0.7843155035692485,0.782426024970453,0.78345813072218,0.7845098438734877,0.7839728840588542,0.7824235094519973,0.7839856066296057
electricity-normalized,day,45312.0,0.0973,0.1434,1.0074,0.0002,0.8572,1.9459,0.0055,1.0,0.0,nan,nan,1.0,1.0,TabNet,0.7827985073715755,0.7812931988120102,0.7825588237849044,0.7844620089783738,0.7831435012858733,0.7826605017217961,0.78232111903516,0.7829666915662318,0.7812931988120102,0.7810377996332691,0.7818085649451226,0.7840847005887283,0.7834145735504713
electricity-normalized,day,45312.0,0.0505,0.1436,1.01,0.0002,0.8572,1.9459,0.0104,1.0,0.0,nan,nan,1.0,1.0,MLP,0.7857743437686973,0.784020733365259,0.7839732806550513,0.7851865528077744,0.7838497568579612,0.7861238002614637,0.7846400680617945,0.7855493780060553,0.784020733365259,0.7860319436933267,0.78621588610753,0.7844964121554561,0.7852195818295554
electricity-normalized,day,45312.0,0.0505,0.1436,1.01,0.0002,0.8572,1.9459,0.0104,1.0,0.0,nan,nan,1.0,1.0,TabNet,0.7832000329083411,0.7829777171577373,0.7837770859133981,0.784389084050232,0.7854582619434843,0.7825895910020373,0.7858620102226579,0.7823027482255182,0.7829777171577373,0.7841501882534155,0.7833601329613978,0.7850175813289558,0.7838533933659287
german,Saving_accounts,1000.0,0.5,0.774,14.3333,0.008,0.3833,0.7741,5.3885,6.372,1.2576,0.8139,0.9365,4.0,10.0,MLP,0.6089989915368614,0.6102931493377772,0.613557957489886,0.6175981247781716,0.6049463339504592,0.6200665552622402,0.6200986608242391,0.6102931493377772,0.612206484047679,0.612206484047679,0.6175244601385265,0.614007726021617,0.6102931493377772
german,Saving_accounts,1000.0,0.5,0.774,14.3333,0.008,0.3833,0.7741,5.3885,6.372,1.2576,0.8139,0.9365,4.0,10.0,TabNet,0.6076514587979416,0.6013395693641704,0.6124840130923124,0.6324670134872434,0.6090202531536842,0.6015872622289414,0.6335128378440971,0.6013395693641704,0.6018653307042316,0.5990984291279751,0.5979014057403067,0.5965219051627048,0.6013395693641704
german,Saving_accounts,1000.0,0.484,0.7771,15.4231,0.0078,0.3778,0.7599,6.4052,6.314,1.1822,0.8035,0.9566,4.0,10.0,MLP,0.6151547062409055,0.6236628322569648,0.6190660333654787,0.6242279219031864,0.6183305134287401,0.6118836103330221,0.623597007547811,0.6236628322569648,0.6236628322569648,0.6236628322569648,0.6229999233974334,0.6174925879638434,0.6236628322569648
german,Saving_accounts,1000.0,0.484,0.7771,15.4231,0.0078,0.3778,0.7599,6.4052,6.314,1.1822,0.8035,0.9566,4.0,10.0,TabNet,0.6385396859698371,0.6087911245082733,0.6211859416248744,0.65467359477966,0.6224226421504861,0.6434393211966951,0.6429621987941389,0.6087911245082733,0.6087911245082733,0.6087911245082733,0.6134608153229864,0.6131009986757467,0.6087911245082733
german,Saving_accounts,1000.0,0.401,0.8047,16.0667,0.0067,0.3397,0.7036,5.8195,6.3105,1.1858,0.8418,0.9761,4.0,10.0,MLP,0.6243241245306405,0.6284669008856012,0.6109470004418076,0.6332885425685426,0.6204421947311483,0.630673271051091,0.6162392483905701,0.6284669008856012,0.6284669008856012,0.6284669008856012,0.6142118305259772,0.6202253465896215,0.6284669008856012
german,Saving_accounts,1000.0,0.401,0.8047,16.0667,0.0067,0.3397,0.7036,5.8195,6.3105,1.1858,0.8418,0.9761,4.0,10.0,TabNet,0.6259019380504001,0.6039992354774745,0.6101866691863518,0.6217516228355451,0.6089244825502893,0.6156510455053771,0.6289246603391636,0.6039992354774745,0.6039992354774745,0.6039992354774745,0.5985360947993846,0.6049054924277095,0.6039992354774745
german,Saving_accounts,1000.0,0.336,0.7831,15.7576,0.006,0.3703,0.7525,5.9597,6.3705,1.2424,0.8246,0.9476,4.0,10.0,MLP,0.6153275407091872,0.6165823647200914,0.6197689231740494,0.6170542192712527,0.6083906447598475,0.6154745205241918,0.6187692094587254,0.6165823647200914,0.6165823647200914,0.6165823647200914,0.6198374799158344,0.6179520539222442,0.6165823647200914
german,Saving_accounts,1000.0,0.336,0.7831,15.7576,0.006,0.3703,0.7525,5.9597,6.3705,1.2424,0.8246,0.9476,4.0,10.0,TabNet,0.6130758613487919,0.6113701103331296,0.6101121917264531,0.6384362802824715,0.614460393439898,0.6398082342916535,0.6194934269975892,0.6113701103331296,0.6113701103331296,0.6113701103331296,0.6100413423663137,0.6201071131678171,0.6113701103331296
german,Saving_accounts,1000.0,0.311,0.7881,15.9706,0.0058,0.3627,0.7374,6.6779,6.3425,1.1945,0.8256,0.9617,4.0,10.0,MLP,0.6191397490321955,0.6192421963198207,0.6171577539352611,0.6190294515501586,0.6002195942588694,0.6227821584072262,0.6227795981652637,0.6192421963198207,0.6192421963198207,0.6192421963198207,0.621395322541743,0.6176014867020965,0.6192421963198207
german,Saving_accounts,1000.0,0.311,0.7881,15.9706,0.0058,0.3627,0.7374,6.6779,6.3425,1.1945,0.8256,0.9617,4.0,10.0,TabNet,0.6217998030100117,0.619447795755449,0.6158135683583142,0.6386344340208767,0.6166611624924492,0.6341839309124458,0.639091374190978,0.619447795755449,0.619447795755449,0.619447795755449,0.6185249314199064,0.6246773217238841,0.619447795755449
german,Saving_accounts,1000.0,0.285,0.7678,14.4474,0.0056,0.391,0.7845,5.1628,6.3832,1.2532,0.8078,0.9292,4.0,10.0,MLP,0.6226331952452065,0.6256704941540787,0.6137471926031192,0.6103078124821661,0.6156976879996798,0.6237032263349203,0.6299603579068102,0.6256704941540787,0.6256704941540787,0.6256704941540787,0.6187288918301247,0.6171868911777544,0.6256704941540787
german,Saving_accounts,1000.0,0.285,0.7678,14.4474,0.0056,0.391,0.7845,5.1628,6.3832,1.2532,0.8078,0.9292,4.0,10.0,TabNet,0.6158616365680114,0.6059034872468212,0.6014606507006124,0.6196850344887402,0.6114298977290924,0.6293401015372091,0.6265591632926104,0.6059034872468212,0.6059034872468212,0.6059034872468212,0.6069436872614733,0.6124856056638504,0.6059034872468212
german,Saving_accounts,1000.0,0.194,0.7878,16.2821,0.005,0.3634,0.7405,5.7711,6.3598,1.222,0.8287,0.9561,4.0,10.0,MLP,0.6178602128916372,0.6139142811872224,0.6266323923506308,0.6327858945800543,0.6145034915197207,0.63048611482027,0.6323360735387228,0.6139142811872224,0.6139142811872224,0.6139142811872224,0.6140858716200207,0.6126815355085945,0.6139142811872224
german,Saving_accounts,1000.0,0.194,0.7878,16.2821,0.005,0.3634,0.7405,5.7711,6.3598,1.222,0.8287,0.9561,4.0,10.0,TabNet,0.608180455041545,0.6179261972524963,0.6188189445540508,0.6407123357442219,0.6202265352674659,0.6413813787145247,0.6433252625874716,0.6179261972524963,0.6179261972524963,0.6179261972524963,0.6078194366593246,0.6117228227144829,0.6179261972524963
german,Saving_accounts,1000.0,0.172,0.7862,17.5946,0.0048,0.3653,0.7418,6.4906,6.3816,1.2274,0.8302,0.9511,4.0,10.0,MLP,0.6134352815414473,0.6170652384725689,0.6158959575175675,0.6308245906301918,0.6000100108989039,0.6294691683344398,0.6163923021889619,0.6170652384725689,0.6170652384725689,0.6170652384725689,0.6150277204350508,0.6261092156381812,0.6170652384725689
german,Saving_accounts,1000.0,0.172,0.7862,17.5946,0.0048,0.3653,0.7418,6.4906,6.3816,1.2274,0.8302,0.9511,4.0,10.0,TabNet,0.6173890057628875,0.6065356849268886,0.5963456799521099,0.6373444056557739,0.6121790486364826,0.635649661429537,0.6155604710126688,0.6065356849268886,0.6065356849268886,0.6065356849268886,0.5921277516448966,0.6090619421737241,0.6065356849268886
german,Saving_accounts,1000.0,0.095,0.7923,18.3846,0.0044,0.3569,0.7284,6.6423,6.3779,1.2235,0.8369,0.9569,4.0,10.0,MLP,0.622500529744913,0.6274757546641854,0.6244281275715478,0.6171273844877356,0.6100682595651499,0.6171273844877356,0.6171273844877356,0.6274757546641854,0.6274757546641854,0.6274757546641854,0.6276636798349173,0.6336749356087158,0.6274757546641854
german,Saving_accounts,1000.0,0.095,0.7923,18.3846,0.0044,0.3569,0.7284,6.6423,6.3779,1.2235,0.8369,0.9569,4.0,10.0,TabNet,0.6333797526412202,0.6019005113013957,0.6021648065639247,0.6327722382994947,0.6051680338843641,0.6327722382994947,0.6327722382994947,0.6019005113013957,0.6019005113013957,0.6019005113013957,0.6008362629298288,0.616206491969363,0.6019005113013957
german,Saving_accounts,1000.0,0.044,0.7856,16.3261,0.0042,0.3665,0.7452,5.4144,6.3661,1.2255,0.8269,0.953,4.0,10.0,MLP,0.6258494968149098,0.6195251373016809,0.6229582177912095,0.6154494157850873,0.6105854131029477,0.6154494157850873,0.6132363000660199,0.6195251373016809,0.6195251373016809,0.6195251373016809,0.6151572266084823,0.6325867865486536,0.6195251373016809
german,Saving_accounts,1000.0,0.044,0.7856,16.3261,0.0042,0.3665,0.7452,5.4144,6.3661,1.2255,0.8269,0.953,4.0,10.0,TabNet,0.6140591371908004,0.6078585656805794,0.6079165778666543,0.6357781723181458,0.6121535281402248,0.6357781723181458,0.6241937686178667,0.6078585656805794,0.6078585656805794,0.6078585656805794,0.6110886199850674,0.607849040379906,0.6078585656805794
german,Checking_account,1000.0,0.505,0.6586,11.6429,0.0061,0.4829,0.7953,11.4004,6.4566,1.0757,0.5293,0.442,4.0,8.0,MLP,0.6122814972655367,0.6108073989567449,0.623301893146917,0.623516156350612,0.6192979520079236,0.6207200605774863,0.6141513842505496,0.6108073989567449,0.6127315596481635,0.624627868142405,0.6238577360103184,0.6066532816464765,0.6108073989567449
german,Checking_account,1000.0,0.505,0.6586,11.6429,0.0061,0.4829,0.7953,11.4004,6.4566,1.0757,0.5293,0.442,4.0,8.0,TabNet,0.6152427370992122,0.5946306748060812,0.5988370278786308,0.6641831494022119,0.5989978370489694,0.658483825420891,0.6308826948968699,0.5946306748060812,0.5958770672391811,0.5919598274973292,0.6092796263687442,0.5946986746156637,0.5946306748060812
german,Checking_account,1000.0,0.457,0.6611,9.4474,0.0055,0.4866,0.8129,11.1202,6.3978,1.0942,0.519,0.4655,4.0,8.0,MLP,0.6228513681509902,0.6232148471751351,0.6196276719947308,0.6319151488929927,0.6117851149024607,0.6323158058381186,0.633267949150829,0.6232148471751351,0.6220315171492856,0.6238062798939346,0.6299510442909653,0.611305410955817,0.6232148471751351
german,Checking_account,1000.0,0.457,0.6611,9.4474,0.0055,0.4866,0.8129,11.1202,6.3978,1.0942,0.519,0.4655,4.0,8.0,TabNet,0.6116075996541699,0.5993769192432028,0.6064312366770567,0.6570387733607953,0.6024885226313713,0.6495774060494589,0.6771172745746449,0.5993769192432028,0.6078514683179648,0.6047568050508425,0.6103447475565922,0.6128351034025136,0.5993769192432028
german,Checking_account,1000.0,0.41,0.6576,11.0857,0.0051,0.4847,0.8004,13.3347,6.4475,1.0813,0.5258,0.445,4.0,8.0,MLP,0.6331739756745132,0.6299797901904861,0.6218720131907197,0.6325875997932966,0.6227585741039141,0.6432621114842252,0.6534226046114425,0.6299797901904861,0.6271445887503151,0.6155824681804619,0.6287597754372011,0.6149731438349351,0.6354477634376892
german,Checking_account,1000.0,0.41,0.6576,11.0857,0.0051,0.4847,0.8004,13.3347,6.4475,1.0813,0.5258,0.445,4.0,8.0,TabNet,0.5968330323380461,0.6018654355222846,0.6062572663336736,0.6566854705592794,0.6242791297795179,0.6622763699434401,0.656304896941722,0.6018654355222846,0.6041679420816295,0.6026871411819879,0.622371445331908,0.6039498808413446,0.6177819331973919
german,Checking_account,1000.0,0.342,0.6565,9.8182,0.0046,0.4887,0.8126,13.195,6.4195,1.0945,0.5184,0.4536,4.0,8.0,MLP,0.6276040125273388,0.6243861449375326,0.6193299676452076,0.6257954554519143,0.6051407767326342,0.6309175812546366,0.6299367322906694,0.6243861449375326,0.6243861449375326,0.6184622832968656,0.6191250295619458,0.6123738292815173,0.6243861449375326
german,Checking_account,1000.0,0.342,0.6565,9.8182,0.0046,0.4887,0.8126,13.195,6.4195,1.0945,0.5184,0.4536,4.0,8.0,TabNet,0.6046882293776701,0.6106443003200607,0.5974363237767959,0.6542253833202083,0.6028291987231136,0.663784929643805,0.6568994923299719,0.6106443003200607,0.6085119651231394,0.6027120844866186,0.602627039546271,0.6009941850707133,0.6106443003200607
german,Checking_account,1000.0,0.313,0.6769,11.9231,0.0044,0.4684,0.7794,13.5946,6.4192,1.0568,0.542,0.4773,4.0,8.0,MLP,0.6266148999189247,0.6218719940119029,0.6276498312973374,0.6141885858233772,0.6090470577168914,0.6265549385746332,0.6179593209048567,0.6218719940119029,0.6218945087110725,0.6174096901275008,0.6215628871703859,0.6101090628644043,0.6218719940119029
german,Checking_account,1000.0,0.313,0.6769,11.9231,0.0044,0.4684,0.7794,13.5946,6.4192,1.0568,0.542,0.4773,4.0,8.0,TabNet,0.6084012676566107,0.5945444733555307,0.5988325411790004,0.6579500082001736,0.5935717924085441,0.6720762325029396,0.6596133777881216,0.5945444733555307,0.5934895333638424,0.5967175497574062,0.5975430323014386,0.5933067373514814,0.5945444733555307
german,Checking_account,1000.0,0.266,0.6621,10.5652,0.0041,0.4826,0.8017,11.3085,6.4251,1.082,0.5257,0.4581,4.0,8.0,MLP,0.6174707152423997,0.626721846713615,0.6289270239600198,0.6360034202021486,0.6231220412815826,0.6245528409539731,0.6305056607591293,0.626721846713615,0.6270456339963769,0.631437033680828,0.6307462099922471,0.6120570404686917,0.626721846713615
german,Checking_account,1000.0,0.266,0.6621,10.5652,0.0041,0.4826,0.8017,11.3085,6.4251,1.082,0.5257,0.4581,4.0,8.0,TabNet,0.6063223434714616,0.6126494467329213,0.6114029945690594,0.6546444202131265,0.6173982612641158,0.6594561053251805,0.6546781338138139,0.6126494467329213,0.6093005520518014,0.6181007974583097,0.6128904819340134,0.6064666828531158,0.6126494467329213
german,Checking_account,1000.0,0.2,0.67,9.7455,0.0038,0.4787,0.8031,13.2058,6.385,1.0825,0.5255,0.4813,4.0,8.0,MLP,0.6255928761807839,0.6226600234941735,0.6253056659241248,0.6194130671224932,0.6170886754789744,0.6277409742561639,0.6211324649481313,0.6226600234941735,0.627665724443489,0.6365733436862718,0.6270031086634171,0.6157172488057375,0.6226600234941735
german,Checking_account,1000.0,0.2,0.67,9.7455,0.0038,0.4787,0.8031,13.2058,6.385,1.0825,0.5255,0.4813,4.0,8.0,TabNet,0.6142003459108554,0.6129186645839106,0.611533760024884,0.6530452914067457,0.6170865326176544,0.651829984285837,0.6532787805122162,0.6129186645839106,0.6095042903388259,0.6191802377531741,0.6213352842208911,0.596777366247708,0.6129186645839106
german,Checking_account,1000.0,0.145,0.6632,10.125,0.0035,0.4829,0.8048,11.2584,6.4117,1.0853,0.5239,0.4639,4.0,8.0,MLP,0.6332490225321485,0.6228831419784725,0.6163599168990983,0.6184355843590437,0.6149260987269457,0.6225047463439164,0.6233644356798234,0.6228831419784725,0.6212794415324979,0.6222974313034404,0.6247047222422757,0.6186965385152134,0.6228831419784725
german,Checking_account,1000.0,0.145,0.6632,10.125,0.0035,0.4829,0.8048,11.2584,6.4117,1.0853,0.5239,0.4639,4.0,8.0,TabNet,0.6094888481961092,0.6040816859542443,0.5967542711699954,0.6522132658496531,0.5990022425714305,0.6528128636505917,0.6546121374817646,0.6040816859542443,0.6040603875717414,0.6040816859542443,0.6171862029943245,0.6045741031400746,0.6040816859542443
german,Checking_account,1000.0,0.092,0.6652,10.5965,0.0033,0.4801,0.7991,13.3591,6.4185,1.0789,0.5277,0.464,4.0,8.0,MLP,0.631255368701341,0.6195980020492223,0.6208498894535962,0.6323207301771213,0.6249854395163309,0.6301102065905944,0.6303591096893307,0.6195980020492223,0.6201982152136478,0.6244767674180813,0.6275525074681924,0.6247232359736997,0.6195980020492223
german,Checking_account,1000.0,0.092,0.6652,10.5965,0.0033,0.4801,0.7991,13.3591,6.4185,1.0789,0.5277,0.464,4.0,8.0,TabNet,0.6107161425836407,0.6030023099656195,0.6080708983799418,0.6514899170027002,0.6102847598411255,0.6599899143450875,0.6525753207033724,0.6030023099656195,0.6052803943334844,0.6078549223980863,0.6166759586432701,0.6043135545674871,0.6030023099656195
german,Checking_account,1000.0,0.045,0.6691,10.8305,0.0031,0.4766,0.7941,14.7808,6.4147,1.0731,0.5313,0.4701,4.0,8.0,MLP,0.627869113697513,0.6254636798349174,0.6263319048218188,0.6263550045874438,0.6176938483987298,0.6374115639834846,0.6304962081459081,0.6254636798349174,0.6276091704535371,0.6254636798349174,0.6277156886746622,0.617808295291415,0.6254636798349174
german,Checking_account,1000.0,0.045,0.6691,10.8305,0.0031,0.4766,0.7941,14.7808,6.4147,1.0731,0.5313,0.4701,4.0,8.0,TabNet,0.6140877446284052,0.6073880444652083,0.6068826153892346,0.663562572561671,0.6156171657992955,0.651149659463452,0.6499063581765981,0.6073880444652083,0.6078382334164918,0.6073880444652083,0.6072998968781255,0.6059264334996386,0.6073880444652083
german,Purpose,1000.0,0.512,0.3648,29.6667,0.0164,0.7527,1.5951,1.6064,8.1844,5.5311,0.7329,0.4567,3.0,19.0,MLP,0.6315099342115471,0.6204320280109606,0.6282496456681865,0.6175022148701654,0.6135979672306755,0.6169276087572386,0.6267685884196241,0.6204320280109606,0.6161144698499974,0.6188796419539608,0.6193368421581784,0.6182627960899967,0.6204320280109606
german,Purpose,1000.0,0.512,0.3648,29.6667,0.0164,0.7527,1.5951,1.6064,8.1844,5.5311,0.7329,0.4567,3.0,19.0,TabNet,0.6248043812469881,0.6165065325153579,0.5973947708142069,0.6087451481636573,0.5970072815658523,0.6215497605673058,0.6231200447464111,0.6165065325153579,0.6064562132786855,0.5989745371209019,0.6099473163320278,0.6104015227594564,0.6165065325153579
german,Purpose,1000.0,0.45,0.3309,30.3333,0.0145,0.7738,1.6512,1.6027,8.6473,5.6978,0.7069,0.3767,3.0,19.0,MLP,0.6144378626556857,0.6142079828978267,0.6177673751508171,0.6010871980122259,0.6055827470936638,0.6026587900289517,0.602487753630315,0.6142079828978267,0.6106183521822484,0.6121439020927042,0.6114530290250464,0.6109792005005872,0.6142079828978267
german,Purpose,1000.0,0.45,0.3309,30.3333,0.0145,0.7738,1.6512,1.6027,8.6473,5.6978,0.7069,0.3767,3.0,19.0,TabNet,0.6155449928350649,0.6126601284334766,0.6032145615645812,0.5950738582669288,0.5866071804226658,0.5984442829502733,0.5959501901168167,0.6126601284334766,0.5925024981967252,0.6099033819715194,0.6131654880981323,0.6089609447404847,0.6126601284334766
german,Purpose,1000.0,0.413,0.339,39.8,0.0136,0.7592,1.6015,1.5773,8.5758,5.6916,0.7095,0.3822,3.0,19.0,MLP,0.6271423147580343,0.6212538263553873,0.61108576067052,0.6137679475264239,0.6219905438862465,0.6222090100962059,0.6174710304227848,0.6212538263553873,0.6263858882310462,0.6212197471951837,0.6366851833503223,0.6203746585485721,0.622961945655532
german,Purpose,1000.0,0.413,0.339,39.8,0.0136,0.7592,1.6015,1.5773,8.5758,5.6916,0.7095,0.3822,3.0,19.0,TabNet,0.6069926018447279,0.6092426829304027,0.606977899442754,0.6044737890012575,0.6191821680062889,0.5963604175299269,0.6098218870660186,0.6092426829304027,0.6154929223271869,0.619372689889025,0.6351057682268964,0.613809529650539,0.611463652944526
german,Purpose,1000.0,0.328,0.3318,31.8571,0.0119,0.7668,1.6324,1.5561,8.628,5.684,0.7073,0.3785,3.0,19.0,MLP,0.6340101878277066,0.6234428598563593,0.6205568236737664,0.6126843364072594,0.6227594823425328,0.6152980498453411,0.6145326985375522,0.6234428598563593,0.6219229100087413,0.614076261138054,0.6175795100193566,0.6163263999209718,0.6234428598563593
german,Purpose,1000.0,0.328,0.3318,31.8571,0.0119,0.7668,1.6324,1.5561,8.628,5.684,0.7073,0.3785,3.0,19.0,TabNet,0.6195837778414204,0.6175966839531806,0.6338382785493542,0.634584289873189,0.6170246836310809,0.6107429215052188,0.6070398085725295,0.6175966839531806,0.6164712846287825,0.6126508114561703,0.6314027232528712,0.6262088672267847,0.6175966839531806
german,Purpose,1000.0,0.29,0.3423,30.375,0.0113,0.7636,1.6232,1.5833,8.4563,5.6169,0.7182,0.4101,3.0,19.0,MLP,0.6267946672570617,0.6181953407971977,0.6241245674923384,0.6164283027500861,0.6192211185294726,0.6167766780016404,0.6167056903718644,0.6181953407971977,0.6219544598079261,0.6135081889808383,0.6476117406218453,0.6156099148273315,0.6181953407971977
german,Purpose,1000.0,0.29,0.3423,30.375,0.0113,0.7636,1.6232,1.5833,8.4563,5.6169,0.7182,0.4101,3.0,19.0,TabNet,0.6157912616703585,0.603036015977817,0.596509981859747,0.6031983733003136,0.6151162411988064,0.6007360536230799,0.6036959004758446,0.603036015977817,0.601597809867197,0.601597809867197,0.6180459320745793,0.5902379437141227,0.603036015977817
german,Purpose,1000.0,0.275,0.3379,35.0,0.011,0.7601,1.6042,1.5767,8.6441,5.7435,0.7046,0.3658,3.0,19.0,MLP,0.6247261572007652,0.6120264377322326,0.6249394076426934,0.5957498618221285,0.6096323708149771,0.5977354242393467,0.6021295341658508,0.6120264377322326,0.6151707896707644,0.6142467795741164,0.6133652924522335,0.6229057025905806,0.623680569615081
german,Purpose,1000.0,0.275,0.3379,35.0,0.011,0.7601,1.6042,1.5767,8.6441,5.7435,0.7046,0.3658,3.0,19.0,TabNet,0.6152667223823332,0.6019735750291656,0.5974378850453447,0.6023365961316767,0.594503349964968,0.608666951378324,0.6057661972529916,0.6019735750291656,0.6019735750291656,0.5987000943218811,0.608505280649233,0.6040520384744855,0.6089434086771464
german,Purpose,1000.0,0.184,0.3468,31.4444,0.0098,0.7578,1.5996,1.6105,8.5625,5.744,0.7091,0.3745,3.0,19.0,MLP,0.6253423409585068,0.6155996136150826,0.6134496216505239,0.6158618964777606,0.603008170827435,0.6196665445778455,0.6248969839127854,0.6155996136150826,0.6155842699263335,0.6142729566007752,0.6126001346329439,0.6143583821944192,0.6155996136150826
german,Purpose,1000.0,0.184,0.3468,31.4444,0.0098,0.7578,1.5996,1.6105,8.5625,5.744,0.7091,0.3745,3.0,19.0,TabNet,0.590207082651111,0.5912781195243586,0.5979239427088465,0.605815391301466,0.6015431227773058,0.6091174583995435,0.6165395213956611,0.5912781195243586,0.5895834581835084,0.5912781195243586,0.6126949393576971,0.598630425522866,0.5912781195243586
german,Purpose,1000.0,0.148,0.331,31.3333,0.0094,0.7641,1.6171,1.6284,8.6092,5.669,0.7099,0.3859,3.0,19.0,MLP,0.635014413669309,0.6305712570687313,0.6192135466527647,0.6302276196723132,0.6325886462479602,0.626225552985216,0.6213666945513046,0.6305712570687313,0.6307904326307692,0.6308210416424739,0.6268113132074641,0.6269776277001966,0.6305712570687313
german,Purpose,1000.0,0.148,0.331,31.3333,0.0094,0.7641,1.6171,1.6284,8.6092,5.669,0.7099,0.3859,3.0,19.0,TabNet,0.6127684873293702,0.6158251089804703,0.6208659074744128,0.6319666375187674,0.6322830591226365,0.6223100053185338,0.6312693430803322,0.6158251089804703,0.6055730248899263,0.6024980950441838,0.630104617978698,0.6152785890145029,0.6158251089804703
german,Purpose,1000.0,0.09,0.3341,27.6364,0.0088,0.7609,1.6078,1.6011,8.5901,5.6751,0.7105,0.3861,3.0,19.0,MLP,0.6257924268242182,0.6161278133389858,0.6244499647340616,0.6216149744395476,0.6180577105011217,0.6189235626373104,0.6056742013791963,0.6161278133389858,0.6172001204571795,0.6193255261582237,0.613417944742262,0.6161278133389858,0.6161278133389858
german,Purpose,1000.0,0.09,0.3341,27.6364,0.0088,0.7609,1.6078,1.6011,8.5901,5.6751,0.7105,0.3861,3.0,19.0,TabNet,0.6095974934469341,0.6227041748761831,0.6263254326739177,0.6180288019725424,0.6245711714621658,0.618404323702543,0.6075702781288561,0.6227041748761831,0.6169121151015153,0.6208087201842876,0.6103853963599946,0.6212405077846478,0.6227041748761831
german,Purpose,1000.0,0.04,0.3396,32.6,0.0083,0.7614,1.6108,1.6292,8.5458,5.6747,0.7121,0.3895,3.0,19.0,MLP,0.6218296430335551,0.6308215408292055,0.6261033280483372,0.6138040342099026,0.6229650474935833,0.6250826465684247,0.6182707840937521,0.6368668689754324,0.633044362411687,0.633549647146942,0.6142995357333441,0.6329899462757802,0.6308215408292055
german,Purpose,1000.0,0.04,0.3396,32.6,0.0083,0.7614,1.6108,1.6292,8.5458,5.6747,0.7121,0.3895,3.0,19.0,TabNet,0.6078083559472184,0.6095883705676335,0.6113161448093725,0.6236669983779339,0.6083522315862254,0.6219845487119274,0.6235446521376403,0.6095883705676335,0.6134051225555934,0.6095883705676335,0.612673839344572,0.6085859368326957,0.6095883705676335
