name,column_name,n_tuples,missing_perc,uniqueness,min,max,mean,median,std,skewness,kurtosis,mad,iqr,p_min,p_max,k_min,k_max,s_min,s_max,entropy,density,ml_algorithm,impute_standard,impute_mean,impute_median,impute_random,impute_knn,impute_mice,impute_linear_regression,impute_random_forest,impute_cmeans
abalone,'Length',4177.0,0.4951,0.0588,0.15,0.815,0.5265,0.545,0.1153,-0.5646,-0.1185,0.08,0.16,0.0,0.0,0.0,0.0,0.0,0.0,4.4684,0.0062,MLP,0.16823345970827808,0.17328973181403606,0.17359202398990817,0.15456923922612503,0.1655936715116447,0.17659644270396918,0.17184982493163112,0.17178591633805096,0.17010044956601678,0.17328973181403606,0.17878292854929512,0.17632893294145296,0.1770079048888681,0.1782694616044954,0.17458404581809434,0.17464550527728745,0.1711821869410999,0.17573678318087593
abalone,'Length',4177.0,0.4951,0.0588,0.15,0.815,0.5265,0.545,0.1153,-0.5646,-0.1185,0.08,0.16,0.0,0.0,0.0,0.0,0.0,0.0,4.4684,0.0062,TabNet,0.16998758835907923,0.14881224179220998,0.16124651223010797,0.12373727893440925,0.15978979448897304,0.15907380765576018,0.15096292553439355,0.15756098613216432,0.1552995196408531,0.14881224179220998,0.16126906735406987,0.15792682610002126,0.16257736360970101,0.15652593969169717,0.1579398511086573,0.15209357142615598,0.15838661511475607,0.1601063442459795
abalone,'Length',4177.0,0.4486,0.0551,0.075,0.815,0.5195,0.54,0.1205,-0.6331,0.0001,0.08,0.1625,0.0,0.0,0.0,0.0,0.0,0.0,4.5084,0.0059,MLP,0.15354585499995482,0.17514123508261709,0.17967907143872144,0.17747143824133726,0.18043413041854225,0.1815734055744981,0.16653932194956056,0.1688322530370105,0.17563775507639026,0.17514123508261709,0.18179202311447656,0.17649646772914165,0.1793091142113921,0.18284802525564492,0.1822871958368472,0.17471242076190563,0.17443052371542472,0.17508801163624022
abalone,'Length',4177.0,0.4486,0.0551,0.075,0.815,0.5195,0.54,0.1205,-0.6331,0.0001,0.08,0.1625,0.0,0.0,0.0,0.0,0.0,0.0,4.5084,0.0059,TabNet,0.1666790811648407,0.1640817073176129,0.17104597982618802,0.15858640913951924,0.17442081852635719,0.17328965080845377,0.17859273887867524,0.16997442166760973,0.1729257350228329,0.1640817073176129,0.17328976227416543,0.18068375062870096,0.178249501918829,0.17107670845260364,0.1846154452407831,0.16514062331456458,0.15311746165022636,0.161840286374131
abalone,'Length',4177.0,0.3874,0.0512,0.11,0.815,0.5244,0.54,0.1196,-0.5963,0.0122,0.08,0.165,0.0,0.0,0.0,0.0,0.0,0.0,4.5063,0.0056,MLP,0.18008406470314783,0.20071969309978918,0.19624515312944427,0.19176845785355953,0.1911856648280347,0.19276069384509237,0.19585428168606006,0.19352543154093949,0.19461879262554574,0.20071969309978918,0.1930842531839304,0.19194772945180377,0.19256590329937695,0.1928652019212669,0.19143213581838647,0.19203269658034733,0.19164825530879254,0.1929195214181819
abalone,'Length',4177.0,0.3874,0.0512,0.11,0.815,0.5244,0.54,0.1196,-0.5963,0.0122,0.08,0.165,0.0,0.0,0.0,0.0,0.0,0.0,4.5063,0.0056,TabNet,0.18290096568388003,0.18501752707831468,0.19622593630996293,0.18204646269701497,0.19011093171909366,0.20345620802691428,0.19095511086443243,0.18821691099046892,0.1945865778362847,0.18501752707831468,0.2019922247613649,0.2015652830219002,0.20081023167739293,0.202622665208316,0.2027249353010457,0.1914967099276017,0.18015648148982863,0.20187309804613743
abalone,'Length',4177.0,0.3522,0.0488,0.075,0.815,0.5231,0.54,0.1201,-0.6102,0.0055,0.08,0.165,0.0,0.0,0.0,0.0,0.0,0.0,4.5123,0.0055,MLP,0.18540374537296028,0.19184267154234136,0.19348958958017415,0.17471559386522095,0.18781398688690054,0.18772421217569005,0.1865140872113484,0.18562061311749015,0.18234629724997858,0.19184267154234136,0.18676636604490865,0.18703848279685764,0.18442054818800704,0.1872122223009521,0.18696747216244494,0.18951605485280387,0.18868958575304812,0.18688891843861868
abalone,'Length',4177.0,0.3522,0.0488,0.075,0.815,0.5231,0.54,0.1201,-0.6102,0.0055,0.08,0.165,0.0,0.0,0.0,0.0,0.0,0.0,4.5123,0.0055,TabNet,0.18953381292636623,0.1811935665917246,0.18257127282241686,0.1744592215288391,0.1775494231223257,0.190043661855726,0.16995758126157257,0.17138636006165314,0.18398299643812843,0.1811935665917246,0.19000546738777252,0.1888321735937764,0.18769749559448734,0.18909325992966572,0.18955571694400952,0.1825226046777642,0.16649369691076266,0.18618657545675396
abalone,'Length',4177.0,0.289,0.0448,0.075,0.815,0.525,0.545,0.1206,-0.6753,0.1539,0.075,0.16,0.0,0.0,0.0,0.0,0.0,0.0,4.5115,0.0054,MLP,0.19894874119347836,0.20139399542066633,0.20221011310833248,0.1894784141936811,0.19690230209815185,0.20161028793298597,0.20228223885069596,0.20344928791020336,0.20057794154017125,0.20139399542066633,0.20022816909629867,0.20079764197802646,0.2008085661108257,0.20109652591875463,0.19993780485556223,0.2002569948526354,0.19492377368985947,0.20073706050603918
abalone,'Length',4177.0,0.289,0.0448,0.075,0.815,0.525,0.545,0.1206,-0.6753,0.1539,0.075,0.16,0.0,0.0,0.0,0.0,0.0,0.0,4.5115,0.0054,TabNet,0.20444535985595788,0.19685919459057477,0.18275521716850138,0.18238409425050794,0.19426333677206015,0.20176158331538196,0.17284177162981257,0.17270562832001743,0.19832302689291564,0.19685919459057477,0.2009298060103898,0.20212554664220556,0.2026823588613002,0.2009574478960076,0.2024313198412406,0.20219444270649228,0.17316802236483508,0.2005682489631269
abalone,'Length',4177.0,0.2396,0.0416,0.075,0.815,0.5233,0.545,0.1203,-0.6558,0.105,0.08,0.165,0.0,0.0,0.0,0.0,0.0,0.0,4.5102,0.0053,MLP,0.19872360445033488,0.20102057106980897,0.20057882851024791,0.2041532170096909,0.20111197309031903,0.20334321871161123,0.21257892210293805,0.21698865855066332,0.20177512514663992,0.20102057106980897,0.20297219311008569,0.20467777424913028,0.20536320867386235,0.20543775122232583,0.20597735858659486,0.20139297587664867,0.2015851972823139,0.2058375906932503
abalone,'Length',4177.0,0.2396,0.0416,0.075,0.815,0.5233,0.545,0.1203,-0.6558,0.105,0.08,0.165,0.0,0.0,0.0,0.0,0.0,0.0,4.5102,0.0053,TabNet,0.18662471911920664,0.18859115867266424,0.19788079167791184,0.19973093441969442,0.19590786122235843,0.19906239262853712,0.19277717974174596,0.19598566341531098,0.20077756715164058,0.18859115867266424,0.19826539251004385,0.2043441805421098,0.2049740729988266,0.19846143898229823,0.1970325618633429,0.20477046276636574,0.19378313100478106,0.1990102732429897
abalone,'Length',4177.0,0.2035,0.0397,0.11,0.8,0.5256,0.545,0.1194,-0.6258,0.0336,0.08,0.165,0.0,0.0,0.0,0.0,0.0,0.0,4.5082,0.0056,MLP,0.20165963281012028,0.19958362616514394,0.19633417199856956,0.19615982617123834,0.19584218572500325,0.19527888651466307,0.2063749804715644,0.20833838456044154,0.2045345281193774,0.19958362616514394,0.19490851310276766,0.19454455879526525,0.1937625061425855,0.19460728192873492,0.19402146429512165,0.19157467121899896,0.18888201716924008,0.19470785683179442
abalone,'Length',4177.0,0.2035,0.0397,0.11,0.8,0.5256,0.545,0.1194,-0.6258,0.0336,0.08,0.165,0.0,0.0,0.0,0.0,0.0,0.0,4.5082,0.0056,TabNet,0.1972889118237493,0.1893272533968699,0.1942280020911275,0.1891822561628201,0.19326526775945232,0.19924696023273794,0.19663016216315102,0.19702305110290355,0.19373351742724076,0.1893272533968699,0.19889980508081537,0.19654443914241526,0.1977372363813103,0.19732116082596793,0.19846050397080212,0.176529714049908,0.18992792723967028,0.19683366877319558
abalone,'Length',4177.0,0.1523,0.0376,0.075,0.815,0.5242,0.545,0.1196,-0.6422,0.0737,0.08,0.165,0.0,0.0,0.0,0.0,0.0,0.0,4.5113,0.0055,MLP,0.20317938358467255,0.2070858491231657,0.20468574302167625,0.20607200660590275,0.21011704015186092,0.20932477297167063,0.21559297369981717,0.21492431985551735,0.20625960254201472,0.2070858491231657,0.2066953179080055,0.211415301993844,0.20937969055756614,0.2103386384903721,0.21052088266006022,0.20724117068691672,0.208320040882646,0.2120935094821629
abalone,'Length',4177.0,0.1523,0.0376,0.075,0.815,0.5242,0.545,0.1196,-0.6422,0.0737,0.08,0.165,0.0,0.0,0.0,0.0,0.0,0.0,4.5113,0.0055,TabNet,0.2009764031538418,0.19492519324990182,0.19338190758661306,0.20308766748831744,0.2033180301763961,0.20096397776596087,0.2023149924976226,0.20662726559985184,0.19841273349223412,0.19492519324990182,0.20176499363488093,0.2013236285129297,0.20153829324564115,0.20135891453000765,0.20028458441950403,0.20550539726361577,0.1930032639923503,0.20113288231721785
abalone,'Length',4177.0,0.0982,0.0356,0.075,0.815,0.5253,0.545,0.12,-0.64,0.0767,0.08,0.165,0.0,0.0,0.0,0.0,0.0,0.0,4.5156,0.0054,MLP,0.20920815598246706,0.21747427230210048,0.21436880634497527,0.2086453715119145,0.21147309627419333,0.2152126612041104,0.21893441573163067,0.2176271560755874,0.2144035750332391,0.21747427230210048,0.21190458823708044,0.2143443432234001,0.2152540037903579,0.21545307495350302,0.21583956294986353,0.21450623145752196,0.21267701099561487,0.21292228082917536
abalone,'Length',4177.0,0.0982,0.0356,0.075,0.815,0.5253,0.545,0.12,-0.64,0.0767,0.08,0.165,0.0,0.0,0.0,0.0,0.0,0.0,4.5156,0.0054,TabNet,0.21023240869142715,0.21952584684315846,0.21261320459096594,0.20517641654358948,0.20854707486150073,0.2103537973553719,0.2160405525075495,0.2093331353265427,0.21665368101271948,0.21952584684315846,0.21493398205981007,0.20957792752864762,0.21781298800933876,0.21528673294175343,0.2096210856297484,0.2081079635003714,0.20389706982771788,0.20997120298139701
abalone,'Length',4177.0,0.0524,0.0339,0.075,0.815,0.5241,0.545,0.1204,-0.6487,0.0844,0.08,0.165,0.0,0.0,0.0,0.0,0.0,0.0,4.5181,0.0054,MLP,0.21547470772445182,0.21565636946702577,0.21399058010594663,0.21563804584436663,0.2167794430510115,0.21677421487578036,0.2239497687751233,0.22437599632695882,0.21594234515845767,0.21565636946702577,0.21677933165089713,0.21779907037535604,0.2194430814264115,0.2182646319647185,0.21764606122226865,0.2181842739586092,0.2143083562167815,0.21789926212582425
abalone,'Length',4177.0,0.0524,0.0339,0.075,0.815,0.5241,0.545,0.1204,-0.6487,0.0844,0.08,0.165,0.0,0.0,0.0,0.0,0.0,0.0,4.5181,0.0054,TabNet,0.21421943796118176,0.21304415978382507,0.20477098473606847,0.21518136539532753,0.21756138412893294,0.21497906884705403,0.21654029482546217,0.21302499196092273,0.21691778556210772,0.21304415978382507,0.21893536571233685,0.2175935277668421,0.22080427618552617,0.2220632065579179,0.22224323732734882,0.20892402601836463,0.21244225218097834,0.22042725531806381
BachChoralHarmony,V2,5665.0,0.5001,0.0653,1.0,206.0,53.4096,48.0,36.8743,0.884,0.7063,25.0,50.0,0.0812,0.0812,0.055,0.055,0.0736,0.0736,4.8621,0.0026,MLP,0.49769578280215976,0.5016993438584301,0.49929223093912367,0.4993700494470132,0.4987319802112249,0.49932401946392047,0.04377757847465865,0.04577726801060281,0.5017121508706258,0.5010341172996747,0.4987357720004188,0.49976780276262817,0.49814962679277786,0.4985442053974892,0.49780514543467125,0.49823910528388693,0.4974144084427395,0.497612574306029
BachChoralHarmony,V2,5665.0,0.5001,0.0653,1.0,206.0,53.4096,48.0,36.8743,0.884,0.7063,25.0,50.0,0.0812,0.0812,0.055,0.055,0.0736,0.0736,4.8621,0.0026,TabNet,0.4732167598319685,0.4789736061539711,0.48024754966221206,0.4759338689880651,0.47666932361041836,0.47590126807318633,0.04591890678243049,0.046735782498408346,0.4789736061539711,0.4783621509711524,0.4754071938427281,0.4757199744599669,0.47754304432290856,0.4764919929081278,0.47545245314490114,0.4763493638296876,0.47169019527901096,0.47596171910887775
BachChoralHarmony,V2,5665.0,0.4484,0.0634,1.0,206.0,52.8877,47.0,37.5268,1.0202,1.1519,25.0,51.0,0.0679,0.0679,0.0414,0.0414,0.0553,0.0553,4.8659,0.0024,MLP,0.4966801216851705,0.501471787565673,0.4998281109488725,0.5003750519454605,0.5023250155551673,0.5011592840250986,0.04310722812720006,0.04522820014947786,0.501471787565673,0.4990695145424798,0.5012146382258716,0.501020597297457,0.499864100361876,0.5022426139433797,0.5007572471336847,0.5002997706596413,0.49926632081335226,0.5007164686824085
BachChoralHarmony,V2,5665.0,0.4484,0.0634,1.0,206.0,52.8877,47.0,37.5268,1.0202,1.1519,25.0,51.0,0.0679,0.0679,0.0414,0.0414,0.0553,0.0553,4.8659,0.0024,TabNet,0.4776481959978829,0.47135592256977044,0.47110099740527733,0.47260351591183014,0.47354442154365983,0.47691282452225814,0.04243851819328819,0.044332519918435516,0.4710968831796235,0.4740546280647882,0.4763566167853621,0.47320489143846,0.47396445722218683,0.4740723900711645,0.4710845346014281,0.4735024949297726,0.47827806917634585,0.47441073334450756
BachChoralHarmony,V2,5665.0,0.3995,0.0561,1.0,206.0,53.2434,48.0,37.0823,0.9186,0.826,25.5,51.0,0.0637,0.0637,0.0432,0.0432,0.0575,0.0575,4.866,0.0026,MLP,0.49700738647463993,0.5004818663786804,0.5007711932996997,0.49844103169712006,0.498621042520372,0.5010077186552618,0.03991554856695638,0.04193668191172338,0.5004818663786804,0.5010324712187638,0.5002849079225578,0.5005388150093846,0.5001085231125655,0.5007423584615583,0.5003491167670723,0.49726497052972995,0.49668461346983916,0.5010480780616088
BachChoralHarmony,V2,5665.0,0.3995,0.0561,1.0,206.0,53.2434,48.0,37.0823,0.9186,0.826,25.5,51.0,0.0637,0.0637,0.0432,0.0432,0.0575,0.0575,4.866,0.0026,TabNet,0.4761063955116292,0.47728916793896636,0.47559394035278035,0.47519225628410816,0.4745394505050155,0.47409860945886323,0.040891450866869544,0.0426779572969539,0.47728916793896636,0.47613951100920643,0.4732789012619238,0.4762376151943346,0.4744732749623847,0.47504703507663715,0.4745886300688044,0.4771054043491498,0.476779693383998,0.4771855720616281
BachChoralHarmony,V2,5665.0,0.3476,0.0533,1.0,207.0,53.8171,48.0,37.1849,0.9388,0.9422,25.0,50.0,0.0782,0.0782,0.0518,0.0518,0.0692,0.0692,4.8753,0.0025,MLP,0.49938105119141946,0.499239112634671,0.4990750251092084,0.49967439679120057,0.49774509108487897,0.5003492506207805,0.04092636317531821,0.04156416160612976,0.499239112634671,0.49820842753786343,0.4992874895801253,0.49983919554923284,0.4984340221989939,0.49914644709270517,0.5004371721778973,0.4987576171311622,0.4982543684428733,0.4999441242083295
BachChoralHarmony,V2,5665.0,0.3476,0.0533,1.0,207.0,53.8171,48.0,37.1849,0.9388,0.9422,25.0,50.0,0.0782,0.0782,0.0518,0.0518,0.0692,0.0692,4.8753,0.0025,TabNet,0.4739301508557526,0.477828423466166,0.4741875093653398,0.4738851845694908,0.4760466864199593,0.4748904587201982,0.04221542692209555,0.042816978796708066,0.47773569865528603,0.47390031516950365,0.47390315565544383,0.47432631775746303,0.475654941201694,0.47681580032407406,0.47587279882403744,0.47449831539652454,0.47591692431206783,0.4728864121111236
BachChoralHarmony,V2,5665.0,0.2936,0.0497,1.0,207.0,53.6534,48.0,37.4264,0.9318,0.8864,25.0,52.0,0.0668,0.0668,0.0438,0.0438,0.0584,0.0584,4.88,0.0023,MLP,0.49828063021561364,0.49984079582725544,0.4990139404686222,0.5008542865525853,0.5000029215815252,0.49898273416909733,0.04008400163524789,0.043877086553133035,0.49984079582725544,0.5000654031966905,0.5007509169039515,0.5003493928346806,0.49848295987398045,0.49879160564351377,0.49921291605585444,0.5011764981660398,0.49966816957032856,0.49853836882215463
BachChoralHarmony,V2,5665.0,0.2936,0.0497,1.0,207.0,53.6534,48.0,37.4264,0.9318,0.8864,25.0,52.0,0.0668,0.0668,0.0438,0.0438,0.0584,0.0584,4.88,0.0023,TabNet,0.47727035249726857,0.47742527807818586,0.4774439601763176,0.47380979166266607,0.4749913763150072,0.47669309953723465,0.04081920743023004,0.045963852582571844,0.47702156522257805,0.4779559546658937,0.4769691685671783,0.4759675210476969,0.4778831621286396,0.47712165698026615,0.47702280687821397,0.47991235447870184,0.47676961920761274,0.4773065965537224
BachChoralHarmony,V2,5665.0,0.2577,0.0473,1.0,205.0,53.4029,47.0,37.4198,0.9319,0.7875,25.0,51.0,0.0784,0.0784,0.0514,0.0514,0.0685,0.0685,4.8816,0.0024,MLP,0.5000319290417399,0.4982335722438825,0.500876126666403,0.49885271358339606,0.49910005884723296,0.5001225861247293,0.04365835902680951,0.04237473896184579,0.4982335722438825,0.4978242573474237,0.5000534097542241,0.5006626854166717,0.4996512512770337,0.5004377507932505,0.49822523760145015,0.5010567380430461,0.4977312247069509,0.49950131266529474
BachChoralHarmony,V2,5665.0,0.2577,0.0473,1.0,205.0,53.4029,47.0,37.4198,0.9319,0.7875,25.0,51.0,0.0784,0.0784,0.0514,0.0514,0.0685,0.0685,4.8816,0.0024,TabNet,0.4765244293130856,0.4778697839425857,0.4783173696908334,0.47514837931114307,0.48025479978368957,0.4796891072078099,0.04452107833367668,0.044706682988198715,0.47793795117157045,0.47743118547487196,0.4792083556385056,0.47789182394938917,0.47846146228671316,0.4790187150339507,0.4801828025592747,0.47941655235845493,0.47828549376332546,0.4789902836520459
BachChoralHarmony,V2,5665.0,0.2014,0.0449,1.0,207.0,53.3446,48.0,37.5595,0.9482,0.8832,25.0,51.0,0.0707,0.0707,0.0479,0.0479,0.0638,0.0638,4.8819,0.0022,MLP,0.49916308185561353,0.4993503610238435,0.5013756900936318,0.4988884490853466,0.49879133809113163,0.5001869202830358,0.04069094376028054,0.043956946807009886,0.4993503610238435,0.5001041364890972,0.5003876079428,0.5000382090709568,0.5001228748876674,0.5002782556354085,0.5001234956192981,0.5006281566388247,0.49814097032184596,0.4998341202069302
BachChoralHarmony,V2,5665.0,0.2014,0.0449,1.0,207.0,53.3446,48.0,37.5595,0.9482,0.8832,25.0,51.0,0.0707,0.0707,0.0479,0.0479,0.0638,0.0638,4.8819,0.0022,TabNet,0.4721224819889574,0.476021699331739,0.47675909705627517,0.4744995852963768,0.4761899877322817,0.473371801857635,0.04375033517800285,0.04495050485696894,0.4759305743867655,0.4777967384202785,0.47584325783901554,0.4754667094899788,0.4780191578383711,0.473519549520249,0.4734877185166498,0.4767160505429262,0.47507306305430586,0.47696370085159717
BachChoralHarmony,V2,5665.0,0.1451,0.0413,1.0,207.0,53.2916,48.0,36.8719,0.9317,0.8989,25.0,51.0,0.0818,0.0818,0.055,0.055,0.0732,0.0732,4.8738,0.0023,MLP,0.4998919751683226,0.4998195075524139,0.5006994260813322,0.4988640723551322,0.49927209153945024,0.5007006937394415,0.041678821776408366,0.044099611991255054,0.4998195075524139,0.5000526534916364,0.5002494592235875,0.5008380607943741,0.4997168407336233,0.500964680966493,0.4992286958852511,0.4978076949870433,0.5006613646652939,0.4985543691246155
BachChoralHarmony,V2,5665.0,0.1451,0.0413,1.0,207.0,53.2916,48.0,36.8719,0.9317,0.8989,25.0,51.0,0.0818,0.0818,0.055,0.055,0.0732,0.0732,4.8738,0.0023,TabNet,0.4775814130388564,0.47397219065517915,0.47738159006665837,0.4745833609528333,0.47553279619614175,0.47247298727882614,0.04190195225362895,0.043134446254046,0.47396922399421515,0.472472360498592,0.4744176822277288,0.4761494898325547,0.4732697533546096,0.4732112140952018,0.4756569940252545,0.4751531833802888,0.4798813908720261,0.4748643320644986
BachChoralHarmony,V2,5665.0,0.0962,0.04,1.0,206.0,53.3818,48.0,37.3104,0.9326,0.8494,25.0,51.0,0.0805,0.0805,0.0544,0.0544,0.0724,0.0724,4.8828,0.0022,MLP,0.4981202732737858,0.5017522634691032,0.5006331836529576,0.49997025492962016,0.5007119271135334,0.5015766302569087,0.04097828787769593,0.04297504205629112,0.5017522634691032,0.5007464577929094,0.5008078969284654,0.5004764083873428,0.5011095162383912,0.5011711781928365,0.5005453776575927,0.49882297876795273,0.4978856934919087,0.501337059083613
BachChoralHarmony,V2,5665.0,0.0962,0.04,1.0,206.0,53.3818,48.0,37.3104,0.9326,0.8494,25.0,51.0,0.0805,0.0805,0.0544,0.0544,0.0724,0.0724,4.8828,0.0022,TabNet,0.47359170891971886,0.47831720566509794,0.4771543584859891,0.47623226405227,0.4775004860968252,0.4786400965633329,0.041730327975743615,0.04292711206007016,0.47831720566509794,0.4757595356611449,0.479618692772332,0.47753149426199837,0.47713341080883526,0.4768835228273998,0.4772891745589599,0.4773425182818023,0.47569964004204063,0.4771757224696571
BachChoralHarmony,V2,5665.0,0.0523,0.0382,1.0,207.0,53.5696,48.0,37.3675,0.9171,0.8086,25.0,51.0,0.0807,0.0807,0.056,0.056,0.0746,0.0746,4.8862,0.0023,MLP,0.49987070162476865,0.5001846171162007,0.5005300698995285,0.4999699610071156,0.49887895801319304,0.501264894321916,0.041512915075944505,0.04155204354235286,0.5001846171162007,0.5005694914496702,0.5009947543784303,0.49977039610803176,0.5006385488894058,0.49991594071725887,0.5005071229384498,0.4995460338816555,0.49935348831401805,0.501277960279094
BachChoralHarmony,V2,5665.0,0.0523,0.0382,1.0,207.0,53.5696,48.0,37.3675,0.9171,0.8086,25.0,51.0,0.0807,0.0807,0.056,0.056,0.0746,0.0746,4.8862,0.0023,TabNet,0.47805317838371386,0.478033591908531,0.47670741893139407,0.4758315950031201,0.4770819162300348,0.47530555362692123,0.04160844430569838,0.04157599010582609,0.478033591908531,0.4767134854567415,0.47540517593321535,0.4741795156525014,0.4758413636011539,0.4760320518478028,0.4746518261157531,0.47658334518006906,0.4788547437049631,0.4749201590322491
BachChoralHarmony,V16,5665.0,0.5019,0.0018,1.0,5.0,3.1354,3.0,1.107,0.3627,-0.9356,1.0,2.0,0.0756,0.0756,0.0491,0.0491,0.0655,0.0655,1.4146,1.1999,MLP,0.4985134140467706,0.49857732552702855,0.49795546347914615,0.49904165310969006,0.4999341445161325,0.49763612166699767,0.042865889055580475,0.04183674368751374,0.49857732552702855,0.4997836058411409,0.4982162634088119,0.4990772163585052,0.4974424864193374,0.4983301644832722,0.4982307406871302,0.4986302418629339,0.49902059008889854,0.49845821847680394
BachChoralHarmony,V16,5665.0,0.5019,0.0018,1.0,5.0,3.1354,3.0,1.107,0.3627,-0.9356,1.0,2.0,0.0756,0.0756,0.0491,0.0491,0.0655,0.0655,1.4146,1.1999,TabNet,0.4744568031267061,0.47939742609094377,0.4773945726077601,0.4749865620008306,0.47770903814888144,0.4789325165483004,0.042637694597488035,0.043405014963267693,0.47939742609094377,0.47851860774801264,0.4793286095919405,0.4771154343403884,0.47721623944214825,0.47711418703210445,0.47757101946938607,0.4770140796914457,0.4751299905322921,0.47814526389824724
BachChoralHarmony,V16,5665.0,0.4588,0.0016,1.0,5.0,3.1112,3.0,1.1167,0.3929,-0.8908,1.0,2.0,0.0804,0.0804,0.0542,0.0542,0.0721,0.0721,1.4142,3.765,MLP,0.4967928428455406,0.4990281086685384,0.4973809208092362,0.4973091270082266,0.4982417443640729,0.49962314721641454,0.0438852958279691,0.04340677889702513,0.4990281086685384,0.4992668078578729,0.5001785034163331,0.49723344583573326,0.4980336592539787,0.4990558641933591,0.49981066610199343,0.49927878505545603,0.5007558988592992,0.5007769432245419
BachChoralHarmony,V16,5665.0,0.4588,0.0016,1.0,5.0,3.1112,3.0,1.1167,0.3929,-0.8908,1.0,2.0,0.0804,0.0804,0.0542,0.0542,0.0721,0.0721,1.4142,3.765,TabNet,0.4756528388680942,0.4755877793480026,0.47433222001586556,0.4755027834228409,0.47622269997307765,0.4739879526794171,0.0456456443705111,0.04616347622271867,0.4755877793480026,0.47745102953268503,0.4750128679832267,0.47673908318809344,0.4746964894591613,0.47482348483515,0.4739390987647426,0.47796314815108115,0.4737706047021073,0.47359270703030454
BachChoralHarmony,V16,5665.0,0.4004,0.0015,1.0,5.0,3.1286,3.0,1.1027,0.3819,-0.9071,1.0,2.0,0.074,0.074,0.0532,0.0532,0.0707,0.0707,1.4088,3.8036,MLP,0.49741446137064416,0.5006752868344418,0.49996591145414426,0.49949852050057153,0.49895800010726005,0.5021830528719007,0.040905598509404416,0.04085385822679154,0.5006752868344418,0.4991097071946629,0.5003347589503101,0.4984752225439263,0.5008509188798296,0.5031650450600993,0.5024352088360384,0.5004203691141722,0.5001785805627453,0.501075970053163
BachChoralHarmony,V16,5665.0,0.4004,0.0015,1.0,5.0,3.1286,3.0,1.1027,0.3819,-0.9071,1.0,2.0,0.074,0.074,0.0532,0.0532,0.0707,0.0707,1.4088,3.8036,TabNet,0.47403147957322916,0.4761351469342943,0.47666195182023074,0.4739205719963092,0.47599937416109994,0.47697883008648945,0.04493284720679362,0.04462586332446779,0.4761351469342943,0.47788198223590794,0.47815050481821414,0.4768990256343151,0.47906850146009905,0.4766963756274453,0.47730609933136287,0.47698912073857264,0.47714130763749546,0.47790225924361396
BachChoralHarmony,V16,5665.0,0.337,0.0013,1.0,5.0,3.1376,3.0,1.1102,0.3594,-0.933,1.0,2.0,0.0713,0.0713,0.0452,0.0452,0.0603,0.0603,1.4166,1.3945,MLP,0.4986737815520298,0.4993522590580154,0.4992957982803747,0.49751982270761136,0.5011239216423443,0.5006283188974879,0.03957340613057678,0.04209226675093453,0.4993522590580154,0.5000590148472741,0.5006819183397367,0.5013370253201307,0.5004059764874773,0.50085695969934,0.49932793384977225,0.49913548305187244,0.49910487716524776,0.5003513027616013
BachChoralHarmony,V16,5665.0,0.337,0.0013,1.0,5.0,3.1376,3.0,1.1102,0.3594,-0.933,1.0,2.0,0.0713,0.0713,0.0452,0.0452,0.0603,0.0603,1.4166,1.3945,TabNet,0.4737543327910919,0.4758527833480543,0.4780757470829437,0.47361694409993804,0.47770996223431444,0.4779829987813291,0.040630150214269065,0.042262255434462756,0.4758471714009874,0.47701548860912657,0.4772540044510774,0.47866102788928977,0.4782098556752978,0.477423683502665,0.4793317072361929,0.4770233896296017,0.4770146207171116,0.47692539799538364
BachChoralHarmony,V16,5665.0,0.3063,0.0013,1.0,5.0,3.1272,3.0,1.1054,0.3927,-0.9079,1.0,2.0,0.0737,0.0737,0.0508,0.0508,0.0675,0.0675,1.4061,3.8309,MLP,0.49979862985990015,0.500335314369685,0.49830173116893417,0.49829429423869964,0.4994756630479862,0.49991939533536156,0.041658585595307905,0.03992202155589409,0.500335314369685,0.500737858596814,0.49965580739378723,0.5008711260137687,0.5004769993237418,0.5004823237089543,0.5009887570294683,0.4980500340844514,0.4977824601033479,0.5002029110609121
BachChoralHarmony,V16,5665.0,0.3063,0.0013,1.0,5.0,3.1272,3.0,1.1054,0.3927,-0.9079,1.0,2.0,0.0737,0.0737,0.0508,0.0508,0.0675,0.0675,1.4061,3.8309,TabNet,0.4758748464483076,0.4781796547498943,0.4754165764480751,0.47611929526729035,0.47473243064577725,0.4761415520979383,0.043735446975916636,0.04183645118931359,0.4781796547498943,0.47755460271516825,0.476717117091355,0.47563027975519934,0.47785561378644836,0.47794054363163857,0.4778779464666145,0.4793015744642277,0.4785438519569749,0.479095215892788
BachChoralHarmony,V16,5665.0,0.2628,0.0012,1.0,5.0,3.125,3.0,1.1061,0.3996,-0.9204,1.0,2.0,0.0822,0.0822,0.0543,0.0543,0.0723,0.0723,1.404,4.1267,MLP,0.4976566506162252,0.5011262441364204,0.5003575157502502,0.4994288468048475,0.49825451871833226,0.4998186862233647,0.04138198147394498,0.03946566167527543,0.5011262441364204,0.5003584542298212,0.5001444533596706,0.49874539992844336,0.49925131576191617,0.5007017300652443,0.5008891755253193,0.5012104101060809,0.5011296071045179,0.5002000962876207
BachChoralHarmony,V16,5665.0,0.2628,0.0012,1.0,5.0,3.125,3.0,1.1061,0.3996,-0.9204,1.0,2.0,0.0822,0.0822,0.0543,0.0543,0.0723,0.0723,1.404,4.1267,TabNet,0.47600638213256863,0.4793310066092438,0.47891547700087295,0.4781798509831162,0.47748361859682675,0.47684042962268436,0.04450835444444514,0.044123260808880245,0.4793310066092438,0.47671080424191925,0.47711629991640414,0.47744133808736067,0.47612761253506397,0.47640578764689306,0.47589515371645497,0.4762666351522954,0.474654428034354,0.47554434011046015
BachChoralHarmony,V16,5665.0,0.2095,0.0011,1.0,5.0,3.1434,3.0,1.1141,0.3531,-0.949,1.0,2.0,0.0796,0.0796,0.0561,0.0561,0.0748,0.0748,1.4183,3.761,MLP,0.49998817065397616,0.5022351871174233,0.5016205828443602,0.5020459931603872,0.5010246260160148,0.5018506065761303,0.04543193045001234,0.04523210253620773,0.5022351871174233,0.5010061970680835,0.5017236143853512,0.5015664821336807,0.5007443166923601,0.5007204262061834,0.5027648780523601,0.5001964890378965,0.5017118607962519,0.5007409596426652
BachChoralHarmony,V16,5665.0,0.2095,0.0011,1.0,5.0,3.1434,3.0,1.1141,0.3531,-0.949,1.0,2.0,0.0796,0.0796,0.0561,0.0561,0.0748,0.0748,1.4183,3.761,TabNet,0.4738103766385355,0.47505151844620896,0.4761760323595954,0.47432385876482674,0.4745779077464023,0.47557604681095583,0.04395470402650347,0.04397118294650654,0.47505151844620896,0.4755908235621177,0.4773445569663216,0.47440663964257246,0.47625487251030424,0.4753084415373766,0.4751293388808191,0.4804147758333721,0.4777430015315826,0.4761274639486105
BachChoralHarmony,V16,5665.0,0.1508,0.001,1.0,5.0,3.1424,3.0,1.1096,0.3698,-0.9414,1.0,2.0,0.0795,0.0795,0.0539,0.0539,0.0718,0.0718,1.4111,3.812,MLP,0.4989421752095402,0.5007314192322379,0.5002179474098349,0.500099820814471,0.49900296995833154,0.5006966861281225,0.04313528374906916,0.043164388738218554,0.5007314192322379,0.5008329678864542,0.49916661306645194,0.5013164876248725,0.5018353566555311,0.500692180121836,0.5004445094302216,0.5003557455880713,0.5009844107375903,0.5010304015009754
BachChoralHarmony,V16,5665.0,0.1508,0.001,1.0,5.0,3.1424,3.0,1.1096,0.3698,-0.9414,1.0,2.0,0.0795,0.0795,0.0539,0.0539,0.0718,0.0718,1.4111,3.812,TabNet,0.4766403568490133,0.4772326396586264,0.47760401261827756,0.4766386583430476,0.4768574531922033,0.47704774879502887,0.04569911010529497,0.0463840101184496,0.4772326396586264,0.47913432646282966,0.47773084034344276,0.476958941139599,0.4766834931880301,0.4771441425187638,0.4778470119147522,0.47870427192373183,0.4788690660897091,0.47618032765531754
BachChoralHarmony,V16,5665.0,0.1026,0.001,1.0,5.0,3.1353,3.0,1.108,0.3768,-0.9277,1.0,2.0,0.079,0.079,0.0533,0.0533,0.071,0.071,1.4102,3.8099,MLP,0.5001547702740518,0.5020389173918964,0.5019959727010325,0.5010019222259138,0.5007726381345108,0.5015676742207241,0.042238071844778596,0.04196342235034675,0.5020389173918964,0.5034019411016046,0.5017429965793173,0.5029766831525605,0.5016279130295572,0.5027450019095603,0.502344923862377,0.5001586398708775,0.5008163547996234,0.5014770474476741
BachChoralHarmony,V16,5665.0,0.1026,0.001,1.0,5.0,3.1353,3.0,1.108,0.3768,-0.9277,1.0,2.0,0.079,0.079,0.0533,0.0533,0.071,0.071,1.4102,3.8099,TabNet,0.47555939629724564,0.4755141122999321,0.4756346088904469,0.4743360345145594,0.47715276967133213,0.47856156533307775,0.04350183900414793,0.043423152598204943,0.4755141122999321,0.4775313556324481,0.47875819971521055,0.4769701161642245,0.47773271085806945,0.47413291873199437,0.47623045807510617,0.47969001212967677,0.4797658656764341,0.4758859277682705
BachChoralHarmony,V16,5665.0,0.0519,0.0009,1.0,5.0,3.1322,3.0,1.11,0.378,-0.9296,1.0,2.0,0.0772,0.0772,0.0523,0.0523,0.0697,0.0697,1.4113,3.8036,MLP,0.500592543410029,0.49999121677804836,0.49949197647385335,0.49981997504485226,0.5007231145525382,0.5001500056296565,0.043733714256211455,0.04297108697946625,0.49999121677804836,0.49991110450830856,0.4994426650989651,0.4997221841152897,0.5005969513876956,0.5004170987460274,0.49975587765692103,0.5025024000461535,0.5002081033441304,0.5006208327815027
BachChoralHarmony,V16,5665.0,0.0519,0.0009,1.0,5.0,3.1322,3.0,1.11,0.378,-0.9296,1.0,2.0,0.0772,0.0772,0.0523,0.0523,0.0697,0.0697,1.4113,3.8036,TabNet,0.475115437423566,0.4766780750166553,0.4761594849591204,0.47522031312852414,0.47779417229174137,0.47681123934305253,0.04495577333132457,0.044563251735316,0.4766780750166553,0.47659904068098435,0.4766631220980029,0.47599247595923205,0.47649005103810416,0.47760589172928747,0.47681178097587634,0.47657632785441806,0.47529045490807975,0.47584341682607756
bank,duration,3074.0,0.515,0.4064,4.0,2769.0,274.8518,192.0,276.186,2.8303,12.6033,104.0,237.0,0.0251,0.0375,0.0026,0.0055,0.0035,0.0071,6.1778,0.0002,MLP,0.8405491936866696,0.8451522483916429,0.8459231862893208,0.8247927020107833,0.839050522867262,0.8448989067201531,0.8292363182773167,0.8257384751216293,0.8472307953143234,0.8472470730289519,0.8472470730289519,0.8427193722078491,0.844905388744003,0.8466660913705291,0.844479180584278,0.8415467295370956,0.8408183932110754,0.8453977888497395
bank,duration,3074.0,0.515,0.4064,4.0,2769.0,274.8518,192.0,276.186,2.8303,12.6033,104.0,237.0,0.0251,0.0375,0.0026,0.0055,0.0035,0.0071,6.1778,0.0002,TabNet,0.8300498294989688,0.8245080226544684,0.82844887307893,0.8264117373439861,0.8266004727257605,0.8294025726848929,0.8226276968095878,0.8238091644831003,0.8299420971864341,0.8245176047308908,0.8245176047308908,0.824740549125794,0.8274627742422411,0.8288462396191761,0.8313748569334498,0.8220057183504015,0.8216875719941875,0.8276857181395961
bank,duration,3074.0,0.458,0.3715,5.0,3025.0,266.5552,185.0,274.7756,3.3922,18.9562,97.0,226.75,0.0102,0.0236,0.043,0.0454,0.0547,0.0576,6.174,0.0002,MLP,0.8373821662032835,0.8419189588940724,0.8400882287425189,0.8337058653290806,0.8443037746806783,0.8419189588940724,0.8232086306328306,0.8224466684060193,0.847305783215363,0.8419189588940724,0.8419189588940724,0.8425628376743073,0.84309952325894,0.8438393979274355,0.8411103502863458,0.8396548617838921,0.8371658743941657,0.8422238786076901
bank,duration,3074.0,0.458,0.3715,5.0,3025.0,266.5552,185.0,274.7756,3.3922,18.9562,97.0,226.75,0.0102,0.0236,0.043,0.0454,0.0547,0.0576,6.174,0.0002,TabNet,0.8344713633430795,0.8244817658033571,0.8233743403231711,0.8233295084266268,0.823730902933171,0.8239245659967229,0.8200987459458736,0.815724678261013,0.824067967300901,0.8244817658033571,0.8244817658033571,0.8263236049121929,0.8241098791271895,0.8264575133633264,0.8263022248835004,0.8397824712194899,0.8319579841674233,0.8294497896046219
bank,duration,3074.0,0.392,0.3499,5.0,3025.0,273.7111,188.0,279.3463,3.0864,15.6945,100.0,237.0,0.0175,0.0243,0.0402,0.045,0.0513,0.0569,6.2109,0.0002,MLP,0.843253121372425,0.8515145766207612,0.8529525849985126,0.832416321687033,0.8443812705130787,0.8506927816033906,0.8299161121275647,0.8285046197607547,0.8516865726205676,0.8508726864256577,0.8508726864256577,0.8501339970939868,0.8506892157858542,0.8535155558681554,0.8519488508525538,0.848637910622722,0.8456778338423586,0.8504049513890629
bank,duration,3074.0,0.392,0.3499,5.0,3025.0,273.7111,188.0,279.3463,3.0864,15.6945,100.0,237.0,0.0175,0.0243,0.0402,0.045,0.0513,0.0569,6.2109,0.0002,TabNet,0.836535536859152,0.8289838741503868,0.8282882643648116,0.8244598202935849,0.8243910890155015,0.8282678332083714,0.8247497107391714,0.8266940446142266,0.8302368334489835,0.8288132874043018,0.8288132874043018,0.8288282912535634,0.8271239871506068,0.827313500161543,0.8338236618266675,0.8294210374589173,0.8372401056584918,0.8295327518013539
bank,duration,3074.0,0.3507,0.3282,4.0,2087.0,263.8016,184.5,258.6296,2.5151,8.6491,94.5,222.0,0.0131,0.0182,0.0364,0.0426,0.0462,0.0539,6.1947,0.0002,MLP,0.8366204276695949,0.8511778554930237,0.8484098563994223,0.8330686169368664,0.8370275419198678,0.8519495485284587,0.8296721618694541,0.827896073687962,0.8496511764271155,0.8511778554930237,0.850521633479657,0.8490475044845727,0.8515721923462283,0.8495789440302114,0.8509950501608713,0.8506283362234668,0.8381373382583701,0.8467864116022475
bank,duration,3074.0,0.3507,0.3282,4.0,2087.0,263.8016,184.5,258.6296,2.5151,8.6491,94.5,222.0,0.0131,0.0182,0.0364,0.0426,0.0462,0.0539,6.1947,0.0002,TabNet,0.8285140257489383,0.8303944070798743,0.829927337657236,0.8273289300872706,0.8206182061299518,0.8289643049966348,0.8334410170525213,0.8310661809214439,0.8303931761428285,0.830218160607064,0.830218160607064,0.8293185977265672,0.8310799851429018,0.8335303766551249,0.8298276068476514,0.8306678753208754,0.8302550799372195,0.829111173924021
bank,duration,3074.0,0.3051,0.3207,4.0,3025.0,272.2533,185.5,278.2665,3.0356,14.908,97.5,230.0,0.0125,0.0228,0.0378,0.0403,0.0481,0.0512,6.2313,0.0001,MLP,0.8516554468067211,0.8518328894806995,0.8500288589856464,0.8393944810149343,0.8459337012516381,0.8525345022419264,0.8342389691064029,0.8338961582573247,0.852743560036908,0.8520244087508042,0.8520244087508042,0.8523459935709243,0.8552527250208892,0.8546338663889046,0.8523114460690278,0.8549501133831402,0.8496574470589664,0.8507387356678716
bank,duration,3074.0,0.3051,0.3207,4.0,3025.0,272.2533,185.5,278.2665,3.0356,14.908,97.5,230.0,0.0125,0.0228,0.0378,0.0403,0.0481,0.0512,6.2313,0.0001,TabNet,0.8305028219569346,0.8389311852770649,0.8342103125115068,0.826725218227986,0.8231904532934613,0.8385204644483113,0.834601033942532,0.8272336946608845,0.8360352032481305,0.839673823963164,0.8394749084615327,0.8347577695876274,0.8455668424570162,0.8378286340828098,0.8381450351091508,0.8331526623338434,0.8393359869918628,0.8399268244907409
bank,duration,3074.0,0.2391,0.301,4.0,2769.0,266.6118,186.0,262.9795,2.7223,11.2082,96.0,222.0,0.0068,0.0318,0.0337,0.0384,0.0431,0.0488,6.2396,0.0001,MLP,0.8452275205752945,0.851796727459477,0.851921458687996,0.8469798079272303,0.8374092065771065,0.8513929561823504,0.8314450777401654,0.8316790182595392,0.8507730877959389,0.851796727459477,0.851796727459477,0.8481501745625666,0.853208246812617,0.8486001978476183,0.8496127918921489,0.850201095587514,0.8469264983486297,0.8516401683481748
bank,duration,3074.0,0.2391,0.301,4.0,2769.0,266.6118,186.0,262.9795,2.7223,11.2082,96.0,222.0,0.0068,0.0318,0.0337,0.0384,0.0431,0.0488,6.2396,0.0001,TabNet,0.8368379494464583,0.8325087200746434,0.8289016325646041,0.8286568403280163,0.8258853667037103,0.8340734237124419,0.8258032433940639,0.8256613811804224,0.8315139587823388,0.8334930393503482,0.8334930393503482,0.8369185495329496,0.8334155604300275,0.8304721834042125,0.8336786161745371,0.8348843258726727,0.8352151634305539,0.83184818561256
bank,duration,3074.0,0.2033,0.2907,5.0,3025.0,266.9743,185.0,265.3816,2.9329,14.4711,96.0,228.0,0.0035,0.0138,0.0321,0.0375,0.041,0.0476,6.2576,0.0001,MLP,0.8574520397541346,0.8634667642417221,0.8626638772926601,0.8420026133103017,0.8510339229250926,0.860751260319531,0.8372857167698272,0.836492236287814,0.8637146568408014,0.8634667642417221,0.8634667642417221,0.8581739093195974,0.8592197211034236,0.8634667642417221,0.8620066544432463,0.8608745721417592,0.8539700958085644,0.8613064826315499
bank,duration,3074.0,0.2033,0.2907,5.0,3025.0,266.9743,185.0,265.3816,2.9329,14.4711,96.0,228.0,0.0035,0.0138,0.0321,0.0375,0.041,0.0476,6.2576,0.0001,TabNet,0.8343029805522709,0.8304007229472794,0.8348230916091558,0.8257138759877503,0.8274124040652173,0.8404774996248213,0.8297987555826226,0.8352309627692103,0.8390849394946839,0.8304007229472794,0.8304007229472794,0.8306050405979889,0.8381289982847079,0.838268290591903,0.8402518835887327,0.8489034838836245,0.8461728863153082,0.833701913441322
bank,duration,3074.0,0.1493,0.2807,4.0,3025.0,269.0356,188.0,266.754,2.8604,13.212,98.0,226.0,0.0089,0.0317,0.0239,0.0288,0.0305,0.0365,6.2716,0.0001,MLP,0.8551317269303573,0.8624465636292054,0.8624926967474515,0.8447861530003545,0.8568115118701116,0.8622385394174603,0.8413838142872334,0.8405017021994032,0.8626521654245974,0.8624465636292054,0.8624465636292054,0.8621101161555533,0.8633537886040653,0.8624623851321604,0.8629394189138655,0.8576033905857561,0.857837240419195,0.8632764727787932
bank,duration,3074.0,0.1493,0.2807,4.0,3025.0,269.0356,188.0,266.754,2.8604,13.212,98.0,226.0,0.0089,0.0317,0.0239,0.0288,0.0305,0.0365,6.2716,0.0001,TabNet,0.8291940639841446,0.8338130730719604,0.8333915644396265,0.830489224952804,0.8329193364074495,0.8338130730719604,0.8374241941400686,0.8389027069948362,0.8338148722669847,0.8338130730719604,0.8338130730719604,0.8338210402831687,0.834675800971928,0.8336555344173857,0.833634917118772,0.845772782493752,0.844764908495771,0.8327305810585226
bank,duration,3074.0,0.1008,0.2692,4.0,3025.0,268.9584,185.5,272.423,2.9903,14.4432,98.5,227.0,0.0092,0.0253,0.0339,0.0389,0.0432,0.0494,6.2822,0.0001,MLP,0.859360989613441,0.8584487112151445,0.8546679139178522,0.8549660242963271,0.8569427946805679,0.85798632904882,0.8355208043299254,0.8334901939472195,0.8584486892212647,0.8580725958973872,0.8580725958973872,0.8583109566328336,0.8578291589408894,0.8574762897846839,0.8584234137213267,0.8614939984411247,0.8535818088798521,0.8576254466330413
bank,duration,3074.0,0.1008,0.2692,4.0,3025.0,268.9584,185.5,272.423,2.9903,14.4432,98.5,227.0,0.0092,0.0253,0.0339,0.0389,0.0432,0.0494,6.2822,0.0001,TabNet,0.8409734914751044,0.8453128662698096,0.8412285296024776,0.830274619475603,0.8372319827553382,0.8437967275973487,0.8285535741599899,0.8281038796765888,0.8429694369157663,0.8443753166927161,0.8443753166927161,0.8427667093426424,0.8437596980598312,0.8452244433791078,0.8423783078109708,0.8424801314186559,0.8416209678173263,0.8428396374057631
bank,duration,3074.0,0.0553,0.2634,4.0,3025.0,269.6391,187.0,270.7738,2.9396,14.0852,98.0,226.0,0.0053,0.021,0.0267,0.0304,0.0341,0.0386,6.2996,0.0001,MLP,0.8582891451499348,0.8622179172159671,0.8599148936439682,0.859385485968715,0.8616902603139548,0.8629659894479073,0.8405586572080347,0.8398999919742925,0.86182986195396,0.8620102616857874,0.8633516331228844,0.862587970909531,0.86182986195396,0.8635107368644854,0.8615299035309077,0.8632112342244067,0.8630309650082729,0.8617456226252171
bank,duration,3074.0,0.0553,0.2634,4.0,3025.0,269.6391,187.0,270.7738,2.9396,14.0852,98.0,226.0,0.0053,0.021,0.0267,0.0304,0.0341,0.0386,6.2996,0.0001,TabNet,0.8461676342846894,0.8429244764585706,0.8455444260298381,0.8452221264305008,0.8412250998471927,0.843855964808275,0.8315173265309452,0.830057006392553,0.8433989852170469,0.8429244764585706,0.8429244764585706,0.8447619805251612,0.8438386338102304,0.8442091540442678,0.8443035963279938,0.8533433476250206,0.8564145268661666,0.8449329017539177
bank,pdays,3074.0,0.4971,0.1054,-1.0,871.0,39.1662,-1.0,99.9594,2.9418,10.4644,0.0,0.0,0.0042,0.6047,0.0207,0.91,0.0265,0.9872,1.3564,0.0034,MLP,0.8665781326190616,0.8706123191137358,0.8669680496631846,0.866199714986691,0.8680583617648495,0.8695840316067566,0.8420623281927817,0.8444819962143895,0.86714929683246,0.8683896936101786,0.8691632767569193,0.8691748039845453,0.8686100387248117,0.8681861768536433,0.8693391822356156,0.8682322880310014,0.8656371812779587,0.8678749836535484
bank,pdays,3074.0,0.4971,0.1054,-1.0,871.0,39.1662,-1.0,99.9594,2.9418,10.4644,0.0,0.0,0.0042,0.6047,0.0207,0.91,0.0265,0.9872,1.3564,0.0034,TabNet,0.8461254782769931,0.8408347737332993,0.8446364218372624,0.8360086499157517,0.8480204345149499,0.8482873490101708,0.8446773580951732,0.8425195382731414,0.8436993244945645,0.8406165141085443,0.8481930159677289,0.8492167764595787,0.8486240203616624,0.8504323864140879,0.8482066396938959,0.8491372164487047,0.8470600019608568,0.8518752413736003
bank,pdays,3074.0,0.445,0.1067,-1.0,871.0,39.7192,-1.0,100.5342,2.8561,9.5682,0.0,0.0,0.0059,0.6248,0.0314,0.9104,0.0401,0.9871,1.3823,0.0027,MLP,0.8669837895115244,0.8679122031905911,0.8671451522829798,0.8634176780656347,0.8674942273315311,0.8640708489753246,0.8458853245705036,0.8443062131833647,0.8678616326047239,0.8643473899999313,0.8637515555067143,0.8661352196734713,0.8676559904923442,0.8676627507891551,0.8640708489753246,0.8652042045888939,0.8670638548310375,0.8654959333769169
bank,pdays,3074.0,0.445,0.1067,-1.0,871.0,39.7192,-1.0,100.5342,2.8561,9.5682,0.0,0.0,0.0059,0.6248,0.0314,0.9104,0.0401,0.9871,1.3823,0.0027,TabNet,0.8362982677089317,0.8337448974867497,0.83747366466548,0.8340597090685399,0.8364467000395869,0.8434607789618838,0.8322925187986214,0.8443782759379159,0.8379169291286562,0.8413949001591462,0.8422848829961236,0.8412216413809142,0.8446336525538565,0.8400094678667895,0.8411490693158745,0.8510326026083777,0.8565786676904015,0.8391862333512594
bank,pdays,3074.0,0.3923,0.1017,-1.0,687.0,37.3233,-1.0,95.8493,2.6569,6.7691,0.0,0.0,0.0293,0.6138,0.0017,0.9088,0.0023,0.9873,1.3294,0.0025,MLP,0.8673092819931809,0.8644045918485983,0.8673092819931809,0.8675463295907209,0.8657869726707547,0.8665607901324835,0.8431502573855381,0.8459175668726687,0.8650990479484499,0.8665419072227006,0.8672750629185422,0.8655707746754444,0.8647164033053693,0.865684456697341,0.8667879775378116,0.8659566040484428,0.8650882260579216,0.8669809064416818
bank,pdays,3074.0,0.3923,0.1017,-1.0,687.0,37.3233,-1.0,95.8493,2.6569,6.7691,0.0,0.0,0.0293,0.6138,0.0017,0.9088,0.0023,0.9873,1.3294,0.0025,TabNet,0.8393153099082926,0.8416419059045075,0.8409872132728728,0.8420775924060355,0.8459930410311698,0.8528834078043337,0.8483089888440521,0.843925149210933,0.8394356281038918,0.8425004845693056,0.8502703485041017,0.8468862371890906,0.8396043609531096,0.8479408705447594,0.8520181574932175,0.8414940906720134,0.8417337560947394,0.8445609377244272
bank,pdays,3074.0,0.3468,0.1011,-1.0,871.0,39.5125,-1.0,99.4679,2.8649,9.6826,0.0,0.0,0.0075,0.5833,0.0319,0.9018,0.0411,0.9853,1.4187,0.0022,MLP,0.8696158611225531,0.8688043917098771,0.8698272447805766,0.8652215556154891,0.8681489803807133,0.8678434411757701,0.8445482534572477,0.8420313941284545,0.8692187921598471,0.8664643330839514,0.8662948760246355,0.87130630898721,0.8678666115509103,0.8670897800640102,0.8685911393880623,0.8683657797210416,0.866382900785265,0.8680323110142648
bank,pdays,3074.0,0.3468,0.1011,-1.0,871.0,39.5125,-1.0,99.4679,2.8649,9.6826,0.0,0.0,0.0075,0.5833,0.0319,0.9018,0.0411,0.9853,1.4187,0.0022,TabNet,0.847492216746346,0.8355234114186904,0.8493015700826521,0.8450679299991279,0.8502238333488044,0.8439654650525968,0.8334664476655489,0.8451865143038757,0.839481064687065,0.8490335131236075,0.843387983699725,0.8433896918712985,0.845688465218323,0.8502980643280559,0.8438855138688376,0.8429522525180353,0.8419309060086012,0.8483889107342525
bank,pdays,3074.0,0.2938,0.0963,-1.0,871.0,40.1626,-1.0,99.5414,2.6961,7.9726,0.0,0.0,0.0118,0.6045,0.028,0.9021,0.0356,0.9853,1.4307,0.0021,MLP,0.865487378181856,0.8666791497955985,0.8650965225204589,0.8651117876623499,0.8654065665897319,0.8669671051624334,0.8426626611232875,0.8440993619540441,0.8661327409076501,0.8661363941194357,0.8674421673586176,0.8665274321323785,0.8654225064089727,0.8655678261478948,0.8669671051624334,0.8666966569192116,0.8663369970853118,0.8661728605905478
bank,pdays,3074.0,0.2938,0.0963,-1.0,871.0,40.1626,-1.0,99.5414,2.6961,7.9726,0.0,0.0,0.0118,0.6045,0.028,0.9021,0.0356,0.9853,1.4307,0.0021,TabNet,0.845869972370519,0.8405747315592295,0.8477203564439245,0.848811622059942,0.8431807458395799,0.8427944184781452,0.8400834405790558,0.8478542336333148,0.8410688911750078,0.8337368734533982,0.8425726344220648,0.8388162547469016,0.8442688230985222,0.8465072326880702,0.8426889091176092,0.8440637448165114,0.855220849199321,0.850548286381739
bank,pdays,3074.0,0.2589,0.0966,-1.0,804.0,39.9908,-1.0,100.4254,2.6695,7.3279,0.0,0.0,0.0114,0.6014,0.0327,0.904,0.0415,0.986,1.4041,0.0019,MLP,0.8668875151467471,0.8668742310885673,0.8670082260207551,0.8681265537442733,0.8645696114723072,0.8660331618529808,0.8464661361753281,0.8435547022230118,0.8676477616579477,0.8668569357493524,0.8649191520255944,0.8664064388394142,0.8653924156123999,0.8666819103283082,0.8659647025443893,0.8660807112462481,0.8663563427870344,0.8650341555542189
bank,pdays,3074.0,0.2589,0.0966,-1.0,804.0,39.9908,-1.0,100.4254,2.6695,7.3279,0.0,0.0,0.0114,0.6014,0.0327,0.904,0.0415,0.986,1.4041,0.0019,TabNet,0.8463455492010038,0.840212835988738,0.8463631724870748,0.8433068633190415,0.8416724122787025,0.8412449081429576,0.8336583759823315,0.844290078311987,0.8409672239748966,0.8415759402281744,0.8409889057979263,0.8466684472176449,0.8359156157601583,0.842826805614995,0.8353085346104832,0.8430291479791769,0.8523992753387553,0.846207428753094
bank,pdays,3074.0,0.2017,0.0933,-1.0,804.0,40.2331,-1.0,100.3767,2.6422,7.1024,0.0,0.0,0.0062,0.6115,0.025,0.9048,0.032,0.986,1.4238,0.0017,MLP,0.8654263282624931,0.8661044592678038,0.865216218108167,0.866951459493625,0.864424266645506,0.865241764140146,0.8480394579436605,0.8441445953690069,0.8661044592678038,0.865863529254637,0.865241764140146,0.8651694596447043,0.8658873944065854,0.8669937505269135,0.865241764140146,0.8635421729603955,0.8638192043599418,0.8658102737935021
bank,pdays,3074.0,0.2017,0.0933,-1.0,804.0,40.2331,-1.0,100.3767,2.6422,7.1024,0.0,0.0,0.0062,0.6115,0.025,0.9048,0.032,0.986,1.4238,0.0017,TabNet,0.8348826440470545,0.8338975947205456,0.8348826440470545,0.8376390605295989,0.8362437027236114,0.8359963712461214,0.8367013348109547,0.8427107698161018,0.8332071242042511,0.8366414343581903,0.837763078896089,0.834022684049754,0.8365899752628867,0.8342879535089063,0.8349014326059871,0.8539608867261683,0.8468751974852491,0.8376322581700753
bank,pdays,3074.0,0.1548,0.0916,-1.0,871.0,39.5258,-1.0,98.1983,2.7274,8.3261,0.0,0.0,0.0024,0.6009,0.0289,0.9025,0.037,0.9855,1.4474,0.0016,MLP,0.863622687259547,0.8647589463126232,0.86323183159815,0.86354261390842,0.8674150282663513,0.8647024486120493,0.8443759915608047,0.8427031972396903,0.8645879156516022,0.8656895191375944,0.8647024486120493,0.8649696512754225,0.8672338118171811,0.867421352290698,0.8647024486120493,0.8650823121210452,0.8661691637241865,0.8674458155332179
bank,pdays,3074.0,0.1548,0.0916,-1.0,871.0,39.5258,-1.0,98.1983,2.7274,8.3261,0.0,0.0,0.0024,0.6009,0.0289,0.9025,0.037,0.9855,1.4474,0.0016,TabNet,0.8390501420748051,0.8389090708286637,0.8401558536996538,0.844097812019561,0.8454018362002349,0.8361522888935023,0.8429808887400154,0.8358335986006102,0.8361322447219904,0.8476366444712921,0.8359686913892239,0.8450407506617778,0.8436375986943708,0.8408704149419353,0.8365367837422821,0.8349126510104464,0.8413711000851457,0.8382373661588358
bank,pdays,3074.0,0.0924,0.086,-1.0,871.0,39.2434,-1.0,99.0452,2.7616,8.461,0.0,0.0,0.0002,0.6015,0.0267,0.9063,0.0341,0.9864,1.4156,0.0016,MLP,0.8683795694745591,0.8671557280745061,0.8677397945727949,0.8662528173581605,0.8675541057386131,0.868238180890493,0.8451408925681799,0.8445396944937952,0.867482150943742,0.8674863694373796,0.8684500116907748,0.8686145415368344,0.8675541057386131,0.8673576000368117,0.8681716002411656,0.865815027505319,0.8666957733355712,0.8673448789450239
bank,pdays,3074.0,0.0924,0.086,-1.0,871.0,39.2434,-1.0,99.0452,2.7616,8.461,0.0,0.0,0.0002,0.6015,0.0267,0.9063,0.0341,0.9864,1.4156,0.0016,TabNet,0.8394147972681895,0.8423315155048726,0.8399282694618293,0.843270132524912,0.8470366551060863,0.8362841019880646,0.8356579430642312,0.8366435944527983,0.8421126680365308,0.8416207949670405,0.8350756834772141,0.8416164676287792,0.8348257819740432,0.8375462242839641,0.8350771156839965,0.8378877797584707,0.8465878250406538,0.8484469332602433
bank,pdays,3074.0,0.0534,0.0852,-1.0,871.0,39.5027,-1.0,99.1301,2.7407,8.2869,0.0,0.0,0.0117,0.6057,0.0333,0.9059,0.0425,0.9863,1.4336,0.0015,MLP,0.8678966909468965,0.868798800963362,0.8675837037547749,0.8681622549867118,0.8678259815029364,0.8674500594245071,0.8445154086025414,0.8424803685480418,0.8668867515566605,0.8675166400738346,0.866709054412269,0.8677288936313339,0.867186689163216,0.8674974132553045,0.8675930808073365,0.867515889925608,0.8669516394618624,0.8675293285534503
bank,pdays,3074.0,0.0534,0.0852,-1.0,871.0,39.5027,-1.0,99.1301,2.7407,8.2869,0.0,0.0,0.0117,0.6057,0.0333,0.9059,0.0425,0.9863,1.4336,0.0015,TabNet,0.8452152180517333,0.8486564601647133,0.8449099537933216,0.8459851124515914,0.8459011803436443,0.8455196932649058,0.8388966428902475,0.8383852509111368,0.8456280817519153,0.844742387186793,0.8363039919400378,0.8465739089730375,0.8442213806662993,0.8357815893431908,0.8437153334171372,0.8394623721419303,0.8403045721423992,0.8453429055180607
bank,previous,3074.0,0.5052,0.0099,0.0,18.0,0.5122,0.0,1.4676,4.9641,36.3264,0.0,0.0,0.0521,0.6283,0.0614,0.9038,0.078,0.9853,0.8177,0.4715,MLP,0.8663514110631054,0.8661493458296557,0.8663514110631054,0.8693889600612901,0.8680025680602863,0.8663961253081309,0.8453764427471236,0.8463514175687671,0.8663041629687775,0.8659758729717637,0.8674737204230806,0.86934974629304,0.8674344372956038,0.8650071220700446,0.8676265361804716,0.8638259451664482,0.8647986438092548,0.8669176414640625
bank,previous,3074.0,0.5052,0.0099,0.0,18.0,0.5122,0.0,1.4676,4.9641,36.3264,0.0,0.0,0.0521,0.6283,0.0614,0.9038,0.078,0.9853,0.8177,0.4715,TabNet,0.8467979142303501,0.8425629282615683,0.8467979142303501,0.8424438915386621,0.8437757912161136,0.8452274645867908,0.8403420079564364,0.8360478286083226,0.8442466372751884,0.8475081684954024,0.8445466759281113,0.8373735914311304,0.8463529430987482,0.8469316082876515,0.8458360472874107,0.8320418963255156,0.8316421153641136,0.8469860150089379
bank,previous,3074.0,0.4574,0.0084,0.0,23.0,0.536,0.0,1.5615,5.2235,44.1417,0.0,0.0,0.0322,0.6196,0.0213,0.9049,0.0271,0.9859,0.8175,0.5448,MLP,0.8713237899317328,0.8684129244557001,0.8713237899317328,0.8658214789644327,0.8700084235322829,0.8692773952889435,0.8430472014348982,0.8456392432615927,0.8689138262268408,0.8688178917202407,0.8688178917202407,0.8701801566276002,0.8694114564757103,0.8674591783031306,0.8690531463201213,0.8664127848431878,0.867229244096194,0.8669896733681596
bank,previous,3074.0,0.4574,0.0084,0.0,23.0,0.536,0.0,1.5615,5.2235,44.1417,0.0,0.0,0.0322,0.6196,0.0213,0.9049,0.0271,0.9859,0.8175,0.5448,TabNet,0.8415193972543351,0.8413988347126911,0.8415193972543351,0.8408831155425363,0.8420682869405951,0.8435413627847285,0.8438388880251574,0.849112064525642,0.8393978645736186,0.8488381854157341,0.8498881056515214,0.8448491627117569,0.8445889773700103,0.8422991896091812,0.8492846997801423,0.8288546343602226,0.8290534974100444,0.8544034037499171
bank,previous,3074.0,0.4057,0.0088,0.0,23.0,0.5057,0.0,1.5975,5.9748,55.4472,0.0,0.0,0.0551,0.609,0.0554,0.9129,0.07,0.9881,0.7751,0.413,MLP,0.8641007574361588,0.864623457470632,0.8641007574361588,0.8677989140085072,0.8677148677045321,0.8676406603098492,0.8466748688514425,0.8450823105547899,0.8644610363401739,0.8641643262916869,0.8637887882003452,0.8682755037623231,0.8664532039419071,0.8661930265933029,0.864177300628352,0.8646869735118989,0.8637046665641779,0.8699943221697016
bank,previous,3074.0,0.4057,0.0088,0.0,23.0,0.5057,0.0,1.5975,5.9748,55.4472,0.0,0.0,0.0551,0.609,0.0554,0.9129,0.07,0.9881,0.7751,0.413,TabNet,0.8402705393697824,0.8500808194563121,0.8402705393697824,0.8458980654919499,0.8384076800197794,0.843507910325241,0.8382189215209925,0.8440357331132144,0.8478770283321249,0.8419300733266601,0.8418062858806754,0.8472859796136079,0.8385308827038565,0.8436371610888684,0.842393603685877,0.8323396933935688,0.834756464908366,0.8449068466378636
bank,previous,3074.0,0.3562,0.0081,0.0,23.0,0.5169,0.0,1.5876,5.4312,44.5792,0.0,0.0,0.0289,0.6092,0.0285,0.9085,0.0362,0.9872,0.7841,0.4129,MLP,0.8671880068311812,0.8690318633113512,0.8671880068311812,0.8670160660789881,0.8666041244345968,0.8694470275668696,0.8476530908339636,0.8446281805919552,0.8694499125203721,0.8689438184887509,0.869745932395013,0.8685595401044357,0.8679008810925375,0.8692343151133834,0.869073703973892,0.865537011441745,0.8655239863027737,0.8690915530014192
bank,previous,3074.0,0.3562,0.0081,0.0,23.0,0.5169,0.0,1.5876,5.4312,44.5792,0.0,0.0,0.0289,0.6092,0.0285,0.9085,0.0362,0.9872,0.7841,0.4129,TabNet,0.8427778692193048,0.8414679513136374,0.8427778692193048,0.8445943135116988,0.835712738440475,0.8427564261386944,0.8493088144876536,0.8443547096080062,0.8426715619066519,0.8456424916442391,0.8437041452409555,0.8416259372777537,0.8354657851375626,0.8382915311046302,0.8417934087929282,0.8350510585361137,0.8337284983377725,0.8443834809875664
bank,previous,3074.0,0.298,0.0079,0.0,22.0,0.5079,0.0,1.5196,5.2602,41.8393,0.0,0.0,0.0693,0.6089,0.0546,0.9078,0.0689,0.9868,0.7927,0.3647,MLP,0.8668690770958755,0.8686842022682397,0.8668690770958755,0.8665366707657687,0.8680261436462653,0.870206600066474,0.842035307184838,0.8469015469309948,0.8684193401726505,0.8694039249870784,0.8699160565412305,0.8670177539352073,0.8685504996525348,0.8694073444591651,0.870206600066474,0.8656974592493173,0.8652405308251269,0.8694505144232476
bank,previous,3074.0,0.298,0.0079,0.0,22.0,0.5079,0.0,1.5196,5.2602,41.8393,0.0,0.0,0.0693,0.6089,0.0546,0.9078,0.0689,0.9868,0.7927,0.3647,TabNet,0.8475785299609918,0.8434341074830958,0.8475785299609918,0.8465658094455368,0.8461244020156109,0.8467180866529076,0.8383196041731067,0.8409756762661661,0.848373494319437,0.8429481126102851,0.8445360312567189,0.8431855276470672,0.8400484135575161,0.8444816347268715,0.8479278467567485,0.8333418248371294,0.8297736732860332,0.8501355365576397
bank,previous,3074.0,0.2583,0.007,0.0,23.0,0.5285,0.0,1.6013,5.4786,46.8775,0.0,0.0,0.0119,0.6041,0.0151,0.9105,0.0191,0.9874,0.7972,0.4137,MLP,0.8672375552493339,0.8668022601335074,0.8672375552493339,0.8668679799309275,0.8678107459336241,0.8678461741563215,0.8442513295223245,0.8416550965715264,0.8660429430222637,0.8682071716819908,0.8681919819398676,0.8667416171136596,0.8686712824804758,0.867699850341285,0.8680693516061893,0.8664341878052108,0.8664245817377205,0.8696721860630947
bank,previous,3074.0,0.2583,0.007,0.0,23.0,0.5285,0.0,1.6013,5.4786,46.8775,0.0,0.0,0.0119,0.6041,0.0151,0.9105,0.0191,0.9874,0.7972,0.4137,TabNet,0.8415991362459418,0.843129958456893,0.8415991362459418,0.8422999951114363,0.8467654419305279,0.844772325981441,0.8427878947842864,0.8397697965179308,0.8425488483709391,0.8490613925026038,0.8449778327475252,0.8468897892309435,0.8475185007560808,0.8411528551590828,0.8456078198624415,0.8361060765766255,0.8398588062077565,0.8473103179829851
bank,previous,3074.0,0.2053,0.0074,0.0,23.0,0.5334,0.0,1.6387,5.5436,46.1564,0.0,0.0,0.0457,0.6169,0.0416,0.9105,0.0526,0.9874,0.8011,0.3244,MLP,0.8674446226221124,0.8666013599508596,0.8674446226221124,0.867876197976593,0.8663870236996912,0.8674212525837091,0.8477092850008867,0.8493118015040316,0.8658366398603671,0.8669970353519231,0.8668210881606069,0.8665372902780895,0.8659986196535501,0.8661602388904,0.8672088661522049,0.8659684684484692,0.8659826904145509,0.8665939427728019
bank,previous,3074.0,0.2053,0.0074,0.0,23.0,0.5334,0.0,1.6387,5.5436,46.1564,0.0,0.0,0.0457,0.6169,0.0416,0.9105,0.0526,0.9874,0.8011,0.3244,TabNet,0.8445192555158845,0.8449706268065584,0.8445192555158845,0.8457448806917554,0.8444618136446269,0.8474402983568509,0.8472182975309133,0.8447378501892954,0.8430989014959893,0.8420201943450278,0.8404014583004016,0.8462161450966117,0.8415954843098494,0.8352304225297438,0.8476114516922615,0.8376968825620403,0.8382631047280097,0.841599025771407
bank,previous,3074.0,0.1542,0.0073,0.0,23.0,0.5119,0.0,1.5774,5.708,50.0599,0.0,0.0,0.0259,0.6148,0.0312,0.9099,0.0396,0.9873,0.7886,0.2903,MLP,0.8686251823421597,0.8692346758370373,0.8686251823421597,0.8692821896671058,0.868244028659034,0.8676446728971884,0.8466161709434018,0.8458350896391238,0.8684734917599478,0.8679390596548785,0.8679374606319438,0.8682612382024485,0.8672473850260619,0.8675473277823096,0.868399307171534,0.8673603109727597,0.8672588317244597,0.8683832631205156
bank,previous,3074.0,0.1542,0.0073,0.0,23.0,0.5119,0.0,1.5774,5.708,50.0599,0.0,0.0,0.0259,0.6148,0.0312,0.9099,0.0396,0.9873,0.7886,0.2903,TabNet,0.8491005777542585,0.8490218112427449,0.8491005777542585,0.8462233052821267,0.8455815931099065,0.8437775689716741,0.8367641094646028,0.8460093006614051,0.8471730560960413,0.8424621575744216,0.8432673895322718,0.846110753060966,0.8405419907423634,0.8424125745783344,0.8455495350479665,0.839782246997088,0.8353164546794938,0.8405279779727406
bank,previous,3074.0,0.1031,0.0069,0.0,23.0,0.5452,0.0,1.6385,5.3227,42.6648,0.0,0.0,0.0266,0.6006,0.0301,0.9051,0.0381,0.9861,0.8172,0.2904,MLP,0.8682416333913464,0.8672009043231688,0.8682416333913464,0.867157720990946,0.868661331296273,0.8660096261776941,0.8483342358504637,0.8490290013927406,0.8665713982857742,0.8663686907234299,0.8665483570874571,0.8659479816443878,0.8679859205529297,0.86760800584174,0.8663851642690358,0.8659279033421646,0.8665333027665452,0.8663263824505318
bank,previous,3074.0,0.1031,0.0069,0.0,23.0,0.5452,0.0,1.6385,5.3227,42.6648,0.0,0.0,0.0266,0.6006,0.0301,0.9051,0.0381,0.9861,0.8172,0.2904,TabNet,0.8475239114642625,0.8494809827463036,0.8475239114642625,0.8500977442437265,0.8481558141969405,0.8436832126819475,0.8434865821580834,0.8445740284128864,0.8489033638815253,0.8456781635109007,0.84643568511417,0.845171800312813,0.8455402818023315,0.8490880214424461,0.8457872849709996,0.8388152485228849,0.8383311665023784,0.8447081897463944
bank,previous,3074.0,0.052,0.0065,0.0,23.0,0.5257,0.0,1.5809,5.4421,45.7316,0.0,0.0,0.0241,0.6117,0.0284,0.9083,0.0361,0.9868,0.8048,0.2905,MLP,0.8655310829348546,0.866749742589171,0.8655310829348546,0.8659596680537972,0.8686781056194934,0.8664637276162895,0.8447198993611482,0.8456575379789142,0.8671954904939101,0.8664637276162895,0.8664637276162895,0.8668824681471113,0.865595443937092,0.8666907141104397,0.8664637276162895,0.866204636745634,0.8665998573187468,0.8668306731407068
bank,previous,3074.0,0.052,0.0065,0.0,23.0,0.5257,0.0,1.5809,5.4421,45.7316,0.0,0.0,0.0241,0.6117,0.0284,0.9083,0.0361,0.9868,0.8048,0.2905,TabNet,0.8348131643518732,0.8481823807371356,0.8348131643518732,0.8459261988444635,0.8387587825116853,0.8467994667643991,0.84608399669752,0.8393074453044256,0.8490071191502074,0.8362948382878801,0.8458617407510741,0.8470842247068253,0.8376195036767379,0.8471933446265668,0.8460296900226307,0.8269604893129723,0.8288546343602226,0.845834559630082
drug,Age,200.0,0.465,0.4673,15.0,74.0,46.7664,47.0,16.4854,-0.0861,-1.1142,14.0,27.5,0.0165,0.0165,0.0158,0.0158,0.0157,0.0157,3.7753,0.0217,MLP,0.8451835242079005,0.8877528397182147,0.8877528397182147,0.9008395986874761,0.8827603297955469,0.8877528397182147,0.6531967489986358,0.6658645078645079,0.877673035753727,0.8877528397182147,0.8877528397182147,0.8841831949130288,0.8815094770438605,0.8839862759067025,0.8758919859442089,0.8543778309433583,0.8823143199948434,0.854377141715645
drug,Age,200.0,0.465,0.4673,15.0,74.0,46.7664,47.0,16.4854,-0.0861,-1.1142,14.0,27.5,0.0165,0.0165,0.0158,0.0158,0.0157,0.0157,3.7753,0.0217,TabNet,0.8647850460290272,0.9035251993840072,0.9035251993840072,0.8867968280691075,0.8808387467942166,0.9035251993840072,0.6712386293104378,0.6534486921986923,0.8771555073830062,0.9035251993840072,0.9035251993840072,0.8876146866275411,0.8845469697272974,0.8863071628280357,0.8915783559608896,0.846478674435223,0.8197942862209286,0.8417637323477959
drug,Age,200.0,0.435,0.4425,15.0,74.0,45.0531,46.0,18.0598,-0.0832,-1.3086,15.0,32.0,0.0217,0.0217,0.0188,0.0188,0.0265,0.0265,3.8231,0.0224,MLP,0.8847576340143228,0.9066901780679971,0.9116317773492191,0.8739331290833812,0.8893981286423018,0.9029430613231652,0.693725371120108,0.687417420192038,0.8939042489709776,0.9066901780679971,0.9066901780679971,0.8947122901563475,0.9168570684802033,0.9012467641022532,0.898127330853634,0.9103350281401049,0.8716462611838083,0.907891604196249
drug,Age,200.0,0.435,0.4425,15.0,74.0,45.0531,46.0,18.0598,-0.0832,-1.3086,15.0,32.0,0.0217,0.0217,0.0188,0.0188,0.0265,0.0265,3.8231,0.0224,TabNet,0.8593837467668228,0.8842356974238872,0.8914773320331484,0.8796675511256117,0.8729228859930862,0.8757767602258195,0.6740191089750569,0.6817442684444777,0.8786592499791813,0.8884549595968414,0.8884549595968414,0.8859368413508307,0.8810054812729082,0.912279153693832,0.8944245387089516,0.860324480405189,0.8735173806779284,0.8797002533283065
drug,Age,200.0,0.395,0.438,15.0,74.0,45.0992,47.0,16.7393,-0.0553,-1.2323,15.0,29.0,0.0625,0.0625,0.0279,0.0279,0.0475,0.0475,3.8476,0.0204,MLP,0.8574043328754517,0.905665842057115,0.8977034448410414,0.8578533454369346,0.9070076715239445,0.914078696087616,0.669406974900396,0.6702366569572452,0.8925043912509499,0.905665842057115,0.905665842057115,0.8966679935488603,0.9103198079169632,0.914023451767666,0.9010409576578416,0.9025492543309316,0.8506678407042463,0.8941579808983445
drug,Age,200.0,0.395,0.438,15.0,74.0,45.0992,47.0,16.7393,-0.0553,-1.2323,15.0,29.0,0.0625,0.0625,0.0279,0.0279,0.0475,0.0475,3.8476,0.0204,TabNet,0.8653215138192278,0.876105523164695,0.8814323205503158,0.8311162706906217,0.8687531365636956,0.8795341724021677,0.6849021999139924,0.6611009594874844,0.876105523164695,0.876105523164695,0.880073777132949,0.8732452327338188,0.882302664416795,0.896864595166789,0.8743821680976209,0.879775419961683,0.8342719780219781,0.8765830545421934
drug,Age,200.0,0.385,0.4309,17.0,74.0,44.8455,43.0,15.6803,0.184,-1.0297,12.0,25.5,0.0626,0.0626,0.0479,0.0479,0.0711,0.0711,3.8243,0.0206,MLP,0.8755593118446892,0.9142039591227643,0.9100733494320795,0.9019602991381738,0.9135638015214909,0.9184347283535335,0.6681011315029035,0.652818863122172,0.9194768059348668,0.9143041186628487,0.9184347283535335,0.9203404923426308,0.9107252630558991,0.9069952868163096,0.9094759788153289,0.9002652603023459,0.8792912155086581,0.8973688244521304
drug,Age,200.0,0.385,0.4309,17.0,74.0,44.8455,43.0,15.6803,0.184,-1.0297,12.0,25.5,0.0626,0.0626,0.0479,0.0479,0.0711,0.0711,3.8243,0.0206,TabNet,0.8732209994646685,0.9145201132057273,0.9098296953719271,0.905709486420445,0.9036061526545991,0.9103654996921113,0.6560937810796834,0.6580529265084132,0.8941160111487398,0.9145201132057273,0.9145201132057273,0.8949911466679655,0.8976856150066379,0.8972082831826541,0.902608777247889,0.9192826881877947,0.8840519547857891,0.8858878192061664
drug,Age,200.0,0.285,0.3846,15.0,74.0,44.3776,45.0,16.9577,0.0161,-1.1914,14.0,29.5,0.0129,0.0129,0.0103,0.0103,0.0136,0.0136,3.8879,0.0207,MLP,0.8910641379427299,0.9104848045590287,0.9110804988835366,0.8860515871741904,0.9050595445428282,0.9145437023467401,0.6478733308135604,0.6438585558405574,0.912461884368098,0.9145437023467401,0.9104848045590287,0.9122909452274144,0.9069459318189841,0.9100201390688045,0.9026019002105006,0.8908884405971662,0.8707803738248734,0.8819008362829313
drug,Age,200.0,0.285,0.3846,15.0,74.0,44.3776,45.0,16.9577,0.0161,-1.1914,14.0,29.5,0.0129,0.0129,0.0103,0.0103,0.0136,0.0136,3.8879,0.0207,TabNet,0.8753046545845157,0.899532087748696,0.8951599028404773,0.8756081858289947,0.8880367700535974,0.899532087748696,0.6646352075820161,0.6521746379991223,0.8986879780098158,0.8951824691133632,0.8951824691133632,0.9004647260844947,0.9065319479883707,0.9058017374665362,0.8947310917338029,0.8912469632988143,0.8454168910568461,0.868117564356044
drug,Age,200.0,0.245,0.3709,15.0,74.0,43.5166,43.0,16.9927,0.0791,-1.152,15.0,29.0,0.0215,0.0215,0.0119,0.0119,0.0206,0.0206,3.8685,0.0202,MLP,0.869671941771122,0.905758518592993,0.905758518592993,0.9282754281027302,0.9068499789516947,0.905758518592993,0.6646085627105984,0.6512451956889556,0.9062949663818657,0.9099490669109661,0.9099490669109661,0.9097383622787191,0.9142267278351733,0.9190352388533208,0.9099490669109661,0.8974976329014215,0.884357962620896,0.8975410464823175
drug,Age,200.0,0.245,0.3709,15.0,74.0,43.5166,43.0,16.9927,0.0791,-1.152,15.0,29.0,0.0215,0.0215,0.0119,0.0119,0.0206,0.0206,3.8685,0.0202,TabNet,0.8590366386506326,0.9134150858879031,0.9134150858879031,0.9124895586569616,0.904791027596777,0.9134150858879031,0.6900328726257899,0.6615792959660884,0.9175007260416321,0.9134150858879031,0.9134150858879031,0.9186074071836905,0.9134177334400129,0.9100491086779797,0.9134150858879031,0.8953715004742333,0.8369108168117129,0.9142475619936177
drug,Age,200.0,0.19,0.3457,15.0,74.0,43.8086,44.0,16.5617,0.0453,-1.1459,14.0,27.75,0.0269,0.0269,0.0152,0.0152,0.0188,0.0188,3.9121,0.0212,MLP,0.8973875208434032,0.9415763179030352,0.941606824126204,0.9074641185495814,0.9338793442577668,0.941606824126204,0.6270161377961654,0.6571140808413347,0.9499376968244893,0.9415763179030352,0.9415763179030352,0.9376322255030605,0.9253253565369932,0.9372983343816678,0.9417319767513566,0.9333487412124443,0.8934217934233432,0.9275648680555593
drug,Age,200.0,0.19,0.3457,15.0,74.0,43.8086,44.0,16.5617,0.0453,-1.1459,14.0,27.75,0.0269,0.0269,0.0152,0.0152,0.0188,0.0188,3.9121,0.0212,TabNet,0.8760579850765274,0.913037286698207,0.9187258453152247,0.8853756695019279,0.9031078101654477,0.9145813319493998,0.6731186504781466,0.6639183607470626,0.897136740742754,0.913037286698207,0.913037286698207,0.8994419632187374,0.9108958882419576,0.9158118861059366,0.911052780698391,0.8892342705949667,0.8552708222570005,0.8957587757262182
drug,Age,200.0,0.16,0.3155,15.0,74.0,45.0655,45.0,16.1345,0.0071,-1.0136,13.0,26.25,0.044,0.044,0.0241,0.0241,0.0383,0.0383,3.8733,0.0248,MLP,0.8325089563292911,0.8897386692816579,0.8897386692816579,0.9035496282083036,0.897142215703702,0.8897386692816579,0.638211167813604,0.637384134696329,0.889837357746943,0.8897386692816579,0.8897386692816579,0.8980474937782209,0.9015127971266658,0.9012512303787544,0.889837357746943,0.8947839381225684,0.8466236833342096,0.885915425703912
drug,Age,200.0,0.16,0.3155,15.0,74.0,45.0655,45.0,16.1345,0.0071,-1.0136,13.0,26.25,0.044,0.044,0.0241,0.0241,0.0383,0.0383,3.8733,0.0248,TabNet,0.884853032498554,0.8859040141648715,0.8859040141648715,0.8870463914105219,0.9105314811659724,0.8859744908697418,0.6371716015466016,0.6388400542812307,0.8859744908697418,0.8859040141648715,0.881896077656935,0.8942786913113886,0.9067564326674159,0.9150477748570632,0.8943368590565816,0.881375349702553,0.8353384705626018,0.901936431540264
drug,Age,200.0,0.085,0.3005,15.0,74.0,43.694,43.0,16.5379,0.0797,-1.0649,14.0,28.0,0.0751,0.0751,0.037,0.037,0.0575,0.0575,3.8759,0.0236,MLP,0.9108520560685104,0.9174119297696885,0.9174119297696885,0.9333467241419828,0.9132267445845033,0.9174119297696885,0.6667180273563252,0.6683647551865637,0.9255264825643882,0.9174119297696885,0.9174119297696885,0.933795713333619,0.9208456898856735,0.9332682676039674,0.929786638394397,0.9162603176381208,0.9165539005203548,0.929286594025107
drug,Age,200.0,0.085,0.3005,15.0,74.0,43.694,43.0,16.5379,0.0797,-1.0649,14.0,28.0,0.0751,0.0751,0.037,0.037,0.0575,0.0575,3.8759,0.0236,TabNet,0.9342011282308365,0.9262016817942886,0.9262016817942886,0.9336365835327618,0.9299734368731316,0.9298557823233892,0.6715219561587487,0.6579018845443161,0.9336365835327618,0.9262016817942886,0.9262016817942886,0.9377942040688989,0.9175206060739304,0.9377942040688989,0.9298557823233892,0.8842473755616796,0.9043485761747173,0.9222745419595056
drug,Age,200.0,0.055,0.3016,15.0,74.0,44.1058,43.0,16.4902,0.0517,-1.112,14.0,27.0,0.0626,0.0626,0.0272,0.0272,0.0423,0.0423,3.9191,0.0219,MLP,0.9337297852806328,0.9458699252056251,0.9458714812752699,0.9462373867201455,0.946816090423849,0.9458231615394502,0.6595750440036154,0.6489855621960886,0.9416527534884533,0.9458699252056251,0.9458699252056251,0.9416527534884533,0.9416527534884533,0.9500886529924416,0.9458699252056251,0.9295329068358322,0.9171072880352473,0.9458714812752699
drug,Age,200.0,0.055,0.3016,15.0,74.0,44.1058,43.0,16.4902,0.0517,-1.112,14.0,27.0,0.0626,0.0626,0.0272,0.0272,0.0423,0.0423,3.9191,0.0219,TabNet,0.9465187551353713,0.9295648235710516,0.9295648235710516,0.9253140839822842,0.9217905517070828,0.9295648235710516,0.6813828235151764,0.6728062934498794,0.9253715644492211,0.9295648235710516,0.9295648235710516,0.9172302844329412,0.9249673775636609,0.9211108831492574,0.9295648235710516,0.917429360898047,0.9252133997234462,0.9254189802295116
drug,Na_to_K,200.0,0.475,1.0,6.269,35.639,15.806,13.972,6.4125,0.8392,0.0081,3.907,8.152,0.1009,0.1009,0.0473,0.0473,0.07,0.07,4.654,0.0,MLP,0.6422435300428143,0.7239929196537707,0.7368366879787954,0.5864015269513113,0.7332305539624052,0.7197562249758995,0.48487927009676957,0.4357284533205586,0.7061515821210094,0.7199313984339052,0.7241680931117764,0.7023925905569405,0.6552302341872847,0.6277322462159276,0.7250820438960857,0.6806720745551167,0.5307540508503444,0.6394864973711987
drug,Na_to_K,200.0,0.475,1.0,6.269,35.639,15.806,13.972,6.4125,0.8392,0.0081,3.907,8.152,0.1009,0.1009,0.0473,0.0473,0.07,0.07,4.654,0.0,TabNet,0.6488796704753524,0.6770526083027558,0.7214877574313849,0.49172202025396045,0.697130086545594,0.6761671483546305,0.5067724411222395,0.41816568560850204,0.7039903293993207,0.6797953530775886,0.6797953530775886,0.7284800205701019,0.6327347627137261,0.5931783698386713,0.6871157480030851,0.6621221699692185,0.5163032370488511,0.6339954027454028
drug,Na_to_K,200.0,0.385,0.9919,6.269,37.188,16.4848,14.133,7.456,0.8821,-0.0414,4.324,10.496,0.0843,0.0843,0.0337,0.0337,0.0505,0.0505,4.8009,0.0001,MLP,0.7225332787011802,0.7449444167762727,0.7522989736927378,0.6546144916682253,0.7142749537312899,0.7458153859380229,0.5231462304377301,0.4852099232101501,0.7493762427604431,0.7449444167762727,0.7449444167762727,0.733860767786619,0.713304968326768,0.7241397705229846,0.7427580634672357,0.7018900418132874,0.7092164293051829,0.7093730565591468
drug,Na_to_K,200.0,0.385,0.9919,6.269,37.188,16.4848,14.133,7.456,0.8821,-0.0414,4.324,10.496,0.0843,0.0843,0.0337,0.0337,0.0505,0.0505,4.8009,0.0001,TabNet,0.7432574900702378,0.6924852327092893,0.7593991657833076,0.6032366311683126,0.6886742158377809,0.6757850918145035,0.5182539379417842,0.5167611544731114,0.6997774169566683,0.701369683924644,0.701369683924644,0.6449064383571887,0.6673286682831975,0.6768271101562335,0.6577141783529651,0.6587190807131755,0.6728878667983405,0.7070968715926367
drug,Na_to_K,200.0,0.38,0.9919,6.269,38.247,16.177,13.9365,7.4272,1.0636,0.3991,4.3155,8.9578,0.1471,0.1471,0.0755,0.0755,0.1029,0.1029,4.8091,0.0001,MLP,0.6707473557024449,0.7121049980442926,0.7191585285435946,0.6560082998106254,0.705555946861485,0.7125534328692267,0.5376453788227848,0.5182754428630261,0.7159043089072658,0.7005129096898859,0.7005129096898859,0.7562254032107371,0.6926968307238326,0.6657813461862367,0.6764977405253199,0.7335507411323333,0.6746414098106125,0.6508368673320122
drug,Na_to_K,200.0,0.38,0.9919,6.269,38.247,16.177,13.9365,7.4272,1.0636,0.3991,4.3155,8.9578,0.1471,0.1471,0.0755,0.0755,0.1029,0.1029,4.8091,0.0001,TabNet,0.6672054334554335,0.7066853599267516,0.7312616040817715,0.6634592565002643,0.6544438164753161,0.7196733402256659,0.5533692877622942,0.5251172953307859,0.717108371258208,0.7025251137751138,0.7025251137751138,0.7522102346016167,0.6639236246064133,0.6108949742733789,0.7010298902573966,0.6983633000985943,0.6358951078108687,0.5898724215403397
drug,Na_to_K,200.0,0.28,0.9931,6.269,38.247,16.1785,13.9695,7.2077,0.9693,0.2552,4.445,9.191,0.0414,0.0414,0.0308,0.0308,0.0429,0.0429,4.9602,0.0,MLP,0.6974968434058034,0.7823220992504334,0.7811684661004602,0.72394358965546,0.7052392520955493,0.764861863299914,0.5553929175318042,0.5109550506673513,0.7953936903038152,0.7872210032564803,0.7637034630581804,0.7734453542797124,0.7199586925053496,0.6758721956224759,0.7490231053639574,0.7345974194245471,0.694305348863234,0.7233233996593339
drug,Na_to_K,200.0,0.28,0.9931,6.269,38.247,16.1785,13.9695,7.2077,0.9693,0.2552,4.445,9.191,0.0414,0.0414,0.0308,0.0308,0.0429,0.0429,4.9602,0.0,TabNet,0.6970653797033107,0.7264916247967095,0.7571633510144087,0.7181938524664099,0.6887565299130345,0.727431211377711,0.5551749926851349,0.5068708624608764,0.7301019771433489,0.7217907469708317,0.7227891323265063,0.7432391631760767,0.6848477758775735,0.6268133124371671,0.7392116192740126,0.7290935830738463,0.6885970650734803,0.7053134260579659
drug,Na_to_K,200.0,0.27,0.9863,6.683,37.188,15.7817,13.8265,6.9175,1.0097,0.3345,4.286,8.975,0.0215,0.0215,0.0099,0.0099,0.0123,0.0123,4.9646,0.0001,MLP,0.7485940427825524,0.8009171582286837,0.8272919217470677,0.777250682644291,0.7981971185162327,0.8027438948110476,0.5916486262363598,0.5885094327207572,0.8464740484113751,0.8087392062490049,0.8067795950254967,0.8166433223380072,0.8162308960254496,0.8165323208832336,0.8079703474446663,0.7818603482860449,0.764461080449543,0.7607014941510563
drug,Na_to_K,200.0,0.27,0.9863,6.683,37.188,15.7817,13.8265,6.9175,1.0097,0.3345,4.286,8.975,0.0215,0.0215,0.0099,0.0099,0.0123,0.0123,4.9646,0.0001,TabNet,0.7709473356286507,0.8112345066587262,0.8119048306828769,0.798510792736193,0.7991968582071458,0.7951903744071438,0.5818945472245646,0.5866144090417699,0.8159015026906068,0.8195988329759658,0.7988084128268191,0.8343319411193927,0.8049009916074632,0.811118994411818,0.7868469418830326,0.7400438015318573,0.7206863380869238,0.713745443293736
drug,Na_to_K,200.0,0.26,0.9932,6.683,38.247,16.2051,13.9525,7.3877,1.0776,0.4683,4.172,8.9362,0.0966,0.0966,0.0617,0.0617,0.094,0.094,4.9878,0.0,MLP,0.7190337170162565,0.8044148560340812,0.790373256559402,0.7250245295528439,0.7538233704515217,0.8124448314244217,0.5950768153323229,0.545179480353335,0.7882251627801162,0.796026058081866,0.796026058081866,0.7718211478180704,0.7382942393627878,0.7523096297460293,0.789590337090337,0.77998370352201,0.7093183792510721,0.7459833639082981
drug,Na_to_K,200.0,0.26,0.9932,6.683,38.247,16.2051,13.9525,7.3877,1.0776,0.4683,4.172,8.9362,0.0966,0.0966,0.0617,0.0617,0.094,0.094,4.9878,0.0,TabNet,0.7577149336552008,0.7725936658173708,0.766117125150144,0.7353247231970172,0.7506557523331837,0.7855338355496883,0.6041478891973739,0.5617722405001868,0.7698670600473352,0.7819154427758499,0.7726595026982893,0.7635000597228858,0.7572846496904698,0.7609996616603724,0.7671492049138572,0.7779933889042328,0.7110634396402508,0.7587227183600074
drug,Na_to_K,200.0,0.19,1.0,6.269,38.247,15.9572,13.8265,7.4257,1.0633,0.3457,4.156,8.8965,0.107,0.107,0.0666,0.0666,0.0965,0.0965,5.0876,0.0,MLP,0.7089336532665163,0.8379227451654054,0.8087074600214409,0.758743690361072,0.7993434572141299,0.8380585346852127,0.587472582367674,0.5769592751959409,0.8377390566114975,0.8379639838831147,0.8379639838831147,0.7866130930798114,0.7988779398114843,0.8123766135769732,0.8252505533565455,0.766828896452743,0.7419963388078641,0.777566690362315
drug,Na_to_K,200.0,0.19,1.0,6.269,38.247,15.9572,13.8265,7.4257,1.0633,0.3457,4.156,8.8965,0.107,0.107,0.0666,0.0666,0.0965,0.0965,5.0876,0.0,TabNet,0.7179083374163262,0.8220141079352099,0.7949807633286847,0.7254611507045011,0.7868213111746543,0.8135051763994131,0.5806784737382995,0.5622444676684543,0.8050977543465926,0.8182234470326194,0.8182234470326194,0.7583932860748174,0.7912884664176854,0.7702047277350623,0.8090793868135866,0.7438684465232432,0.7370139521645689,0.7919478591247046
drug,Na_to_K,200.0,0.175,0.9879,6.269,38.247,15.9259,13.938,7.2436,1.0171,0.3409,4.357,9.032,0.0593,0.0593,0.0307,0.0307,0.0475,0.0475,5.0891,0.0,MLP,0.7338951129479213,0.8465867707792067,0.8508924997633522,0.7834405973837258,0.8206103256382479,0.8387241942781342,0.5616005755329084,0.5931826116208112,0.8410481875270228,0.8465867707792067,0.8465867707792067,0.8111269560366792,0.8281617171524243,0.8012100336911038,0.8345324898185726,0.8110301309243931,0.7406287304540796,0.794023100448494
drug,Na_to_K,200.0,0.175,0.9879,6.269,38.247,15.9259,13.938,7.2436,1.0171,0.3409,4.357,9.032,0.0593,0.0593,0.0307,0.0307,0.0475,0.0475,5.0891,0.0,TabNet,0.8131961075537617,0.8101230247843522,0.8336281984986224,0.7363327542347998,0.8134677811372071,0.8022422804951628,0.5728069989816444,0.5860745480938863,0.8158929459782047,0.801264047983412,0.801264047983412,0.7845939025513694,0.8018487699011009,0.8012036157845525,0.7931348697070113,0.799131259745478,0.7256030158593325,0.8039137231862449
drug,Na_to_K,200.0,0.095,0.989,6.269,38.247,16.0089,13.934,7.2098,1.109,0.5288,3.989,8.715,0.0674,0.0674,0.0372,0.0372,0.054,0.054,5.1832,0.0,MLP,0.8218472020581673,0.8837356787584036,0.8629427094334866,0.8976201382329754,0.8830654668831913,0.8838039673102194,0.61615760252306,0.6230504701980366,0.8758785021383114,0.8837356787584036,0.8837356787584036,0.8717176968853769,0.8961196061979784,0.9039160342728199,0.8883115692091257,0.8610294165279526,0.767337671812824,0.8573100744442208
drug,Na_to_K,200.0,0.095,0.989,6.269,38.247,16.0089,13.934,7.2098,1.109,0.5288,3.989,8.715,0.0674,0.0674,0.0372,0.0372,0.054,0.054,5.1832,0.0,TabNet,0.8215416979329238,0.8782477291786048,0.8630428437739759,0.8928334023555516,0.8753040866333479,0.8694453137343374,0.6178098259096712,0.6185485937599597,0.8782578146485014,0.8827085134923305,0.8827085134923305,0.8457035518138812,0.8873447456270656,0.9003327278557848,0.8608931920827083,0.8207931619768803,0.7843442667056728,0.8375870060335163
drug,Na_to_K,200.0,0.035,0.9896,6.269,38.247,16.1774,13.938,7.2751,1.0148,0.2618,4.229,8.97,0.0537,0.0537,0.0253,0.0253,0.0392,0.0392,5.2483,0.0,MLP,0.9092732053912367,0.900729430860481,0.9254836411172087,0.8965322472346904,0.8953943928878139,0.900729430860481,0.6308410664251689,0.6449468731067685,0.9050968730034297,0.900729430860481,0.900729430860481,0.9337854790503882,0.8925995169383903,0.9091945227665206,0.8918769715099626,0.9213478582900958,0.8964558764230945,0.9125152652901372
drug,Na_to_K,200.0,0.035,0.9896,6.269,38.247,16.1774,13.938,7.2751,1.0148,0.2618,4.229,8.97,0.0537,0.0537,0.0253,0.0253,0.0392,0.0392,5.2483,0.0,TabNet,0.9172116633001899,0.8882084665580491,0.925824846855386,0.8760926081501328,0.9088669565787402,0.8880887844473592,0.6527146143366214,0.6562336004104297,0.9137941596945305,0.8924513859480272,0.8924513859480272,0.9214037365761483,0.8927394371695843,0.9024754032351364,0.9044419869173543,0.8921529009597006,0.8981478111326999,0.9011179678643455
electricity-normalized,nswprice,45312.0,0.4974,0.1503,0.0,0.9709,0.0577,0.0487,0.0387,8.3433,139.6333,0.0173,0.0395,0.3024,0.3082,0.2239,0.2701,0.3258,0.3722,7.5857,0.0,MLP,0.7218984954374049,0.7251854995344563,0.7173457698337385,0.7000555899840814,0.7229628724226356,0.725037109444201,0.7089836110089258,0.7036102032308007,0.7212097317111722,0.7249908969239809,0.7229610745868134,0.723017503438212,0.7277538213774463,0.725758891256595,0.7247912571281052,0.7190633628288394,0.7067686397328108,0.7232260871069598
electricity-normalized,nswprice,45312.0,0.4974,0.1503,0.0,0.9709,0.0577,0.0487,0.0387,8.3433,139.6333,0.0173,0.0395,0.3024,0.3082,0.2239,0.2701,0.3258,0.3722,7.5857,0.0,TabNet,0.7243717400095906,0.7195583021418246,0.7191406652250021,0.6958010950123202,0.7211145572613867,0.7192212972530968,0.7090250453399102,0.7039645797724235,0.7209697020999657,0.7152326583032362,0.7199923903061682,0.7210645165860617,0.7258646065619268,0.7253889767569582,0.7194922426745176,0.7217486468109947,0.7066473320824425,0.7183503357326033
electricity-normalized,nswprice,45312.0,0.4481,0.1428,0.0,1.0,0.058,0.0488,0.0394,8.5727,147.6963,0.0177,0.0395,0.3101,0.3173,0.2341,0.279,0.3406,0.3849,7.6116,0.0,MLP,0.7253516607159319,0.7278256151326148,0.7225829035977421,0.7068759705058008,0.7280685300330494,0.7257138363036442,0.7109097345897474,0.7087800615648528,0.7275193740892673,0.7255491537555074,0.7287957380857187,0.7249703687114342,0.7315516138136233,0.732564103347485,0.7276194254035354,0.7250381896135718,0.7119428273474546,0.7276900266685418
electricity-normalized,nswprice,45312.0,0.4481,0.1428,0.0,1.0,0.058,0.0488,0.0394,8.5727,147.6963,0.0177,0.0395,0.3101,0.3173,0.2341,0.279,0.3406,0.3849,7.6116,0.0,TabNet,0.7270927025963507,0.7257504068448132,0.7237832697656593,0.7087206008583815,0.7234941731238724,0.7266120040298102,0.7126978158626895,0.7078097537190935,0.7250344756261882,0.7225531359857288,0.7233776010557234,0.7243639955257855,0.7314589628755342,0.7310871678201736,0.7225302382878114,0.7261483976292985,0.7148613996634874,0.7251395638732907
electricity-normalized,nswprice,45312.0,0.3993,0.1318,0.0,1.0,0.0581,0.0487,0.042,9.499,161.9907,0.0175,0.0394,0.3023,0.312,0.2306,0.2806,0.3358,0.3864,7.6023,0.0,MLP,0.7301999348850268,0.7298268934399602,0.7245456861317859,0.7112282975555231,0.7338982467335129,0.7292726314761773,0.7156127882478741,0.7124590243945348,0.7278205527713668,0.7276558250968801,0.7292418279311406,0.7313413872781805,0.7357636211084329,0.737566047037741,0.7304343519585546,0.7279562641172893,0.7134511534010864,0.7308023831565448
electricity-normalized,nswprice,45312.0,0.3993,0.1318,0.0,1.0,0.0581,0.0487,0.042,9.499,161.9907,0.0175,0.0394,0.3023,0.312,0.2306,0.2806,0.3358,0.3864,7.6023,0.0,TabNet,0.7274256832335174,0.727254295407405,0.7280054558867153,0.7129082126428163,0.7311905501923868,0.7264025763668076,0.7154239051574646,0.712091540413001,0.7266718756274823,0.7286455743427364,0.7263418446277448,0.7273424041799537,0.7326943734805209,0.7326869264072772,0.7276498792774913,0.7287379653189132,0.7161222090154207,0.7273985582787438
electricity-normalized,nswprice,45312.0,0.3512,0.1251,0.0,1.0,0.0579,0.0486,0.04,8.8778,154.1015,0.0174,0.0391,0.3089,0.309,0.229,0.2781,0.333,0.3832,7.6141,0.0,MLP,0.7330266977509718,0.7324043187327343,0.7287843584500169,0.7180074499201752,0.7365189165391339,0.7340719490413371,0.7211113137881537,0.7212819299630204,0.7336827038022363,0.735095150924781,0.737894931609275,0.7316174702152518,0.7411880577092018,0.7414738045137182,0.7366523270658719,0.7323759247600864,0.7158638313227049,0.7366866017395453
electricity-normalized,nswprice,45312.0,0.3512,0.1251,0.0,1.0,0.0579,0.0486,0.04,8.8778,154.1015,0.0174,0.0391,0.3089,0.309,0.229,0.2781,0.333,0.3832,7.6141,0.0,TabNet,0.7345021002065631,0.7354651866259422,0.7331173537036842,0.7179672456384054,0.7361242601131376,0.7369065715036469,0.7197038674560985,0.7207277762940446,0.7328017619035709,0.7348764454742001,0.7374873314801741,0.7339533718362088,0.7407260667526642,0.7393409697203863,0.7362666606551831,0.7345318056561233,0.718219154669907,0.7348016737978221
electricity-normalized,nswprice,45312.0,0.3005,0.1179,0.0,0.98,0.0578,0.0488,0.0385,8.4133,142.8407,0.0174,0.0391,0.3044,0.3065,0.2218,0.2727,0.3229,0.3757,7.6178,0.0,MLP,0.7493013807120169,0.746903093193637,0.7416344348787579,0.7308780103628478,0.7470664002998285,0.7455813660202972,0.7318448538130056,0.7286467654955304,0.746743953559867,0.7461164195867324,0.7474723200733082,0.7440251445951278,0.7504559598380012,0.7496818644466664,0.7475275665443301,0.7466404329578344,0.7372598170636071,0.7506217644786972
electricity-normalized,nswprice,45312.0,0.3005,0.1179,0.0,0.98,0.0578,0.0488,0.0385,8.4133,142.8407,0.0174,0.0391,0.3044,0.3065,0.2218,0.2727,0.3229,0.3757,7.6178,0.0,TabNet,0.7467887938482247,0.7473987034412921,0.7426254609192294,0.7329109902599186,0.7453290421066333,0.7446239492811608,0.7313301046220908,0.7291880356610101,0.7455744040062872,0.7454040432247371,0.7472415302899671,0.7483161363350299,0.7498069601266757,0.7495649409987547,0.7466084575112923,0.7436310605466785,0.7346706174030694,0.7468701465299131
electricity-normalized,nswprice,45312.0,0.2502,0.1114,0.0,0.9818,0.0578,0.0485,0.04,9.1587,159.7622,0.0174,0.0391,0.2988,0.299,0.2235,0.2728,0.3255,0.3766,7.6263,0.0,MLP,0.7490640042811545,0.7494963445313941,0.747806750032374,0.7339078570339355,0.7506497125763939,0.7493506400036545,0.7322601391989318,0.7318706256843805,0.7486464724538113,0.7504282624030854,0.7496216216084695,0.7503411013540803,0.7535327331674803,0.751668477997527,0.7487141091709326,0.7470398113168719,0.7378339514403421,0.7541670873409148
electricity-normalized,nswprice,45312.0,0.2502,0.1114,0.0,0.9818,0.0578,0.0485,0.04,9.1587,159.7622,0.0174,0.0391,0.2988,0.299,0.2235,0.2728,0.3255,0.3766,7.6263,0.0,TabNet,0.7476533129526114,0.7478656686329689,0.7447100889239053,0.7318471262359448,0.751293248679078,0.7470064425198297,0.731822348736008,0.7311171457415192,0.7462325746604794,0.7499778940518433,0.749573105006667,0.7477686561113335,0.7516104935836452,0.753353893061243,0.7479455437373159,0.7462206405327997,0.7362942785138411,0.749882885560083
electricity-normalized,nswprice,45312.0,0.2013,0.106,0.0,1.0,0.0576,0.0485,0.0385,8.7928,156.955,0.0174,0.0392,0.3036,0.3061,0.2228,0.2728,0.3243,0.3764,7.6228,0.0,MLP,0.7549694979189986,0.758567209263769,0.75357548312239,0.7452214800544944,0.7620728832513509,0.7604877454324996,0.7408673273414044,0.7415644763866276,0.7565976419365071,0.7576217530419744,0.7584229798654696,0.7575350053309151,0.7625041770919957,0.7623791395190275,0.7595629728550498,0.7495839600612906,0.748796412887139,0.7595684725584761
electricity-normalized,nswprice,45312.0,0.2013,0.106,0.0,1.0,0.0576,0.0485,0.0385,8.7928,156.955,0.0174,0.0392,0.3036,0.3061,0.2228,0.2728,0.3243,0.3764,7.6228,0.0,TabNet,0.7559390789390386,0.7558925154219854,0.7562808415721375,0.7460127771843392,0.7594241081461762,0.7588140416430746,0.7388322774281444,0.7422948868250616,0.7553087213530436,0.7554903893283924,0.7607073557529384,0.7564537713433929,0.7628408374407202,0.760718598379405,0.7586904058801899,0.753244093486065,0.7490926384742609,0.7587382541319431
electricity-normalized,nswprice,45312.0,0.1487,0.102,0.0,1.0,0.058,0.0487,0.0402,9.1334,159.686,0.0175,0.0393,0.306,0.3082,0.2269,0.2753,0.3304,0.3791,7.6386,0.0,MLP,0.761306000460177,0.7645350254522129,0.7621767988387519,0.7579526135136769,0.7669805729322029,0.7642158587085569,0.7467014982731691,0.7466656569288215,0.7627603303175398,0.7652686415377361,0.7626777023166089,0.7640152057948608,0.7673098804497506,0.7665964005045152,0.7619609758611015,0.7618264838022077,0.7586075048970209,0.7652442238615691
electricity-normalized,nswprice,45312.0,0.1487,0.102,0.0,1.0,0.058,0.0487,0.0402,9.1334,159.686,0.0175,0.0393,0.306,0.3082,0.2269,0.2753,0.3304,0.3791,7.6386,0.0,TabNet,0.7617662288577696,0.7622054905495443,0.7605392761869624,0.7547870462811905,0.7625758873081961,0.7612104237021908,0.7443872337196259,0.7460225679255563,0.7600831411649591,0.7615030436868315,0.7616605653548301,0.7612773902371982,0.7666151368625671,0.7663891239968665,0.7627145731584356,0.7606283683300921,0.7572829555375036,0.76362905078617
electricity-normalized,nswprice,45312.0,0.1018,0.0977,0.0,0.9818,0.0579,0.0488,0.0398,8.9125,154.6062,0.0176,0.0393,0.3052,0.3075,0.2248,0.2732,0.3272,0.3766,7.6388,0.0,MLP,0.7729070824054278,0.7729137384518879,0.7713552116489611,0.768881431555901,0.7735679928908096,0.7731038555584199,0.7532010444209699,0.7537785599711917,0.7720648494365705,0.7737658816793306,0.7751216673756791,0.7721089748426372,0.7739911807341923,0.7752852767990499,0.7746266021444286,0.772172789118868,0.7679434152926428,0.7718540096420379
electricity-normalized,nswprice,45312.0,0.1018,0.0977,0.0,0.9818,0.0579,0.0488,0.0398,8.9125,154.6062,0.0176,0.0393,0.3052,0.3075,0.2248,0.2732,0.3272,0.3766,7.6388,0.0,TabNet,0.7704503338260923,0.7727040000792627,0.7706085133982159,0.7650359672524732,0.7731012496712377,0.7734130310963087,0.7532398565797775,0.7525959729042362,0.7698139936411956,0.7728127696187073,0.772583046345308,0.7706544504233868,0.7738337427336336,0.7745216717183835,0.7729125128068168,0.7716392275098962,0.7676883321405081,0.7728334043906628
electricity-normalized,nswprice,45312.0,0.0495,0.0936,0.0,1.0,0.0579,0.0486,0.0403,9.1662,160.0708,0.0175,0.0394,0.3043,0.3071,0.2249,0.2742,0.3274,0.3779,7.6403,0.0,MLP,0.7766215767409367,0.7795987082851232,0.7792798051775814,0.775783523281143,0.7814037687217068,0.7809827190251926,0.7590462541461918,0.7609905118514555,0.7809987996978022,0.7795829623600574,0.7813378801882569,0.7795689748654583,0.781568717255488,0.7811951479938528,0.7803031523316146,0.7791376875055626,0.7770172207339772,0.7799709961522673
electricity-normalized,nswprice,45312.0,0.0495,0.0936,0.0,1.0,0.0579,0.0486,0.0403,9.1662,160.0708,0.0175,0.0394,0.3043,0.3071,0.2249,0.2742,0.3274,0.3779,7.6403,0.0,TabNet,0.7749575676404751,0.7778276245564247,0.777452853033318,0.7733174486009295,0.7793636468702823,0.7780256497252354,0.7593746002192259,0.7586533157396372,0.7781296226513192,0.778824434212762,0.7765186426913113,0.7763503111256995,0.7802783486009632,0.7776333632573729,0.7778372897644461,0.7754750561013686,0.7749292225708403,0.7796125920977008
electricity-normalized,nswdemand,45312.0,0.4978,0.2113,0.0,0.9566,0.4249,0.4432,0.1636,-0.0914,-0.4081,0.1112,0.2275,0.2985,0.6682,0.2224,0.5012,0.3237,0.6612,8.2548,0.0,MLP,0.7754016372040787,0.7764848162221522,0.7757728981865077,0.774297427044491,0.777456018619932,0.7770580529962064,0.7624987655616662,0.7634189873452224,0.776933775794028,0.7768108199141897,0.7761551646600039,0.7752380151639696,0.7759847527673474,0.775161254427892,0.776255676872536,0.7773358892278386,0.77404034840583,0.7766050503591593
electricity-normalized,nswdemand,45312.0,0.4978,0.2113,0.0,0.9566,0.4249,0.4432,0.1636,-0.0914,-0.4081,0.1112,0.2275,0.2985,0.6682,0.2224,0.5012,0.3237,0.6612,8.2548,0.0,TabNet,0.7767669545201308,0.776882673409171,0.7776612583253306,0.7741908350389299,0.7764174999283339,0.777257178044901,0.76117477852628,0.763387111126814,0.7775724206829853,0.7779236948244205,0.7768775244302797,0.775715931430573,0.7753709477346022,0.7766604588046188,0.7773721659615762,0.7771384426423721,0.7729070670525173,0.7765768998331848
electricity-normalized,nswdemand,45312.0,0.4473,0.1953,0.0143,0.9808,0.425,0.4432,0.1638,-0.0904,-0.4236,0.111,0.2282,0.311,0.6691,0.2248,0.502,0.3274,0.6622,8.2631,0.0,MLP,0.776617077285633,0.7769793734679236,0.7759399314005534,0.773922333782523,0.7775892402112732,0.7767990107283587,0.7620884658703948,0.760500133193282,0.7775368131412194,0.7783535423814176,0.7782665336721992,0.7765620418682646,0.7782346330937107,0.7767557953694605,0.77787679671664,0.7782795184787481,0.7752294353041301,0.7779488308660703
electricity-normalized,nswdemand,45312.0,0.4473,0.1953,0.0143,0.9808,0.425,0.4432,0.1638,-0.0904,-0.4236,0.111,0.2282,0.311,0.6691,0.2248,0.502,0.3274,0.6622,8.2631,0.0,TabNet,0.7746183920138612,0.7761160529663652,0.7767390589456643,0.7752805233851177,0.7772568534218129,0.7767919861617213,0.7599105314667076,0.7594091339049838,0.7778733156793043,0.777788085451024,0.777389328743439,0.7774355197389611,0.7763115280373436,0.7766338583120412,0.7771185976154199,0.7787081854470315,0.774975291300189,0.7766550997270527
electricity-normalized,nswdemand,45312.0,0.3987,0.1804,0.0039,1.0,0.4253,0.4442,0.1635,-0.1027,-0.4246,0.1108,0.2285,0.2993,0.6662,0.226,0.5,0.329,0.6601,8.2702,0.0,MLP,0.7759540427589544,0.7778027771342586,0.7747735266317552,0.7708337401833878,0.7805886188107081,0.7766506134882838,0.7613962471019763,0.761432918179531,0.778817713030888,0.7768317757209133,0.7769450178119743,0.776039529278676,0.7769217631494122,0.7765969215992186,0.7756788211039563,0.7782515775849581,0.7754262406768724,0.7769728885072975
electricity-normalized,nswdemand,45312.0,0.3987,0.1804,0.0039,1.0,0.4253,0.4442,0.1635,-0.1027,-0.4246,0.1108,0.2285,0.2993,0.6662,0.226,0.5,0.329,0.6601,8.2702,0.0,TabNet,0.7744549788696273,0.777040453451417,0.7767970010069482,0.7723673875803975,0.7792144559206596,0.7775926260825589,0.7615819784829709,0.7620649536754891,0.7757944565983923,0.7759960961177023,0.7765672545802227,0.776594461152393,0.7777773711084135,0.7771236542912573,0.7774768784811198,0.7764004355586029,0.7735450598139428,0.7757340618020959
electricity-normalized,nswdemand,45312.0,0.3517,0.17,0.0,0.9625,0.4256,0.4441,0.1629,-0.0971,-0.3931,0.1097,0.2258,0.3076,0.6657,0.2202,0.4987,0.3206,0.6583,8.2757,0.0,MLP,0.776909296755016,0.7781748906408804,0.7765372641188788,0.7730181614342305,0.7792088956257125,0.7795002154892252,0.7624475071964407,0.7633019872390019,0.7796915523748118,0.7798405644582062,0.7778753219166039,0.7786542953498852,0.7786886238149848,0.7789538418372872,0.7793172695079589,0.7788139014300292,0.7769110828784207,0.7798024672259162
electricity-normalized,nswdemand,45312.0,0.3517,0.17,0.0,0.9625,0.4256,0.4441,0.1629,-0.0971,-0.3931,0.1097,0.2258,0.3076,0.6657,0.2202,0.4987,0.3206,0.6583,8.2757,0.0,TabNet,0.7766497976685991,0.776346829895408,0.7775726662012508,0.7738104046564633,0.7766154464416162,0.7791927633267122,0.7615865342371057,0.76278935810947,0.7787953979831774,0.7801357098199759,0.7787255911948792,0.7788270903948518,0.7770785431621091,0.7792824159088642,0.7779316490858033,0.7785289386158376,0.7757673831988084,0.7802004451863624
electricity-normalized,nswdemand,45312.0,0.2966,0.1586,0.0,1.0,0.4254,0.4433,0.1633,-0.0929,-0.4076,0.1107,0.2267,0.3032,0.6674,0.2275,0.5001,0.3312,0.6597,8.2895,0.0,MLP,0.7784368863890636,0.7802464021879144,0.7783541395011123,0.7755579661943418,0.7821225091625532,0.7810036400700145,0.7630773352522956,0.7633943894924516,0.7814136380915103,0.7810787540089615,0.7809568795175829,0.780524564838291,0.780001827805817,0.78021643648631,0.7808591290299294,0.7805179054490341,0.7789834531806642,0.7812959787765477
electricity-normalized,nswdemand,45312.0,0.2966,0.1586,0.0,1.0,0.4254,0.4433,0.1633,-0.0929,-0.4076,0.1107,0.2267,0.3032,0.6674,0.2275,0.5001,0.3312,0.6597,8.2895,0.0,TabNet,0.7789671644395879,0.779246776512428,0.7791333693500441,0.7768595587210225,0.779558571990586,0.7773046327927589,0.761670596395143,0.7644247275602359,0.7794482611454328,0.7811975680390725,0.7788609649874619,0.780185846270091,0.7798533597566344,0.7796493294617628,0.7782465868521099,0.7803375175756129,0.7772391504335205,0.7790200241692035
electricity-normalized,nswdemand,45312.0,0.2524,0.1503,0.0,0.9808,0.4254,0.4436,0.1638,-0.0914,-0.4164,0.1108,0.2275,0.3059,0.6673,0.2242,0.5,0.3262,0.6592,8.2961,0.0,MLP,0.7797666704572928,0.7795051563952818,0.7819085802585438,0.7776058980993341,0.781694912495265,0.7789165141731998,0.7631283459121205,0.7630035565517256,0.7802642470219876,0.7812512201233958,0.7814392889154127,0.7790802135361072,0.779734149353287,0.780393536865039,0.7803222789355011,0.7801477878491776,0.7764817031802675,0.7818827174314236
electricity-normalized,nswdemand,45312.0,0.2524,0.1503,0.0,0.9808,0.4254,0.4436,0.1638,-0.0914,-0.4164,0.1108,0.2275,0.3059,0.6673,0.2242,0.5,0.3262,0.6592,8.2961,0.0,TabNet,0.7804384400749563,0.7782560175131239,0.7795295834799949,0.7758610162975508,0.7816802874948181,0.7815871340537726,0.7632077763519054,0.7638885163136444,0.780077648825749,0.78103101449762,0.7800658317546764,0.778984449066473,0.7820517945556648,0.7803504624463181,0.7814362774987222,0.780265063018571,0.7773009915433283,0.7822349310465541
electricity-normalized,nswdemand,45312.0,0.2028,0.1423,0.0,1.0,0.4255,0.4441,0.1641,-0.0937,-0.4147,0.111,0.2287,0.3084,0.6692,0.227,0.5025,0.3305,0.6626,8.3019,0.0,MLP,0.7825469582814697,0.7815674628676379,0.7799537766481446,0.7787708138976959,0.7813531551882313,0.7801642630241364,0.7658921510603911,0.7641195953353943,0.7810067738215967,0.7816490411772363,0.7817930561626745,0.7811852247648275,0.7814201872459519,0.7817644224865213,0.7813338591249696,0.7827539149009518,0.7792281719322344,0.7809432725717952
electricity-normalized,nswdemand,45312.0,0.2028,0.1423,0.0,1.0,0.4255,0.4441,0.1641,-0.0937,-0.4147,0.111,0.2287,0.3084,0.6692,0.227,0.5025,0.3305,0.6626,8.3019,0.0,TabNet,0.7780768553379911,0.7792950945352325,0.7786916647590959,0.7787255718303894,0.7800648010604119,0.78207334519807,0.7651187959256551,0.7637044241487378,0.7802285782464914,0.7810507197409,0.7827151377136271,0.7806111764027888,0.7794649618655405,0.7786914527612473,0.781379534508412,0.7806033944683854,0.7776062286125577,0.7797669039041809
electricity-normalized,nswdemand,45312.0,0.1512,0.1345,0.0039,1.0,0.4249,0.4432,0.1638,-0.0928,-0.421,0.1112,0.2283,0.3056,0.6677,0.2242,0.5015,0.3264,0.6612,8.3071,0.0,MLP,0.7813501524878379,0.783550534679875,0.7846766869706481,0.7806894185314625,0.7840387358017193,0.782570911018366,0.7662708189790398,0.7642747768549871,0.7808670875725889,0.784169948506638,0.7830061862007297,0.783081521348279,0.7831837010873962,0.7814076202434368,0.7837363234680378,0.7832690006779616,0.7822735536887815,0.7828571519970938
electricity-normalized,nswdemand,45312.0,0.1512,0.1345,0.0039,1.0,0.4249,0.4432,0.1638,-0.0928,-0.421,0.1112,0.2283,0.3056,0.6677,0.2242,0.5015,0.3264,0.6612,8.3071,0.0,TabNet,0.7808787834290275,0.7837316741918562,0.7813796380809048,0.7800670174036639,0.7825334958849247,0.7812337256556964,0.7655921156047235,0.7648214594581818,0.782244146097984,0.7828707670465787,0.7814217634340102,0.780497681549835,0.779854490152013,0.7826549841423179,0.781903457198491,0.7822063843105328,0.7802162567498423,0.7829613874208501
electricity-normalized,nswdemand,45312.0,0.0996,0.1276,0.0,1.0,0.4254,0.4435,0.1633,-0.0946,-0.4091,0.1106,0.2272,0.308,0.6687,0.2248,0.5014,0.3272,0.6614,8.308,0.0,MLP,0.7825858747777342,0.783222601337659,0.7820642529358344,0.7808513897260874,0.7845313324219162,0.7838724172787007,0.7651125103786631,0.7653146976848053,0.7812823759514823,0.7841482208564592,0.7831191184478559,0.7824521921871886,0.7837127294554921,0.7846293545546486,0.7846783380959732,0.7838497405281393,0.7821085064328267,0.7839330377422973
electricity-normalized,nswdemand,45312.0,0.0996,0.1276,0.0,1.0,0.4254,0.4435,0.1633,-0.0946,-0.4091,0.1106,0.2272,0.308,0.6687,0.2248,0.5014,0.3272,0.6614,8.308,0.0,TabNet,0.7824745062077388,0.7822320559961142,0.7829363731436413,0.7799170370964623,0.7831269048921732,0.7844817338525023,0.7650149857170171,0.7648418272015721,0.7830224736230238,0.7825784827260042,0.7827798090469616,0.7848401933290646,0.7823839879541061,0.7829588409531988,0.7838382479866208,0.782436942181218,0.7806278064160572,0.7823386757362558
electricity-normalized,nswdemand,45312.0,0.0517,0.1219,0.0,1.0,0.4252,0.4436,0.1634,-0.0995,-0.413,0.1105,0.2273,0.3036,0.6688,0.2251,0.5019,0.3276,0.6618,8.3125,0.0,MLP,0.7855982668405722,0.7856489742580117,0.7855066710976686,0.7833506935985896,0.7844412462001406,0.7848379975118229,0.765351413494938,0.7659920316533901,0.7846036013628889,0.7847147160851646,0.7829290305120513,0.7850771121587453,0.7855844384862805,0.7849656672392068,0.7853649516636189,0.7841700119741897,0.7861829937228125,0.7849493624895398
electricity-normalized,nswdemand,45312.0,0.0517,0.1219,0.0,1.0,0.4252,0.4436,0.1634,-0.0995,-0.413,0.1105,0.2273,0.3036,0.6688,0.2251,0.5019,0.3276,0.6618,8.3125,0.0,TabNet,0.7834446044387248,0.7823172827045435,0.7818829383505481,0.7822787061783654,0.7840788694476499,0.7858629079951223,0.7659109907945651,0.765522165814875,0.7834463840411025,0.7836315740149247,0.7841244640142021,0.7842098496772627,0.7848152720516897,0.7840835648177704,0.7832034904977538,0.7841196053929262,0.7806923014183241,0.7856830483762562
electricity-normalized,vicdemand,45312.0,0.4971,0.1136,0.0256,0.9912,0.4223,0.4229,0.1206,0.1627,0.8992,0.0491,0.0974,0.3152,0.6679,0.276,0.5005,0.3809,0.66,5.3772,0.0,MLP,0.7703924229365637,0.769621302836758,0.7716737492317198,0.7664611121471094,0.7737249947235625,0.772795799264024,0.7587477389178073,0.7597549730145244,0.7703619232636368,0.7737195756697894,0.7714243497973272,0.7722813249772743,0.7734928591923916,0.7740159692578624,0.7713294707415159,0.7713785146980451,0.7685751707896661,0.7742119359321629
electricity-normalized,vicdemand,45312.0,0.4971,0.1136,0.0256,0.9912,0.4223,0.4229,0.1206,0.1627,0.8992,0.0491,0.0974,0.3152,0.6679,0.276,0.5005,0.3809,0.66,5.3772,0.0,TabNet,0.7707989398232191,0.7719679398113597,0.7713196673542094,0.7685480529284222,0.7723619358645161,0.7722156033646053,0.7599350930149323,0.762121003087356,0.7709740464425008,0.7717041022253961,0.7728134131245008,0.7731721088415886,0.7724745958545429,0.7749701376900455,0.7717015734151995,0.7703118370494293,0.7695257555641176,0.7728032555828251
electricity-normalized,vicdemand,45312.0,0.4496,0.1062,0.0,0.9912,0.4234,0.4229,0.1218,0.1552,0.849,0.0503,0.1005,0.3035,0.6736,0.2728,0.5061,0.3765,0.6671,5.4136,0.0,MLP,0.7701818663172845,0.7718057274379198,0.7711852034053271,0.7673595144597678,0.7714931680626058,0.7747093913294202,0.7595435743477355,0.7603432074578268,0.7717969573145109,0.7745045462051208,0.7736924957812076,0.7743783538406035,0.7747092678871179,0.7736531158374961,0.7739404676885632,0.7709342224464893,0.7694589831008752,0.7735285484050286
electricity-normalized,vicdemand,45312.0,0.4496,0.1062,0.0,0.9912,0.4234,0.4229,0.1218,0.1552,0.849,0.0503,0.1005,0.3035,0.6736,0.2728,0.5061,0.3765,0.6671,5.4136,0.0,TabNet,0.7717698670757179,0.771780223747603,0.7715168782881032,0.7683322451016836,0.7744418957146108,0.7750481684864521,0.7599766663268033,0.7619494155693467,0.773592922698529,0.7744982869692665,0.7742735230761542,0.7743135774991151,0.7751395307977471,0.7737881376003946,0.773876746670491,0.7724813731978494,0.7704786198121326,0.7720971516075176
electricity-normalized,vicdemand,45312.0,0.4041,0.0998,0.0,0.9969,0.4236,0.4229,0.1213,0.1599,0.9395,0.0486,0.0974,0.3059,0.6689,0.2719,0.5021,0.3754,0.6624,5.4035,0.0,MLP,0.7752991530837505,0.774846397532824,0.7739356566512104,0.7699764499957018,0.774295092707763,0.7731370988649958,0.7593359120937195,0.760373741930005,0.776053038227537,0.7740871699802949,0.7740316317659693,0.773976219005283,0.7754720025614067,0.7744918445749359,0.77340155810992,0.7751056475077188,0.7714872170744828,0.7737308457344775
electricity-normalized,vicdemand,45312.0,0.4041,0.0998,0.0,0.9969,0.4236,0.4229,0.1213,0.1599,0.9395,0.0486,0.0974,0.3059,0.6689,0.2719,0.5021,0.3754,0.6624,5.4035,0.0,TabNet,0.7744445043386841,0.7738831905220178,0.7718202090068733,0.7736192892456362,0.7736639769020663,0.7754047939951281,0.760636344967508,0.7603222928216975,0.7734749122577006,0.7749676023541097,0.7742589579000649,0.7759342204553931,0.7727629751661707,0.775088911213268,0.7739663472160557,0.7751382747089626,0.7723299241047139,0.7762090278056464
electricity-normalized,vicdemand,45312.0,0.3519,0.0914,0.0,1.0,0.4229,0.4229,0.1208,0.1565,0.9203,0.0482,0.0961,0.3105,0.6675,0.2708,0.5013,0.3736,0.6606,5.3824,0.0,MLP,0.7746693882304506,0.7743286223667791,0.7747928624569638,0.7689804880446971,0.7766010596425725,0.7765754250034888,0.7597999025418112,0.7622745318369921,0.7760077193521164,0.7751010449687297,0.7770918697936714,0.7741389773814455,0.7751873990607274,0.777114669650939,0.7753851121243899,0.7745033492912925,0.7734980177317284,0.7739792066356468
electricity-normalized,vicdemand,45312.0,0.3519,0.0914,0.0,1.0,0.4229,0.4229,0.1208,0.1565,0.9203,0.0482,0.0961,0.3105,0.6675,0.2708,0.5013,0.3736,0.6606,5.3824,0.0,TabNet,0.7737195102727107,0.7736226246774145,0.7746242706316505,0.7727310169523752,0.7762337411376818,0.7757853860253812,0.7605276934966384,0.7605585477290859,0.7745514090721617,0.7749127836369811,0.7761850459234227,0.7751941041435896,0.7765617628228003,0.7764131984347581,0.7747272561647608,0.7743596246528739,0.772593550439757,0.7763495510218873
electricity-normalized,vicdemand,45312.0,0.2983,0.0856,0.0,0.9969,0.4233,0.4229,0.121,0.1407,0.8539,0.049,0.0979,0.3039,0.6686,0.2722,0.5022,0.3757,0.6624,5.4124,0.0,MLP,0.7754747553879027,0.7758319923430201,0.7761144399259904,0.7719506193139338,0.7766963609793285,0.7781987955015837,0.7619675097255129,0.7624950595142774,0.7760395363945648,0.7764943910531176,0.7774729717679554,0.7762382844953202,0.7764085006288569,0.7792822514806007,0.7758899351962469,0.7769266691045729,0.775980776778028,0.7782032367294166
electricity-normalized,vicdemand,45312.0,0.2983,0.0856,0.0,0.9969,0.4233,0.4229,0.121,0.1407,0.8539,0.049,0.0979,0.3039,0.6686,0.2722,0.5022,0.3757,0.6624,5.4124,0.0,TabNet,0.7752794373155991,0.7755894903547884,0.7774112582313352,0.7730846020605545,0.7782018413105022,0.7750300816483857,0.7619952640799543,0.762003258051162,0.7771878593058448,0.7756613671328393,0.77659717238564,0.7780028210254977,0.7768130377389308,0.7777690914016886,0.7779702990548516,0.7755345886193228,0.7737674894087796,0.7766167696010059
electricity-normalized,vicdemand,45312.0,0.2515,0.0812,0.0,1.0,0.4228,0.4229,0.1213,0.1539,0.916,0.0491,0.0981,0.3029,0.671,0.2731,0.5045,0.3766,0.6648,5.4165,0.0,MLP,0.778308587397699,0.7784643641166321,0.7769961214511841,0.7766003955471272,0.7789705724015306,0.7775359504133863,0.7630419021567502,0.7637080776127436,0.7778526613172935,0.779727451735477,0.7798646131666139,0.7780564075208284,0.7787535897483757,0.7793090641703628,0.7779249884278637,0.7772948760187395,0.7762290046966354,0.7800226400556592
electricity-normalized,vicdemand,45312.0,0.2515,0.0812,0.0,1.0,0.4228,0.4229,0.1213,0.1539,0.916,0.0491,0.0981,0.3029,0.671,0.2731,0.5045,0.3766,0.6648,5.4165,0.0,TabNet,0.7779402493059457,0.7779304373420943,0.7745779988826549,0.774592797023868,0.7776846204648415,0.778359090119151,0.7615591927251224,0.7633479173012034,0.7778322966929814,0.7768612070189639,0.7776534631618837,0.7797243060141233,0.7788676776425908,0.7803943756053667,0.7785506979947295,0.7769340615395173,0.7756585237546963,0.7790539504654438
electricity-normalized,vicdemand,45312.0,0.1989,0.0763,0.0,1.0,0.4226,0.4229,0.121,0.1595,0.909,0.0484,0.0968,0.3097,0.6691,0.2745,0.5027,0.378,0.6628,5.4098,0.0,MLP,0.779834855048248,0.7796917306146516,0.7795610382478934,0.7784772583412684,0.7799751254602179,0.7795572694362355,0.7620675991783308,0.7634255229140072,0.7796727846930802,0.7808783818579664,0.7782865240451083,0.7792728111506246,0.7812785472764888,0.7814561129466633,0.7779288525244434,0.7802333968006698,0.7788965470621517,0.7816907359944796
electricity-normalized,vicdemand,45312.0,0.1989,0.0763,0.0,1.0,0.4226,0.4229,0.121,0.1595,0.909,0.0484,0.0968,0.3097,0.6691,0.2745,0.5027,0.378,0.6628,5.4098,0.0,TabNet,0.778132866009901,0.7801037787512565,0.7791270343052297,0.7774527940179166,0.7804757593345895,0.7800183834976098,0.7619773275680316,0.7651970211035753,0.7779158092665286,0.7802243445074962,0.779658041817445,0.7808755356808644,0.7793786008491067,0.7804762875265616,0.7781829274447627,0.7785846402458907,0.7770336039223947,0.7796893619551757
electricity-normalized,vicdemand,45312.0,0.151,0.0727,0.0,1.0,0.423,0.4229,0.1209,0.1586,0.9206,0.0477,0.0953,0.3071,0.6682,0.2736,0.5006,0.3772,0.6603,5.407,0.0,MLP,0.779772249287224,0.778634327548174,0.7805930625199653,0.7761663254009901,0.7791959796895562,0.7796572705167427,0.7621094092723527,0.7629360177608664,0.7791311241574905,0.7815728042349627,0.7817329422584458,0.7818126123254611,0.7827748351409973,0.7824179596124443,0.7814340058946134,0.78041133175186,0.7800780731448176,0.781264321755291
electricity-normalized,vicdemand,45312.0,0.151,0.0727,0.0,1.0,0.423,0.4229,0.1209,0.1586,0.9206,0.0477,0.0953,0.3071,0.6682,0.2736,0.5006,0.3772,0.6603,5.407,0.0,TabNet,0.7787643815283177,0.7802275502525253,0.7790675167402726,0.7779763783774527,0.7808363100990571,0.7799746763019095,0.761606342375357,0.7640648098378929,0.7797338291090388,0.781947942171124,0.7806771299908467,0.7804526252682631,0.782178085392714,0.781866545282506,0.781052378527402,0.779640673009214,0.7755330190024349,0.7805910897080989
electricity-normalized,vicdemand,45312.0,0.1014,0.0691,0.0,1.0,0.4228,0.4229,0.1209,0.1614,0.9331,0.048,0.0961,0.3074,0.6683,0.2727,0.501,0.376,0.6607,5.41,0.0,MLP,0.7810773509672093,0.7849120364060999,0.7822975381266011,0.7810296550806084,0.7858446819317391,0.7831213894696304,0.764359808863867,0.7651674611775917,0.7809891377620217,0.783204766648441,0.7826957684056615,0.7829760838023728,0.7853496470954048,0.7836726749318483,0.7830324146596797,0.7823165203776754,0.7821365177240316,0.7828612924833398
electricity-normalized,vicdemand,45312.0,0.1014,0.0691,0.0,1.0,0.4228,0.4229,0.1209,0.1614,0.9331,0.048,0.0961,0.3074,0.6683,0.2727,0.501,0.376,0.6607,5.41,0.0,TabNet,0.7819367967286412,0.7831213274604882,0.7809960067228248,0.7806490638100279,0.7826206722150196,0.7806736931869738,0.7641751364718851,0.765819611974216,0.7825561054724874,0.7832541275289393,0.7810321326367912,0.7807682762649533,0.7831601829159631,0.7839794321960903,0.7818216851519711,0.7827306849070339,0.7819743411322605,0.7849626764539943
electricity-normalized,vicdemand,45312.0,0.0493,0.0657,0.0,1.0,0.4228,0.4229,0.1209,0.1593,0.9184,0.0484,0.0966,0.3069,0.6681,0.2748,0.501,0.3787,0.6607,5.4106,0.0,MLP,0.7837110085353642,0.784344614759435,0.7840499474199524,0.7841085122771372,0.7861854855606526,0.7843583248343805,0.7658850673655556,0.7654358372503648,0.7847696594367978,0.7834484524993225,0.7854941710647805,0.7837934660356384,0.784999271273559,0.7842221350334613,0.7844663369392865,0.7832812201888286,0.7857107718664672,0.7838701205714957
electricity-normalized,vicdemand,45312.0,0.0493,0.0657,0.0,1.0,0.4228,0.4229,0.1209,0.1593,0.9184,0.0484,0.0966,0.3069,0.6681,0.2748,0.501,0.3787,0.6607,5.4106,0.0,TabNet,0.7830113112254765,0.7830487715801179,0.7856023593044925,0.7834262824420559,0.7828454271166643,0.7842337833947011,0.7649297871048395,0.7654419500619485,0.782939083880121,0.783509306509588,0.7831313325767283,0.783972669181886,0.7849773550756662,0.7852900393290619,0.7838014291929525,0.7830518596672624,0.7815958147996498,0.7842568204902244
german,Age,1000.0,0.533,0.1071,20.0,75.0,35.2248,32.0,11.2489,0.9903,0.4947,7.0,14.0,0.0308,0.0868,0.0282,0.0386,0.0412,0.057,3.6233,0.0321,MLP,0.6233196764988785,0.6183927213275355,0.6234368018733788,0.6259458729619312,0.6293730586514755,0.628068481571251,0.6493890714655007,0.6377818996555604,0.6183927213275355,0.6200067162045435,0.624223125462444,0.6311747108843296,0.6262354535603343,0.6242677674632697,0.6290977657059018,0.5997520005290002,0.5984321024608941,0.6189764198628686
german,Age,1000.0,0.533,0.1071,20.0,75.0,35.2248,32.0,11.2489,0.9903,0.4947,7.0,14.0,0.0308,0.0868,0.0282,0.0386,0.0412,0.057,3.6233,0.0321,TabNet,0.6095794146924421,0.6029780261220079,0.6029780261220079,0.606963430767214,0.6041335776566668,0.6024532195849315,0.6483026636887158,0.647158088984742,0.6029780261220079,0.6047482783947017,0.6041335776566668,0.6001659645398463,0.604234461599938,0.6041335776566668,0.6041335776566668,0.6338181495646668,0.6193030823313699,0.6060959130248015
german,Age,1000.0,0.442,0.0914,19.0,75.0,35.3656,32.0,11.4268,1.0067,0.3753,7.0,15.0,0.0389,0.0398,0.0234,0.0312,0.0368,0.0451,3.6187,0.0321,MLP,0.6137356958187908,0.6228333642933263,0.6223154390330994,0.6185226691991845,0.6265106182492822,0.6223154390330994,0.6361387426078311,0.6259369940227235,0.6228333642933263,0.624587782382583,0.6223154390330994,0.6233175047222912,0.623552130684324,0.6213243072840476,0.6201182785598051,0.5982456635406227,0.5941141124689132,0.6177010513249511
german,Age,1000.0,0.442,0.0914,19.0,75.0,35.3656,32.0,11.4268,1.0067,0.3753,7.0,15.0,0.0389,0.0398,0.0234,0.0312,0.0368,0.0451,3.6187,0.0321,TabNet,0.5979874720941925,0.599036485020969,0.5971859374882924,0.6032310015566115,0.6013637626904873,0.600850111836362,0.6527614576847369,0.6352092554485239,0.5974383275681427,0.600850111836362,0.5992519543835358,0.603997356911181,0.599036485020969,0.5985227792028442,0.6003364060182373,0.6121815229495353,0.6058384818421985,0.6085401089821543
german,Age,1000.0,0.427,0.089,19.0,75.0,35.0977,33.0,10.8229,1.0151,0.672,7.0,14.0,0.012,0.0251,0.0127,0.0172,0.0168,0.0271,3.598,0.0356,MLP,0.6230542440787147,0.6246525231636355,0.624023894389439,0.6248870673842135,0.6220677618023748,0.6251446471895019,0.6293793961923211,0.6382152909018293,0.624023894389439,0.6246525231636355,0.6246525231636355,0.6251446471895019,0.6262763122496214,0.6236191760506077,0.6241246234215982,0.6019685444597092,0.5998626360145383,0.6269784836615024
german,Age,1000.0,0.427,0.089,19.0,75.0,35.0977,33.0,10.8229,1.0151,0.672,7.0,14.0,0.012,0.0251,0.0127,0.0172,0.0168,0.0271,3.598,0.0356,TabNet,0.5970325357431414,0.6089259740849741,0.6084335568991437,0.6023071355399944,0.6034955736243915,0.6058385383428985,0.6469012087580266,0.6433968814495907,0.6084335568991437,0.6071648360289522,0.6071648360289522,0.6063522441610232,0.6044381797615054,0.6060009377091704,0.6063522441610232,0.625547829889227,0.6079466154332654,0.6096751150936555
german,Age,1000.0,0.338,0.0801,19.0,75.0,35.7175,33.0,11.6014,1.0401,0.5795,7.0,15.0,0.0232,0.0296,0.0153,0.0304,0.0227,0.044,3.6576,0.0305,MLP,0.622966118507555,0.6312459899832824,0.6269725495653484,0.6249852205649996,0.6259164246733228,0.6312507337463196,0.637968156622095,0.6313271396738691,0.6328431719232063,0.6312459899832824,0.6296535518063957,0.6274373237535436,0.6327940475635878,0.631791259354531,0.6312507337463196,0.5939430022516432,0.6048840449060754,0.6237871465644061
german,Age,1000.0,0.338,0.0801,19.0,75.0,35.7175,33.0,11.6014,1.0401,0.5795,7.0,15.0,0.0232,0.0296,0.0153,0.0304,0.0227,0.044,3.6576,0.0305,TabNet,0.603547978116755,0.6062984243960866,0.6082649374839106,0.6065510146538066,0.5992907566962256,0.600856143009481,0.6440926947635943,0.6435823723270861,0.600856143009481,0.607978782467822,0.6017718422128939,0.6026160699752637,0.6016981644212772,0.6002295509773512,0.6013216532616104,0.6237942189934762,0.6124474762564804,0.6124173584017863
german,Age,1000.0,0.315,0.0774,19.0,75.0,35.5358,33.0,11.2715,0.974,0.387,7.0,15.0,0.0162,0.0536,0.0005,0.0273,0.0004,0.0406,3.6454,0.0307,MLP,0.6317355184132378,0.6247555166611123,0.6262739297592134,0.629225358303027,0.6221557089814778,0.6242540738093711,0.6201470921399957,0.6217196158096233,0.6252570504217028,0.6247555166611123,0.6242540738093711,0.6236871562652497,0.6247461978352375,0.6242540738093711,0.6242540738093711,0.597095691433566,0.6007553725444783,0.6218253404688443
german,Age,1000.0,0.315,0.0774,19.0,75.0,35.5358,33.0,11.2715,0.974,0.387,7.0,15.0,0.0162,0.0536,0.0005,0.0273,0.0004,0.0406,3.6454,0.0307,TabNet,0.6066685148932335,0.6078549223980863,0.6062683022495016,0.6208175438381113,0.6071597479724612,0.6079095398401945,0.6351642644758686,0.643269561280663,0.6078549223980863,0.6078549223980863,0.6062683022495016,0.6047271287824878,0.6068050508604099,0.6078549223980863,0.6062683022495016,0.6186477744694687,0.6155945554372501,0.6106290223787194
german,Age,1000.0,0.263,0.0706,19.0,75.0,35.521,33.0,11.2079,0.999,0.5432,7.0,15.0,0.0123,0.0606,0.0099,0.0282,0.0142,0.0406,3.6367,0.0298,MLP,0.6158978093024557,0.6208530744934937,0.6169937195221264,0.6198966357014397,0.6174573968989139,0.6181340918433255,0.63342422712407,0.6284753105309553,0.6186695660806163,0.6208530744934937,0.6181907429097948,0.6150733098069336,0.6191010000952003,0.6173266016733575,0.6181340918433255,0.5977777253891478,0.6001677689376678,0.6254061356396935
german,Age,1000.0,0.263,0.0706,19.0,75.0,35.521,33.0,11.2079,0.999,0.5432,7.0,15.0,0.0123,0.0606,0.0099,0.0282,0.0142,0.0406,3.6367,0.0298,TabNet,0.6085022304415476,0.6036657489754029,0.6036657489754029,0.6094237427097153,0.6004231732710208,0.6036657489754029,0.6375834401231641,0.640894940231394,0.6036657489754029,0.6053069865660958,0.6053069865660958,0.6008516320644416,0.6053069865660958,0.6053069865660958,0.6053069865660958,0.6149193110933175,0.6117466074881687,0.6166474087117677
german,Age,1000.0,0.206,0.0655,19.0,75.0,35.3186,33.0,11.1344,1.0458,0.7663,7.0,14.0,0.016,0.0294,0.0121,0.0318,0.0199,0.046,3.6268,0.0304,MLP,0.6191767555805259,0.6256956678627185,0.6273676244912513,0.6256583993764304,0.622745310842047,0.6288511228410862,0.6360133650979751,0.6312398242448645,0.6256956678627185,0.6256956678627185,0.6288511228410862,0.6273676244912513,0.6288511228410862,0.6273676244912513,0.6288511228410862,0.5972611670475355,0.5994743343396343,0.6128756314460942
german,Age,1000.0,0.206,0.0655,19.0,75.0,35.3186,33.0,11.1344,1.0458,0.7663,7.0,14.0,0.016,0.0294,0.0121,0.0318,0.0199,0.046,3.6268,0.0304,TabNet,0.6095383379236468,0.6025234442737308,0.6015190823087362,0.6044433490175168,0.60200110254314,0.6009487661989779,0.6537433731554286,0.6468701360518867,0.600423966604481,0.6025234442737308,0.6009487661989779,0.6034460685097198,0.6039913555111467,0.6034168945706224,0.6054820225924575,0.6289110655019192,0.6348954498462036,0.6068600361809553
german,Age,1000.0,0.155,0.0627,19.0,75.0,35.5467,33.0,11.2927,1.0203,0.6059,7.0,15.0,0.0163,0.0478,0.0102,0.0316,0.0167,0.0451,3.6414,0.0295,MLP,0.6197024503021111,0.6199485908963156,0.6187265299196423,0.6128160035539383,0.6147010818769831,0.6182086046594154,0.6331683468240197,0.6270738743490173,0.6182086046594154,0.6182086046594154,0.6187265299196423,0.6159372119443702,0.6164109800170327,0.6182527618469797,0.6187265299196423,0.5983832116158305,0.5950905655892574,0.6127375556314962
german,Age,1000.0,0.155,0.0627,19.0,75.0,35.5467,33.0,11.2927,1.0203,0.6059,7.0,15.0,0.0163,0.0478,0.0102,0.0316,0.0167,0.0451,3.6414,0.0295,TabNet,0.6114721431207212,0.608380110556453,0.60656648374106,0.606306965936957,0.608380110556453,0.608380110556453,0.6362987123395653,0.6350088019143622,0.610158217594989,0.608380110556453,0.6119021386654743,0.6089055521466112,0.6089055521466112,0.6070919253312183,0.608380110556453,0.6163360797858507,0.620600968511804,0.6094245641776124
german,Age,1000.0,0.101,0.059,19.0,75.0,35.4383,33.0,11.2439,1.0068,0.5833,7.0,15.0,0.031,0.0401,0.0151,0.0237,0.0226,0.0342,3.6448,0.032,MLP,0.6190154229237774,0.6218833779431533,0.6193385238015352,0.6195027225646335,0.6224937938547611,0.6230115202927932,0.645191489809726,0.6414829669510849,0.6213955407797771,0.6213955407797771,0.622523587068333,0.6233780865342998,0.624073492601822,0.6220058606303009,0.6246030187836223,0.597687505314061,0.6012461023119735,0.6197024503021111
german,Age,1000.0,0.101,0.059,19.0,75.0,35.4383,33.0,11.2439,1.0068,0.5833,7.0,15.0,0.031,0.0401,0.0151,0.0237,0.0226,0.0342,3.6448,0.032,TabNet,0.6012274093869096,0.6114478716195244,0.6032180088198749,0.6101567818650144,0.6047821141030332,0.6032180088198749,0.6608361760773833,0.6458771412046781,0.608155992094627,0.6114478716195244,0.6032180088198749,0.6098210180035247,0.6032180088198749,0.6047821141030332,0.6032180088198749,0.6178574023986114,0.6189868397555052,0.6091737649982987
german,Age,1000.0,0.041,0.0553,19.0,75.0,35.5798,33.0,11.4253,1.0253,0.5846,7.0,15.0,0.0295,0.0416,0.0129,0.0301,0.0203,0.0431,3.6509,0.0303,MLP,0.6128909690509673,0.6196383954568749,0.6184278624419257,0.6198264570259954,0.6201399292174654,0.6201399292174654,0.6237692180934223,0.6193835150704133,0.6180693117030932,0.6196383954568749,0.6201399292174654,0.6201399292174654,0.6217559087304816,0.6201399292174654,0.6201399292174654,0.5968599694427451,0.5968599694427451,0.6217858862357176
german,Age,1000.0,0.041,0.0553,19.0,75.0,35.5798,33.0,11.4253,1.0253,0.5846,7.0,15.0,0.0295,0.0416,0.0129,0.0301,0.0203,0.0431,3.6509,0.0303,TabNet,0.6052187985902623,0.6063571737990764,0.6063571737990764,0.6063244053385759,0.6047821141030332,0.6063571737990764,0.6391859673070863,0.6394868686221978,0.6068826153892346,0.6068826153892346,0.6063571737990764,0.6047821141030332,0.6063571737990764,0.6063571737990764,0.6063571737990764,0.6094472164266774,0.6100504369485976,0.607628711202304
german,Credit_amount,1000.0,0.509,0.9633,343.0,15945.0,3311.4073,2389.0,2745.4221,1.8765,3.8101,1114.0,2561.5,0.0509,0.6051,0.0289,0.4465,0.0415,0.5998,6.1456,0.0,MLP,0.612188138233642,0.6108979730380734,0.6133292676596428,0.6132219878046686,0.6187227185078394,0.6249909057271564,0.6077830910414483,0.6101353561273628,0.6126379592749736,0.6261318477381517,0.6266646575241006,0.6166439761578796,0.6263636946503878,0.6249348086082013,0.6249909057271564,0.6019727677840663,0.5979933201967083,0.6113848675618477
german,Credit_amount,1000.0,0.509,0.9633,343.0,15945.0,3311.4073,2389.0,2745.4221,1.8765,3.8101,1114.0,2561.5,0.0509,0.6051,0.0289,0.4465,0.0415,0.5998,6.1456,0.0,TabNet,0.5901787283908606,0.5969203274998035,0.591070158591773,0.5993825836277565,0.6007944678961802,0.6087242799314838,0.6231675313504124,0.6364389564022516,0.5963722518741589,0.6037359156368423,0.6094119409631956,0.6036396507261802,0.6037838911717552,0.6071547745167348,0.6043271537988242,0.6041188662714956,0.5983969302388442,0.5965766742402903
german,Credit_amount,1000.0,0.456,0.9504,276.0,18424.0,3228.1985,2216.5,2867.2269,2.0217,4.5775,1025.0,2597.25,0.0534,0.6104,0.0354,0.4466,0.0555,0.6018,6.2292,0.0,MLP,0.6255210084784262,0.6211470048036014,0.621391348671359,0.6236043553627018,0.6297525227460712,0.6260922376862506,0.613960373762033,0.6264255250465622,0.6205814662886029,0.6267068557930069,0.6261425910331977,0.6203435288040611,0.6260922376862506,0.627977719679834,0.6251334964661853,0.609851429289882,0.6064642502655122,0.6265964779761639
german,Credit_amount,1000.0,0.456,0.9504,276.0,18424.0,3228.1985,2216.5,2867.2269,2.0217,4.5775,1025.0,2597.25,0.0534,0.6104,0.0354,0.4466,0.0555,0.6018,6.2292,0.0,TabNet,0.6070074433223307,0.5978347293319204,0.6050579643783912,0.5929224868012917,0.610923337793566,0.6086857089710906,0.6430673076734614,0.6368076030459746,0.601144247570215,0.6075713992546801,0.6108093053350048,0.6093347975004304,0.6096213110907033,0.6046634474752741,0.6070517366320538,0.6213360134341022,0.6198402719784839,0.60713827632428
german,Credit_amount,1000.0,0.399,0.9418,250.0,15857.0,3334.9135,2325.0,2889.0039,1.8401,3.459,1101.0,2705.0,0.0488,0.6439,0.0375,0.4774,0.0547,0.639,6.3153,0.0,MLP,0.6187611938339703,0.6175155583603859,0.6181122537200847,0.6178597681733242,0.6106501438626061,0.6127832777339588,0.608840429990329,0.5999023306198155,0.6158314073549316,0.6109117362452756,0.6109117362452756,0.6124484088324987,0.6109117362452756,0.6098714961611857,0.6092744800057991,0.5973223950233341,0.5959167872380701,0.6103213172025173
german,Credit_amount,1000.0,0.399,0.9418,250.0,15857.0,3334.9135,2325.0,2889.0039,1.8401,3.459,1101.0,2705.0,0.0488,0.6439,0.0375,0.4774,0.0547,0.639,6.3153,0.0,TabNet,0.5968980493867965,0.6021610809704487,0.6044346849203674,0.604889103646885,0.6048740187214561,0.5997751562778615,0.6034537680807865,0.6068406829140723,0.6009440100779669,0.5979433654682287,0.6026684161768248,0.6050793978111592,0.5997751562778615,0.6001543715516474,0.6031698579988766,0.597930819117471,0.6006214020951058,0.5911778076446115
german,Credit_amount,1000.0,0.354,0.9489,276.0,18424.0,3302.517,2340.5,2809.7813,1.9346,4.4217,1108.0,2585.25,0.0048,0.6501,0.0183,0.4758,0.0272,0.6358,6.3976,0.0,MLP,0.6093909429357439,0.6197443313751396,0.616934985429237,0.6182343565621939,0.6261494289895753,0.6183698312010657,0.6057409041515378,0.6244274506018759,0.6197443313751396,0.6261527843186209,0.6163465265608012,0.6086312239426609,0.6178170160675636,0.6288307621408772,0.6183698312010657,0.6096373656529774,0.5950703464192176,0.6229411723223365
german,Credit_amount,1000.0,0.354,0.9489,276.0,18424.0,3302.517,2340.5,2809.7813,1.9346,4.4217,1108.0,2585.25,0.0048,0.6501,0.0183,0.4758,0.0272,0.6358,6.3976,0.0,TabNet,0.6041032630913569,0.613094903298234,0.6103780068774616,0.6084808041805425,0.6142605011436328,0.610223833332066,0.6175328075015584,0.6378309709499732,0.6141565243722049,0.607961025479439,0.6113321063661793,0.6131659416956964,0.6099717188088,0.615738395549535,0.610223833332066,0.6006093624328107,0.6053230376751952,0.609549705929309
german,Credit_amount,1000.0,0.313,0.9432,250.0,18424.0,3252.2329,2331.0,2777.2598,2.0152,4.7381,1093.0,2539.0,0.0331,0.5958,0.027,0.4443,0.0399,0.5977,6.4521,0.0,MLP,0.6121415740643674,0.6177861292800094,0.614144230830262,0.6136595409132324,0.6267879757128304,0.624383730235569,0.636223199022747,0.6214377872574667,0.6167134858667347,0.6255356393720873,0.6258460748712841,0.6146322610440511,0.6264317855463162,0.6258460748712841,0.6258460748712841,0.604672435994073,0.6001654049436097,0.6212126114883582
german,Credit_amount,1000.0,0.313,0.9432,250.0,18424.0,3252.2329,2331.0,2777.2598,2.0152,4.7381,1093.0,2539.0,0.0331,0.5958,0.027,0.4443,0.0399,0.5977,6.4521,0.0,TabNet,0.6048961968037481,0.60660753830827,0.6070332454352549,0.5974008834328781,0.6042936064512403,0.6035189976561576,0.6457760493958224,0.648267474150015,0.60660753830827,0.6031206555993703,0.6031206555993703,0.6040273378899126,0.6031544011643695,0.5985513992700566,0.6029939985815438,0.6044075182636082,0.5976710587238141,0.600234308820784
german,Credit_amount,1000.0,0.224,0.9304,250.0,18424.0,3255.3131,2302.0,2805.1204,1.9255,4.237,1094.5,2607.5,0.0453,0.6514,0.0208,0.4633,0.0327,0.6225,6.5563,0.0,MLP,0.6362159848544505,0.6336165069412754,0.6346862028187285,0.6190707392501967,0.6286461775321277,0.6325989730354267,0.6256819823522416,0.6202188955813515,0.6330273980303843,0.6309932524546874,0.6330318785524289,0.6302709866684634,0.6330793543214785,0.6274482428965542,0.6320222862000764,0.6089874504028907,0.6110332045569795,0.6332027044688935
german,Credit_amount,1000.0,0.224,0.9304,250.0,18424.0,3255.3131,2302.0,2805.1204,1.9255,4.237,1094.5,2607.5,0.0453,0.6514,0.0208,0.4633,0.0327,0.6225,6.5563,0.0,TabNet,0.6135721545879258,0.6181669064521063,0.6128519667198753,0.614865507913676,0.6211605549408963,0.6206691861535059,0.6563044347953947,0.6426677058294852,0.6176306141210035,0.6204766362197504,0.6188570655074923,0.6153845136115428,0.6173163242008105,0.6176742367547814,0.6206691861535059,0.6082454636883678,0.6146151474825933,0.6198207062898659
german,Credit_amount,1000.0,0.204,0.9472,338.0,18424.0,3253.8442,2278.5,2839.7442,1.9928,4.4599,1083.0,2594.25,0.0377,0.6051,0.0244,0.4497,0.0372,0.6054,6.6058,0.0,MLP,0.6257815965496183,0.6215991835719947,0.6242769324032638,0.6165233591737921,0.625335827179548,0.6267619556505086,0.6247690724283174,0.6215812624355458,0.6248620072185684,0.6294248477333658,0.6272477061476271,0.6224937938547611,0.6241725404749318,0.6240879766944477,0.6262698316246422,0.6018309786406175,0.6004757908709841,0.6214211504414864
german,Credit_amount,1000.0,0.204,0.9472,338.0,18424.0,3253.8442,2278.5,2839.7442,1.9928,4.4599,1083.0,2594.25,0.0377,0.6051,0.0244,0.4497,0.0372,0.6054,6.6058,0.0,TabNet,0.5981987682464506,0.5960608737845918,0.5970882304568418,0.5927650675085299,0.6011987589077227,0.6103700680327324,0.6515864072026409,0.6499457234302004,0.5960608737845918,0.6069160188762761,0.6069160188762761,0.6011352322906729,0.6037234378958486,0.6067885460147014,0.6103700680327324,0.6017387921838927,0.6059614853562547,0.6020691884150123
german,Credit_amount,1000.0,0.135,0.9341,250.0,18424.0,3267.5896,2319.0,2816.9971,1.9634,4.3603,1095.0,2595.0,0.0488,0.6346,0.0302,0.4761,0.0449,0.6389,6.6702,0.0,MLP,0.6163533313171534,0.6191521712880201,0.6181552720151349,0.6186344448499881,0.6234930733675921,0.6212735981720268,0.6164019288285935,0.6169282299659417,0.6191521712880201,0.6223526751753403,0.6223526751753403,0.6233614267393394,0.6200831627566398,0.6184741573601488,0.6190036835419491,0.6050677627935357,0.6025274904843787,0.6207436697788493
german,Credit_amount,1000.0,0.135,0.9341,250.0,18424.0,3267.5896,2319.0,2816.9971,1.9634,4.3603,1095.0,2595.0,0.0488,0.6346,0.0302,0.4761,0.0449,0.6389,6.6702,0.0,TabNet,0.5983917455368846,0.6038480158604779,0.5995352143650954,0.6043276026478422,0.6069229660791118,0.6049710955517299,0.651360009876437,0.6523109682430794,0.602206778269785,0.6016375743816443,0.604919048772565,0.6082051363426413,0.6018427740087742,0.6002015364180813,0.6064720983874243,0.604068844663614,0.6024828383933263,0.6007151872722065
german,Credit_amount,1000.0,0.087,0.9321,250.0,15857.0,3257.3275,2331.0,2739.7814,1.8291,3.5674,1114.0,2605.0,0.0201,0.6135,0.0151,0.4636,0.0227,0.6213,6.7203,0.0,MLP,0.6180608126308945,0.6186510929958973,0.6186510929958973,0.621454377047413,0.6275646255147519,0.62732887319463,0.6254629588717624,0.624922109698983,0.6219335498822662,0.6242164756235801,0.6257855593773618,0.6148652360539715,0.6257855593773618,0.6231545033145511,0.62732887319463,0.6053583178616629,0.6081081138416551,0.624723587068333
german,Credit_amount,1000.0,0.087,0.9321,250.0,15857.0,3257.3275,2331.0,2739.7814,1.8291,3.5674,1114.0,2605.0,0.0201,0.6135,0.0151,0.4636,0.0227,0.6213,6.7203,0.0,TabNet,0.5914822941623247,0.598537714579548,0.5967074637809641,0.5932420191078027,0.6088355045061629,0.6125145187113711,0.6601594371318622,0.6479570677990787,0.5980799566327006,0.6084604046482395,0.611053206027288,0.5995508067466682,0.6129087894693392,0.6103248149955509,0.613001599837688,0.6008863077924393,0.5997038183718972,0.6036970346912013
german,Credit_amount,1000.0,0.06,0.9287,250.0,18424.0,3288.5309,2308.5,2856.0616,1.935,4.1834,1100.5,2612.75,0.0331,0.6287,0.0192,0.4644,0.0289,0.6214,6.7443,0.0,MLP,0.6213210695560578,0.6209103108666062,0.626260576177782,0.6196690985386677,0.6233767677484282,0.6249458515022099,0.6305395740134088,0.6331561280541785,0.62299712105842,0.6233767677484282,0.6249458515022099,0.6230195357954673,0.6249458515022099,0.6249458515022099,0.6249458515022099,0.6070125673424992,0.6070125673424992,0.6261563845171593
german,Credit_amount,1000.0,0.06,0.9287,250.0,18424.0,3288.5309,2308.5,2856.0616,1.935,4.1834,1100.5,2612.75,0.0331,0.6287,0.0192,0.4644,0.0289,0.6214,6.7443,0.0,TabNet,0.6031177814346275,0.6042453654921248,0.6032180088198749,0.6034273187618585,0.6058319856407096,0.608275976194286,0.64723641316184,0.647659425846649,0.6058319856407096,0.608275976194286,0.608275976194286,0.6058319856407096,0.608275976194286,0.6077507880359192,0.608275976194286,0.605801679536278,0.6056806961507089,0.6063571737990764
german,Duration,1000.0,0.518,0.0622,4.0,60.0,21.222,18.0,12.4982,1.0523,0.6449,6.0,12.0,0.0639,0.6359,0.0571,0.4687,0.0837,0.6301,2.6186,0.1078,MLP,0.6040567179708987,0.6071512200280831,0.6019766598095901,0.5998866995135272,0.6128222201814788,0.6174670108517852,0.6241172210811792,0.6070185970865308,0.6033084854884665,0.6158592466622526,0.6158592466622526,0.6079508608479571,0.6109579721870354,0.6133819442298974,0.6174670108517852,0.6014551901692422,0.5882332299568,0.6107105489981838
german,Duration,1000.0,0.518,0.0622,4.0,60.0,21.222,18.0,12.4982,1.0523,0.6449,6.0,12.0,0.0639,0.6359,0.0571,0.4687,0.0837,0.6301,2.6186,0.1078,TabNet,0.6142259769960697,0.613187490850385,0.6152214309950388,0.617990222065417,0.6111242402731477,0.6097366032728812,0.6289493984729743,0.6291907868595119,0.6136911673284688,0.6121608530390814,0.6121608530390814,0.6154606429175139,0.610788505791554,0.6126021326069471,0.6116554056680907,0.6095109670632256,0.6035544243742655,0.61317670687889
german,Duration,1000.0,0.457,0.0534,4.0,60.0,20.6298,18.0,11.9158,1.1354,1.025,6.0,12.0,0.0129,0.6387,0.0022,0.4536,0.0037,0.6059,2.5671,0.1166,MLP,0.6168977733203499,0.6146663968084416,0.6190499999713894,0.6177766318792222,0.6143802042047678,0.6216239336568664,0.620234098354162,0.6182515553547918,0.6180267212037311,0.6208658496273803,0.6208658496273803,0.619494391750631,0.6212136750578074,0.6127549413668171,0.6243801443708795,0.597627800595915,0.5942854974324386,0.6207330086588226
german,Duration,1000.0,0.457,0.0534,4.0,60.0,20.6298,18.0,11.9158,1.1354,1.025,6.0,12.0,0.0129,0.6387,0.0022,0.4536,0.0037,0.6059,2.5671,0.1166,TabNet,0.6176126659726837,0.6164770665992738,0.6128216581305571,0.6123587717710384,0.6197174688886649,0.6152236926160789,0.6360309938934443,0.6390686941272345,0.6142990965708559,0.6212433964507151,0.6212433964507151,0.6204756811867378,0.6187026160598752,0.6218755678082444,0.6178650308145914,0.6049307114936793,0.6064464749790314,0.6173307974643261
german,Duration,1000.0,0.403,0.0503,4.0,72.0,20.9313,18.0,12.0169,1.2127,1.4217,6.0,12.0,0.0503,0.6172,0.0486,0.4616,0.0675,0.6169,2.5358,0.109,MLP,0.6081409524403233,0.6270366979157634,0.6251311976804248,0.6148486427468614,0.6310351931387927,0.627822716245492,0.641985349882757,0.6313090557730998,0.6264493457401573,0.6315525030458012,0.6320539158769265,0.6239580571073713,0.6298200495019931,0.6320045484350792,0.628364846593815,0.6146236263850846,0.6014437988233713,0.6138535742657023
german,Duration,1000.0,0.403,0.0503,4.0,72.0,20.9313,18.0,12.0169,1.2127,1.4217,6.0,12.0,0.0503,0.6172,0.0486,0.4616,0.0675,0.6169,2.5358,0.109,TabNet,0.6142486736668099,0.6259529188174173,0.6243065172615422,0.6243148325789872,0.6191230598222974,0.6191544187044942,0.637062637109711,0.6378475617669221,0.6237505291410292,0.6191230598222974,0.6191230598222974,0.6208020312757689,0.6191230598222974,0.6191230598222974,0.6170620667102572,0.6126296139323155,0.6055966534915858,0.6118681823812386
german,Duration,1000.0,0.345,0.0473,4.0,72.0,20.7481,18.0,12.3761,1.122,0.9015,6.0,12.0,0.0408,0.6614,0.0341,0.4878,0.0491,0.6497,2.605,0.1024,MLP,0.6018157945084885,0.6022291918686037,0.6022291918686037,0.5994042036253666,0.602567120868498,0.6074305302466065,0.6198059151514768,0.6130099294760766,0.6021626368745074,0.6077161248608339,0.6093834286371197,0.6030941864450778,0.6052487097597611,0.605728072650142,0.6097786586635582,0.5951916443172922,0.5958355059022726,0.6223579230455762
german,Duration,1000.0,0.345,0.0473,4.0,72.0,20.7481,18.0,12.3761,1.122,0.9015,6.0,12.0,0.0408,0.6614,0.0341,0.4878,0.0491,0.6497,2.605,0.1024,TabNet,0.6036504209229793,0.6066178347553397,0.6054820445356374,0.6082150713791967,0.6109688749006411,0.6131863313910123,0.6228130055221556,0.6241870690346676,0.6061041191870065,0.612649605928404,0.612649605928404,0.6034980434719615,0.6082110991975238,0.609567701798063,0.6131863313910123,0.6057669721726301,0.611738488500374,0.6154656836248629
german,Duration,1000.0,0.283,0.0432,4.0,60.0,21.1213,18.0,11.9251,0.9915,0.5683,6.0,12.0,0.0055,0.6352,0.007,0.4888,0.0099,0.6525,2.5948,0.1029,MLP,0.6066176309814363,0.6053546176988633,0.6054652874307418,0.6021252275267536,0.6063872076902939,0.6114245195736168,0.6153764937629459,0.6147453861446622,0.6053546176988633,0.6118592739534412,0.6118592739534412,0.6075465642076389,0.609862735760806,0.6057445144168591,0.6114245195736168,0.5948561104321796,0.5957273237441226,0.6136068496850916
german,Duration,1000.0,0.283,0.0432,4.0,60.0,21.1213,18.0,11.9251,0.9915,0.5683,6.0,12.0,0.0055,0.6352,0.007,0.4888,0.0099,0.6525,2.5948,0.1029,TabNet,0.6024638933282658,0.6028386830233743,0.6016426915696013,0.6102330857253123,0.6100271539949568,0.6084376857193934,0.6331506769605153,0.6275395817209102,0.6028386830233743,0.6073880444652083,0.6073880444652083,0.6038737533847514,0.6073880444652083,0.6067097452757167,0.6084376857193934,0.6202426268571428,0.5959417299501861,0.6118681823812386
german,Duration,1000.0,0.25,0.0413,4.0,72.0,21.0293,18.0,12.0146,1.0561,0.8831,6.0,12.0,0.0289,0.6224,0.0157,0.472,0.0236,0.6318,2.5985,0.1031,MLP,0.6104966440411321,0.6231505365908744,0.6229706543096672,0.6130448179122423,0.6262606181412805,0.6294073128603833,0.6280925591790265,0.6154729388356817,0.6214210373390068,0.6275043706130934,0.6282112805952069,0.6200201103501712,0.6189859909577743,0.6235339530533474,0.6311635336268141,0.6090206213313393,0.5927634407096407,0.6167721872606756
german,Duration,1000.0,0.25,0.0413,4.0,72.0,21.0293,18.0,12.0146,1.0561,0.8831,6.0,12.0,0.0289,0.6224,0.0157,0.472,0.0236,0.6318,2.5985,0.1031,TabNet,0.6090078951499678,0.6022391101618488,0.601316170756487,0.604673457977117,0.6068905169413262,0.6076695055002619,0.6369467468474033,0.6361756989095558,0.6022391101618488,0.6086745350347676,0.6086745350347676,0.6051988995672752,0.6073959643123168,0.6078461532636004,0.6081389041923884,0.603152341870662,0.6026197216073504,0.608644351563379
german,Duration,1000.0,0.194,0.0397,4.0,72.0,20.902,18.0,12.237,1.1162,0.9762,6.0,12.0,0.0361,0.6209,0.0302,0.4564,0.0437,0.6134,2.6012,0.0968,MLP,0.6202400631373863,0.618978206991576,0.6206455107678618,0.6108829537139159,0.6071495272000633,0.6075639495903835,0.6152464305350419,0.6110855597558135,0.6184126684765774,0.6074971500078421,0.6061371369109347,0.6159517183680367,0.6056792870531327,0.6082568614171808,0.607090181517721,0.5984445457850919,0.6055710192659778,0.6056774134286065
german,Duration,1000.0,0.194,0.0397,4.0,72.0,20.902,18.0,12.237,1.1162,0.9762,6.0,12.0,0.0361,0.6209,0.0302,0.4564,0.0437,0.6134,2.6012,0.0968,TabNet,0.6078114358170228,0.6073736079928931,0.6052858500573137,0.602582894233137,0.6073823493104864,0.6051333541871305,0.6309928055984264,0.6191515168233386,0.6073736079928931,0.6052083533942137,0.6051333541871305,0.6057516814255841,0.6065337127685236,0.604683165235847,0.6051333541871305,0.6042479345827413,0.6124884630928928,0.6108708895412011
german,Duration,1000.0,0.162,0.0346,4.0,60.0,20.7017,18.0,11.8338,1.0536,0.7204,6.0,12.0,0.0392,0.6125,0.0308,0.4545,0.0438,0.6115,2.5892,0.1186,MLP,0.599762279824805,0.6009894076535776,0.6009894076535776,0.6015065611913754,0.6020075807286818,0.6036033418850577,0.6073037158036282,0.6055591714317305,0.6009894076535776,0.6036033418850577,0.6036033418850577,0.6017231305815663,0.6036033418850577,0.6058416756207302,0.6036033418850577,0.5970350108611426,0.5925232876153539,0.6036033418850577
german,Duration,1000.0,0.162,0.0346,4.0,60.0,20.7017,18.0,11.8338,1.0536,0.7204,6.0,12.0,0.0392,0.6125,0.0308,0.4545,0.0438,0.6115,2.5892,0.1186,TabNet,0.5990528555918742,0.5978212123156069,0.5981584487679427,0.5990984098143803,0.6031177814346275,0.6052083533942137,0.6219251582520171,0.6344513937120178,0.5976804363265815,0.6036101986204578,0.6052083533942137,0.5986609919711741,0.6035679703859109,0.6036101986204578,0.6047159362083834,0.6117829263578937,0.6103838835877946,0.605166125159667
german,Duration,1000.0,0.096,0.0365,4.0,72.0,20.8131,18.0,11.9258,1.1343,1.0915,6.0,12.0,0.0271,0.6243,0.0189,0.4686,0.0268,0.6274,2.5882,0.0911,MLP,0.6048573556721076,0.6143313581232861,0.6140614083119946,0.6188385204646725,0.6114450727271544,0.6144153194441448,0.6200353711292437,0.6216676674032162,0.6135187723350906,0.613617094683389,0.6144153194441448,0.6140614083119946,0.6161194245283206,0.6140748526302363,0.6144153194441448,0.6015138130008038,0.5995863977507448,0.607426946860965
german,Duration,1000.0,0.096,0.0365,4.0,72.0,20.8131,18.0,11.9258,1.1343,1.0915,6.0,12.0,0.0271,0.6243,0.0189,0.4686,0.0268,0.6274,2.5882,0.0911,TabNet,0.6076501173289627,0.6078781708539386,0.6078781708539386,0.6088217317535148,0.6145417677677776,0.6115377387001181,0.6273164895984645,0.6328886718010368,0.6078781708539386,0.6130535943381036,0.6136007643615589,0.6083836182249291,0.6125248583454932,0.6151023926788011,0.6115377387001181,0.6077783684851553,0.6078771675599295,0.6093595685162739
german,Duration,1000.0,0.052,0.0348,4.0,72.0,20.8745,18.0,12.073,1.0944,0.9081,6.0,12.0,0.05,0.6229,0.0344,0.4638,0.0491,0.6215,2.6085,0.0914,MLP,0.6241464708374578,0.6198881696360821,0.6203897033966725,0.6220459533273109,0.6237145672090099,0.6215806624357669,0.631873951710249,0.6294222963475097,0.621560126264615,0.6232143757454512,0.6220860915117407,0.6225876252723311,0.6226789155107509,0.6231708948141875,0.6215806624357669,0.6081818574864262,0.6022475121591107,0.624783459499233
german,Duration,1000.0,0.052,0.0348,4.0,72.0,20.8745,18.0,12.073,1.0944,0.9081,6.0,12.0,0.05,0.6229,0.0344,0.4638,0.0491,0.6215,2.6085,0.0914,TabNet,0.6072257889613054,0.6041453357627672,0.6041453357627672,0.6036314970029607,0.6058319856407096,0.6063571737990764,0.6374669283098607,0.6434932491632154,0.6041453357627672,0.6063571737990764,0.6063571737990764,0.6057671391386028,0.605326538269719,0.6063571737990764,0.6063571737990764,0.6041911710659121,0.6059625344920502,0.6068826153892346
mv,x4,40768.0,0.5054,0.9785,-7.4998,2.4997,-4.4067,-5.7377,3.0163,0.978,-0.5799,1.0374,4.8694,0.0104,0.6996,0.0116,0.4953,0.0175,0.6576,9.8816,0.0,MLP,0.9533991426571402,0.9535844979096604,0.9535102914671222,0.9516076900018562,0.9525486653546043,0.9532705997606976,0.9483418097267771,0.9480774405952404,0.9534860552529283,0.9533376442438146,0.9536403222529081,0.953788915595964,0.9535933329573328,0.9538850896468989,0.9533906019521103,0.9533935130527457,0.9523141648860204,0.9535158251885097
mv,x4,40768.0,0.5054,0.9785,-7.4998,2.4997,-4.4067,-5.7377,3.0163,0.978,-0.5799,1.0374,4.8694,0.0104,0.6996,0.0116,0.4953,0.0175,0.6576,9.8816,0.0,TabNet,0.952206815334754,0.9537460298192243,0.9531324665186711,0.9522796436729921,0.9525347315381151,0.953889617136084,0.9479505003531286,0.9482370905597346,0.9532061286839997,0.9535165763559442,0.9537128513196239,0.9537798894661276,0.9532067446324317,0.9531643678257722,0.953863706127143,0.9538277663990573,0.9526453798658577,0.9534912497755977
mv,x4,40768.0,0.4473,0.9754,-7.4998,2.4997,-4.396,-5.7321,3.0326,0.9752,-0.5882,1.0499,4.8842,0.0094,0.7027,0.0095,0.5014,0.0143,0.6647,9.9883,0.0,MLP,0.9554675181622543,0.9555061236215956,0.9539547942503352,0.9532020523201765,0.9543112429063784,0.9549798939579079,0.9520908695937329,0.9494173616473248,0.9550719279594386,0.9549323126622961,0.9550481970774783,0.9550082472150996,0.954386015250118,0.9544194623391994,0.9546960437946765,0.9547328086428086,0.9540756205635301,0.954565729819066
mv,x4,40768.0,0.4473,0.9754,-7.4998,2.4997,-4.396,-5.7321,3.0326,0.9752,-0.5882,1.0499,4.8842,0.0094,0.7027,0.0095,0.5014,0.0143,0.6647,9.9883,0.0,TabNet,0.9537366022919143,0.9556649535122275,0.9540501734505994,0.9526863412330719,0.9540072337890863,0.9553234145347738,0.950799145869221,0.9498368421091798,0.955837347030645,0.955340972807004,0.9554125077706007,0.9557925157810043,0.9550335508811097,0.9554770310031264,0.9554503019061236,0.9552450908123191,0.9547624639045954,0.9550801762972168
mv,x4,40768.0,0.4015,0.9746,-7.4998,2.4981,-4.3853,-5.7261,3.0288,0.9631,-0.6137,1.0534,4.9122,0.0055,0.7027,0.0037,0.503,0.0055,0.6666,10.0665,0.0,MLP,0.9551982007191422,0.9547848064215555,0.9546414281604837,0.9530710972418496,0.9539701981032697,0.9546874427417924,0.9506684292281046,0.9496186332466099,0.9549415373556764,0.9549749823720477,0.9548452845603973,0.9547624770917243,0.9545710089528477,0.9546684162326389,0.9549125552149054,0.9552756980115703,0.9540566364723159,0.9546655229554267
mv,x4,40768.0,0.4015,0.9746,-7.4998,2.4981,-4.3853,-5.7261,3.0288,0.9631,-0.6137,1.0534,4.9122,0.0055,0.7027,0.0037,0.503,0.0055,0.6666,10.0665,0.0,TabNet,0.9535344496165926,0.9557905482324984,0.954841156515248,0.9529327849911488,0.9542938912480643,0.9548742043348407,0.950422240290223,0.9507364401479241,0.9555648619953881,0.9549527651610373,0.9552014130876644,0.9556396097091473,0.9551551528002369,0.9548646450149202,0.9551765547972959,0.9554117832487311,0.9541547070372273,0.9550084183774502
mv,x4,40768.0,0.3473,0.9709,-7.4999,2.4996,-4.4088,-5.7347,3.0149,0.9778,-0.5766,1.0484,4.8714,0.0067,0.7,0.0044,0.4999,0.0065,0.6631,10.1482,0.0,MLP,0.9559261363883771,0.9560571276619646,0.9552131964938578,0.9541889234953161,0.9547494059715783,0.9558412532156536,0.9506803049641639,0.9507232762867983,0.956152651883401,0.955994724451977,0.9557722817801577,0.9562299792046752,0.9558721802164237,0.9554962056538757,0.9559937047394147,0.955869627805225,0.9551589322009233,0.9557568558035316
mv,x4,40768.0,0.3473,0.9709,-7.4999,2.4996,-4.4088,-5.7347,3.0149,0.9778,-0.5766,1.0484,4.8714,0.0067,0.7,0.0044,0.4999,0.0065,0.6631,10.1482,0.0,TabNet,0.9544332425843736,0.9563399197213721,0.955730456937953,0.9537941368037679,0.9553526403279224,0.956132130457175,0.9506577816792459,0.9509824293509774,0.9564759118775468,0.9560243418674959,0.9560674156951732,0.9564908088677628,0.9562421725420082,0.9564257188623659,0.9555575834254255,0.9563525490079217,0.9556733154534228,0.9559305416575885
mv,x4,40768.0,0.2997,0.9687,-7.4999,2.4996,-4.4023,-5.7318,3.0217,0.9782,-0.5798,1.0435,4.8757,0.0065,0.7024,0.0044,0.5007,0.0066,0.664,10.2157,0.0,MLP,0.9568108463363059,0.957014931197465,0.9565526047477861,0.9559744752570712,0.9558080446930257,0.9566793631380585,0.9516480447722688,0.951979895808259,0.9567583035479603,0.9566493537115441,0.9565913831845042,0.956926357566815,0.9564942628686016,0.9566692279443888,0.9564618754034278,0.9562418102391127,0.9561505072893246,0.9564164699486891
mv,x4,40768.0,0.2997,0.9687,-7.4999,2.4996,-4.4023,-5.7318,3.0217,0.9782,-0.5798,1.0435,4.8757,0.0065,0.7024,0.0044,0.5007,0.0066,0.664,10.2157,0.0,TabNet,0.955564722335559,0.9570031930898486,0.956330619292296,0.9556944263158225,0.9558274013308906,0.9565975975385194,0.9520642945513091,0.9523974945273491,0.9571419965705072,0.9564016664325117,0.9564235931848764,0.9570684772914054,0.956521128007177,0.9564988773403427,0.9564189460488298,0.956623768336844,0.9562196406234662,0.9569134675629111
mv,x4,40768.0,0.2508,0.9674,-7.4997,2.4997,-4.3915,-5.7301,3.0249,0.9741,-0.5901,1.0389,4.8809,0.0087,0.7031,0.006,0.5023,0.009,0.6655,10.2811,0.0,MLP,0.955967564747625,0.9570086752236603,0.9574029354278955,0.9563419940850756,0.9567144606567877,0.9567083899583155,0.9525945943557812,0.9528482050626226,0.9565689118809626,0.9565136506046522,0.9569019315404518,0.9570465927901772,0.9568577909254026,0.9569501045464964,0.9568941951580084,0.9567946764686563,0.955243535431016,0.9568165295273199
mv,x4,40768.0,0.2508,0.9674,-7.4997,2.4997,-4.3915,-5.7301,3.0249,0.9741,-0.5901,1.0389,4.8809,0.0087,0.7031,0.006,0.5023,0.009,0.6655,10.2811,0.0,TabNet,0.9558651178653836,0.9569539012588892,0.9573652578457956,0.9559890493585192,0.9566262687098264,0.9571485613484116,0.9526735917724733,0.9526981468767639,0.9571480351490562,0.9570010805954412,0.9570231202167452,0.9568761284776206,0.9569711494955934,0.9570683921225294,0.9570437835978266,0.9570759832705593,0.9567967472496678,0.9573803752275798
mv,x4,40768.0,0.1998,0.9652,-7.4999,2.4997,-4.4096,-5.7341,3.0153,0.9828,-0.5684,1.0361,4.8565,0.0104,0.7,0.0076,0.4978,0.0113,0.6606,10.3438,0.0,MLP,0.9575462418350232,0.9579902090004123,0.9576725281789396,0.9563818030866118,0.9577902243153902,0.9575494944595592,0.9534147216740115,0.9537581912464224,0.957888453151783,0.9578355572583472,0.9580725048757368,0.9576575287921384,0.9580697650687455,0.957493067264697,0.9575283653923331,0.9579989219461722,0.957877625484153,0.9578399599546434
mv,x4,40768.0,0.1998,0.9652,-7.4999,2.4997,-4.4096,-5.7341,3.0153,0.9828,-0.5684,1.0361,4.8565,0.0104,0.7,0.0076,0.4978,0.0113,0.6606,10.3438,0.0,TabNet,0.9579590861222811,0.9584343245520808,0.9582397944538551,0.957597225928615,0.9578427021119409,0.9582515829643908,0.9536168390438652,0.9544812583849809,0.9577511966981174,0.9577616922354876,0.9583385797038904,0.9587672969939598,0.9577272694850565,0.9578315608597038,0.9582359569284005,0.9579770595194335,0.957592158472347,0.9579108125296506
mv,x4,40768.0,0.1491,0.963,-7.4999,2.4997,-4.394,-5.7262,3.0251,0.9731,-0.5894,1.0509,4.8846,0.0086,0.7024,0.0058,0.5013,0.0087,0.6645,10.4022,0.0,MLP,0.9586035260281689,0.9589687324151452,0.9588746278546212,0.9580937226545233,0.9587357052594786,0.9587541517914344,0.9546274843533226,0.9545426656565852,0.958790393634106,0.9586581818030621,0.9586613396611551,0.9589507259639718,0.959046804454462,0.9587728073954787,0.9593419000450464,0.9587015587941462,0.9589372786260296,0.9586662812095921
mv,x4,40768.0,0.1491,0.963,-7.4999,2.4997,-4.394,-5.7262,3.0251,0.9731,-0.5894,1.0509,4.8846,0.0086,0.7024,0.0058,0.5013,0.0087,0.6645,10.4022,0.0,TabNet,0.9583603785946606,0.9595999460123943,0.9592970444293474,0.9586834660662501,0.9590069040893958,0.9589992494755397,0.9545474334812629,0.9546706612955647,0.9595017546706862,0.958964437703542,0.9591449558683864,0.9594428913874655,0.9591705517485722,0.9590350483524757,0.9591489407500506,0.959227966646871,0.959484933907695,0.9593110368579535
mv,x4,40768.0,0.1009,0.9614,-7.4999,2.4996,-4.3927,-5.7263,3.0255,0.9718,-0.5927,1.0511,4.8863,0.007,0.7006,0.0052,0.4999,0.0078,0.6629,10.4549,0.0,MLP,0.9595076755920068,0.9596354722135024,0.9594720169766611,0.9590374606352661,0.9597781516756343,0.959439631279939,0.9545975202358576,0.9547367959901654,0.9595203020946024,0.9593452843289899,0.9591003708093067,0.9594249290119774,0.9598533183036493,0.9597857589273009,0.9589287049154406,0.9597313589252627,0.9591164255400397,0.9597649410008776
mv,x4,40768.0,0.1009,0.9614,-7.4999,2.4996,-4.3927,-5.7263,3.0255,0.9718,-0.5927,1.0511,4.8863,0.007,0.7006,0.0052,0.4999,0.0078,0.6629,10.4549,0.0,TabNet,0.9589025024564144,0.9597792906427302,0.9591851887721385,0.9592421016157052,0.9591263515335696,0.9596705158624974,0.9550969134839592,0.9552478178156598,0.9592367289815193,0.9596109038441306,0.9598176257419019,0.95963089394307,0.9591473364478749,0.9594234385619838,0.95995596074365,0.959357653692352,0.95940675548062,0.9592593327992232
mv,x4,40768.0,0.0487,0.9588,-7.4999,2.4997,-4.393,-5.7263,3.0241,0.9734,-0.5893,1.0485,4.8775,0.0054,0.7013,0.0048,0.5001,0.0072,0.6632,10.5076,0.0,MLP,0.9593536321396249,0.9599121974024492,0.9599552098402753,0.9591923496759177,0.9592794726004615,0.9596537329509629,0.9554262388117124,0.9559301688263383,0.9596020415241543,0.9595991259046345,0.9590795459171628,0.9596221228708754,0.9601819050756929,0.9594000044129332,0.9595933625994026,0.9599789497523362,0.9592864940361641,0.9601231304622191
mv,x4,40768.0,0.0487,0.9588,-7.4999,2.4997,-4.393,-5.7263,3.0241,0.9734,-0.5893,1.0485,4.8775,0.0054,0.7013,0.0048,0.5001,0.0072,0.6632,10.5076,0.0,TabNet,0.9592012156314742,0.9600423622748078,0.9605197514915065,0.959785876881138,0.9597700889765007,0.9602665495037367,0.9561526398470374,0.9561595392831415,0.9601448978313563,0.9600776910018223,0.9596472086243792,0.9600092330545327,0.9600184204608269,0.9602607438589655,0.9595507567428994,0.9598967982116978,0.9599684226132998,0.9602266853782475
mv,x5,40768.0,0.4982,0.9952,-0.9999,1.0,-0.0064,-0.0064,0.577,0.0086,-1.1964,0.4995,0.9967,0.0043,0.0133,0.0068,0.0081,0.0102,0.0121,9.9195,0.0,MLP,0.9608830626362492,0.9609794224019275,0.9603079942444969,0.9607789335884644,0.9604680646610726,0.9605721337635971,0.9575412788953868,0.9577677657825638,0.9607720618386195,0.9605169048419175,0.9605552877526418,0.9610282996800317,0.9609623445997288,0.9607778503732796,0.9606078521883374,0.9608897299433501,0.9603017234904001,0.9609612656149773
mv,x5,40768.0,0.4982,0.9952,-0.9999,1.0,-0.0064,-0.0064,0.577,0.0086,-1.1964,0.4995,0.9967,0.0043,0.0133,0.0068,0.0081,0.0102,0.0121,9.9195,0.0,TabNet,0.9609924543236894,0.960996073882056,0.9609052441949006,0.9609218689621861,0.9606825336570943,0.9611224507650997,0.9568831593915008,0.9567737581626135,0.9608578060591563,0.9607840414083552,0.9612462042024698,0.9610609500275461,0.9610664443572802,0.9613083293893363,0.9611460701687098,0.960735423334278,0.9604790633868164,0.9612145884068717
mv,x5,40768.0,0.4552,0.9953,-0.9999,0.9999,-0.0023,0.0049,0.5775,-0.0046,-1.1985,0.4997,0.9985,0.0041,0.0073,0.0034,0.0046,0.0051,0.0068,10.0017,0.0,MLP,0.9604516802137822,0.9605221041937093,0.9604927137460836,0.9612353256411275,0.9607833964243984,0.9608329035303105,0.9575407492723659,0.9573354333957438,0.9607084254299161,0.9604928587042112,0.9608322078387388,0.9609567243588306,0.9608505823467908,0.9608901364092732,0.9607983698606913,0.9606083306922335,0.9606031878215033,0.9609072282411345
mv,x5,40768.0,0.4552,0.9953,-0.9999,0.9999,-0.0023,0.0049,0.5775,-0.0046,-1.1985,0.4997,0.9985,0.0041,0.0073,0.0034,0.0046,0.0051,0.0068,10.0017,0.0,TabNet,0.9608690456277411,0.9607729350848876,0.9605698809818937,0.9606870775036336,0.9605248585500477,0.9607675021773958,0.9575439630823017,0.9572769664421101,0.9606773986607806,0.9607139231854818,0.9608563692554226,0.9608953546672782,0.9607065805711972,0.9608169771558797,0.9610900246875083,0.9605989331319258,0.9601995468212972,0.960873996801122
mv,x5,40768.0,0.3996,0.9947,-0.9999,1.0,-0.001,0.0001,0.5765,-0.0033,-1.1962,0.4984,0.9972,0.0032,0.0044,0.0014,0.0036,0.0022,0.0053,10.0981,0.0,MLP,0.9606041862010318,0.9603824819669693,0.9608765082250779,0.9607201360999745,0.9605916457264216,0.9605813856131625,0.9565977794686955,0.9568186424446312,0.9606152566568402,0.9606675765788961,0.9605727749757644,0.9608005984538107,0.9603036029666773,0.9606047282374678,0.9609437309447978,0.9606138213628983,0.9601997764354012,0.960114767701761
mv,x5,40768.0,0.3996,0.9947,-0.9999,1.0,-0.001,0.0001,0.5765,-0.0033,-1.1962,0.4984,0.9972,0.0032,0.0044,0.0014,0.0036,0.0022,0.0053,10.0981,0.0,TabNet,0.9604902549753973,0.9606637643897322,0.9606153951714743,0.960919340551925,0.9606881833114321,0.9609279907246816,0.9569358461165046,0.9562491763192691,0.9608093840919196,0.9608075533791604,0.9610791609247282,0.9607925870026538,0.9607682914030039,0.9607504215070936,0.9607115860461404,0.9604187438586483,0.9600470937688119,0.9608525652088087
mv,x5,40768.0,0.35,0.9951,-0.9999,1.0,0.0003,0.0054,0.5769,-0.0031,-1.1974,0.4982,0.9976,0.0057,0.0102,0.0045,0.0061,0.0067,0.0091,10.1781,0.0,MLP,0.9603099121679264,0.9606968352630989,0.9604312638069298,0.9607431303504246,0.9606726924528071,0.9604527878540533,0.9571750345536765,0.9570861182178292,0.9605925488318096,0.9605802934998676,0.9613969483956044,0.9609864364839472,0.960997752305871,0.9610412115758592,0.9609262737910522,0.9602491453829928,0.9605106738122166,0.9609059676876044
mv,x5,40768.0,0.35,0.9951,-0.9999,1.0,0.0003,0.0054,0.5769,-0.0031,-1.1974,0.4982,0.9976,0.0057,0.0102,0.0045,0.0061,0.0067,0.0091,10.1781,0.0,TabNet,0.9608112826212515,0.9610181847506651,0.9611559758919974,0.9607204231887361,0.9608401964821552,0.9610677036829939,0.957570980603479,0.9573484637276479,0.9611360355946715,0.9608714544352068,0.9612580630758911,0.9611164378412304,0.9611047435407946,0.9609055240520403,0.9611827428834224,0.9608598057502381,0.9604340018364985,0.9612277854650569
mv,x5,40768.0,0.2968,0.9935,-0.9999,1.0,-0.0018,0.0008,0.5761,0.0003,-1.1969,0.4994,0.998,0.0039,0.0082,0.0031,0.0046,0.0047,0.0068,10.2546,0.0,MLP,0.960205761271707,0.9602766586710223,0.9604442366328082,0.9607754773053367,0.9607801070892645,0.9604808513012193,0.9570788935857113,0.957122889185324,0.960801016157912,0.9602072803521576,0.9606655857355141,0.9604646696711328,0.9608509122133526,0.960289381514277,0.9603500552233604,0.9600402282790882,0.9602274691485837,0.9607039792575227
mv,x5,40768.0,0.2968,0.9935,-0.9999,1.0,-0.0018,0.0008,0.5761,0.0003,-1.1969,0.4994,0.998,0.0039,0.0082,0.0031,0.0046,0.0047,0.0068,10.2546,0.0,TabNet,0.9605168634937022,0.9606588889557092,0.961018617118882,0.9611204873477919,0.9612160774794596,0.9607883308747789,0.9570907480341541,0.9569823862954016,0.9607804624159167,0.9605531575410404,0.9607497422907908,0.9609583433337262,0.9610968057961865,0.9609246691618876,0.9608519878786115,0.960722000185419,0.9604625998699852,0.9608953935012763
mv,x5,40768.0,0.2506,0.993,-0.9999,0.9999,-0.0033,-0.0015,0.5768,0.0022,-1.1981,0.4988,0.9959,0.0044,0.0045,0.0027,0.0048,0.004,0.0072,10.3174,0.0,MLP,0.9599745714793935,0.9601984905628358,0.9603763889281051,0.9603223576960208,0.960628106720271,0.9608085703353069,0.956651637099569,0.9564707886647659,0.9607858360912251,0.9602692015044629,0.9607677554990188,0.9607519689243754,0.9606114838716677,0.9608474476420275,0.9607676484626575,0.9603725343705085,0.9599085630236944,0.960769584560339
mv,x5,40768.0,0.2506,0.993,-0.9999,0.9999,-0.0033,-0.0015,0.5768,0.0022,-1.1981,0.4988,0.9959,0.0044,0.0045,0.0027,0.0048,0.004,0.0072,10.3174,0.0,TabNet,0.9609406940644886,0.9606660815722828,0.9608923022394182,0.9606593844814482,0.9607868499290471,0.9608288391086839,0.9571295949514447,0.9567469881666482,0.9607369990175735,0.9608334894217601,0.9608203388551796,0.9606869560383325,0.9608273284803122,0.9609712193115072,0.9610668097273215,0.9608855499233497,0.9609946690226372,0.9609157512168951
mv,x5,40768.0,0.1996,0.9929,-0.9999,1.0,-0.0007,0.0022,0.576,-0.0018,-1.1984,0.4981,0.9965,0.0006,0.003,0.0009,0.0016,0.0014,0.0024,10.3832,0.0,MLP,0.9607323535629404,0.9606672243113736,0.9606551631276241,0.9604891798332663,0.9609089703278451,0.9609110122933042,0.9570083994265348,0.9568685526520488,0.960803459658774,0.960423052165253,0.9608053861168362,0.9609512248432018,0.9608629124721314,0.9607339385347182,0.9610464057232956,0.9609489731982264,0.960424212407297,0.9605944684810894
mv,x5,40768.0,0.1996,0.9929,-0.9999,1.0,-0.0007,0.0022,0.576,-0.0018,-1.1984,0.4981,0.9965,0.0006,0.003,0.0009,0.0016,0.0014,0.0024,10.3832,0.0,TabNet,0.9610003359443391,0.9610106960560418,0.9611485669669178,0.960765211913541,0.9609706885231305,0.9611988200383894,0.9565962532668616,0.957032510601548,0.960680763056978,0.9609246307141897,0.9610845129969521,0.9612260667870527,0.9613548590857977,0.9613636771761038,0.9610286429223007,0.9608007948097044,0.9605956337012415,0.9610319967936363
mv,x5,40768.0,0.1508,0.9925,-0.9999,1.0,-0.0025,0.0014,0.5772,-0.0005,-1.1992,0.4992,0.9977,0.0109,0.0112,0.0071,0.0081,0.0106,0.0121,10.4418,0.0,MLP,0.9609801330320675,0.9606965375585634,0.96056574799225,0.9605497361561742,0.9606521572353346,0.9609886597980882,0.9567843521485562,0.9569678211324539,0.9607046643921838,0.960907481584427,0.9608737181169309,0.9613524882433806,0.9611940766131847,0.9611217745709951,0.961099557211277,0.960695905898824,0.9601681807958062,0.9607519429659959
mv,x5,40768.0,0.1508,0.9925,-0.9999,1.0,-0.0025,0.0014,0.5772,-0.0005,-1.1992,0.4992,0.9977,0.0109,0.0112,0.0071,0.0081,0.0106,0.0121,10.4418,0.0,TabNet,0.9611416244687533,0.961183298637418,0.9612787667617232,0.9608861587198652,0.961421835238334,0.9613711641761149,0.9568167510248629,0.9566038937689316,0.9614154708372155,0.9613571593285064,0.9614968682503273,0.9616421935267786,0.9614001891133086,0.9612765984491222,0.9617206171795609,0.9610696996134165,0.9606740764877453,0.9616559625147251
mv,x5,40768.0,0.0974,0.9918,-0.9999,1.0,-0.0015,0.0029,0.5763,0.0018,-1.1958,0.4976,0.9948,0.0077,0.0086,0.0053,0.0064,0.0079,0.0096,10.5018,0.0,MLP,0.9606018951406791,0.9608562212758293,0.9607279656728926,0.9604001423557127,0.9607918450902913,0.9607228185562248,0.9570204699026603,0.9567590997989615,0.9607012605962373,0.9604495964304868,0.9610332110289699,0.9609479282326951,0.9606419920176821,0.960336194937999,0.9608526463849668,0.9602171920986728,0.960734824438887,0.9605449142266312
mv,x5,40768.0,0.0974,0.9918,-0.9999,1.0,-0.0015,0.0029,0.5763,0.0018,-1.1958,0.4976,0.9948,0.0077,0.0086,0.0053,0.0064,0.0079,0.0096,10.5018,0.0,TabNet,0.9609220196408366,0.9611472922455486,0.9611726030147263,0.9605600279075852,0.9611326884017517,0.9611834779754291,0.9569406334980857,0.9571264290353869,0.9611955794763564,0.9612420142100844,0.9612953178698789,0.9609313022608041,0.9610330172716594,0.9610149974725641,0.9608301280941506,0.9608083029595681,0.9606846176445254,0.9607965898441819
mv,x5,40768.0,0.0506,0.9911,-0.9999,1.0,-0.0014,0.003,0.5763,-0.002,-1.1946,0.4972,0.9939,0.007,0.0072,0.0044,0.0057,0.0066,0.0086,10.5514,0.0,MLP,0.9606513995183066,0.9607385294236097,0.9607289579644844,0.960649218789723,0.9608521012740056,0.9608094595792245,0.9564072078920356,0.9570589599278956,0.9606030606474933,0.960759365501422,0.9604270260824066,0.9603823776692795,0.9608755959309201,0.9608209756336792,0.9607529709846501,0.9604093810881071,0.9602545271730193,0.9604699547490814
mv,x5,40768.0,0.0506,0.9911,-0.9999,1.0,-0.0014,0.003,0.5763,-0.002,-1.1946,0.4972,0.9939,0.007,0.0072,0.0044,0.0057,0.0066,0.0086,10.5514,0.0,TabNet,0.9608514077183613,0.9614688438703854,0.9610288431156071,0.9611539616434938,0.9612300773068124,0.9613380564930972,0.956678445344185,0.9564923759923244,0.9614194830734619,0.961238736040279,0.9614590269906061,0.961152197317501,0.9611954773306607,0.9612762592358548,0.9613969921794583,0.9609921946498411,0.9606413269610325,0.9614175309941134
mv,x6,40768.0,0.4991,0.9879,-37.1942,12.3802,-11.0664,-9.1874,10.776,-0.3238,-0.9546,8.4742,18.2022,0.0119,0.6989,0.0074,0.4984,0.0111,0.6614,9.9074,0.0,MLP,0.8944159083503701,0.89664868973593,0.8957302086289676,0.8587702203722011,0.8919037488752137,0.8970045487974075,0.8944392878505429,0.8930157310664237,0.8968860431370631,0.897091676574526,0.8970054871635966,0.8963777831431698,0.8974315446336161,0.8962979258602757,0.8969875400142184,0.8970897361962824,0.8778389601965019,0.8969031011245199
mv,x6,40768.0,0.4991,0.9879,-37.1942,12.3802,-11.0664,-9.1874,10.776,-0.3238,-0.9546,8.4742,18.2022,0.0119,0.6989,0.0074,0.4984,0.0111,0.6614,9.9074,0.0,TabNet,0.8946220274653486,0.8974278117094456,0.8958237333101693,0.856555699510839,0.8919269246655412,0.8966178981433774,0.8943994237048393,0.8931152097325274,0.8971689256272327,0.8961552566243708,0.8966628791887521,0.8968016310408486,0.89728761278561,0.8962424916934121,0.8962939975833756,0.8971975846494904,0.8775870717413843,0.8966616889976567
mv,x6,40768.0,0.4503,0.9871,-37.3515,12.114,-11.1041,-9.3143,10.8197,-0.3134,-0.9463,8.5216,18.1959,0.0075,0.7011,0.0049,0.4963,0.0073,0.6589,9.9994,0.0,MLP,0.8997048459631851,0.9021765637769836,0.9008617966437069,0.863350602807222,0.8983453907860133,0.9019892851604717,0.9001281875628346,0.8987972090729708,0.9015731172948203,0.9024914430969796,0.9022609240165755,0.9019935929159242,0.9017956024086708,0.9019922525926221,0.9022622865708325,0.9023194431549768,0.8852876335774641,0.9017774473516893
mv,x6,40768.0,0.4503,0.9871,-37.3515,12.114,-11.1041,-9.3143,10.8197,-0.3134,-0.9463,8.5216,18.1959,0.0075,0.7011,0.0049,0.4963,0.0073,0.6589,9.9994,0.0,TabNet,0.898246319909531,0.902354194506578,0.90113904143048,0.8633772182157659,0.8990512521323869,0.9017459464809156,0.8998560326347349,0.899058450340839,0.9019706135461747,0.9019227039917839,0.9024447087398724,0.9017225583199655,0.9020408476749614,0.9015850808314736,0.9019869713244931,0.9025088618847784,0.8859924486336737,0.9022274079631867
mv,x6,40768.0,0.3969,0.9869,-37.3515,12.3802,-11.099,-9.2859,10.7946,-0.3209,-0.9577,8.5131,18.1737,0.0052,0.699,0.0035,0.4976,0.0052,0.6598,10.0917,0.0,MLP,0.9088153904671564,0.9103605780904459,0.908176286656533,0.8756409379535768,0.9064647371073565,0.9099925688545041,0.906770258307407,0.9067834437902031,0.910061540190564,0.9099879910095493,0.9110848170172144,0.909799735427831,0.9102142287827696,0.9104789611139636,0.9101317107935495,0.9097895133480483,0.8928766318842245,0.9099329165289894
mv,x6,40768.0,0.3969,0.9869,-37.3515,12.3802,-11.099,-9.2859,10.7946,-0.3209,-0.9577,8.5131,18.1737,0.0052,0.699,0.0035,0.4976,0.0052,0.6598,10.0917,0.0,TabNet,0.9079182314327312,0.9107256869779481,0.90868532658061,0.8769412417450634,0.9064697726273601,0.9101032004566112,0.9070629092726292,0.9059271265799858,0.9108915849126245,0.9096427535195004,0.9093371705438338,0.9102547415276114,0.9095161635588871,0.909258683288325,0.9097770539996232,0.9098081116992713,0.8930521568132614,0.909699764277329
mv,x6,40768.0,0.3525,0.9848,-37.3515,12.3802,-11.02,-9.1483,10.8121,-0.3295,-0.9453,8.469,18.1713,0.0069,0.6997,0.0045,0.501,0.0068,0.6645,10.1597,0.0,MLP,0.9126668672471011,0.9153696346093053,0.9141416241159988,0.8885689987409758,0.9126868122074346,0.9153474214351471,0.9126257071768116,0.9125018769928271,0.9148766899131707,0.9154410742246164,0.9153357579069792,0.9150060118478577,0.9155000273472018,0.9158370114139073,0.915317618188759,0.915347127335199,0.8994367883425827,0.9154250990833626
mv,x6,40768.0,0.3525,0.9848,-37.3515,12.3802,-11.02,-9.1483,10.8121,-0.3295,-0.9453,8.469,18.1713,0.0069,0.6997,0.0045,0.501,0.0068,0.6645,10.1597,0.0,TabNet,0.9121144851409949,0.9158563687725753,0.9145444823898137,0.889384649874325,0.9122306578768664,0.9152379381260901,0.9121531261958415,0.9121895687198732,0.9153696661980741,0.9157178552634859,0.9155131839213931,0.915409286623649,0.9151011161278195,0.9154079152299116,0.9156295578890846,0.9158323274241038,0.8991063933265667,0.9159393907370998
mv,x6,40768.0,0.2986,0.9832,-37.2637,12.3802,-10.9904,-9.1529,10.7941,-0.3253,-0.9416,8.4731,18.1666,0.0018,0.7022,0.0015,0.5017,0.0022,0.665,10.2375,0.0,MLP,0.917562065132333,0.9205633942216316,0.9191206064866606,0.8928536169927916,0.9186163048376653,0.9206375199159136,0.9181744192868919,0.917975683974588,0.9200446354502583,0.9208536759978114,0.9207288642813454,0.9198198558970875,0.920594740795783,0.9207419103162485,0.9208896383974683,0.9207001332754597,0.905404356142034,0.9208246998920137
mv,x6,40768.0,0.2986,0.9832,-37.2637,12.3802,-10.9904,-9.1529,10.7941,-0.3253,-0.9416,8.4731,18.1666,0.0018,0.7022,0.0015,0.5017,0.0022,0.665,10.2375,0.0,TabNet,0.9176605062064251,0.9210594339865035,0.919187244243363,0.893740097661418,0.9185172739435183,0.9207146065285452,0.9183115593187204,0.9174590500965522,0.9203581555995269,0.9204734885567531,0.9202107172762558,0.9206062028563977,0.9203887543911435,0.919977884338371,0.9202812339464435,0.9207069825619845,0.9065177644193829,0.92062311631026
mv,x6,40768.0,0.2501,0.9827,-37.3515,12.3802,-11.0395,-9.2296,10.7952,-0.3181,-0.9515,8.5143,18.2478,0.0051,0.7013,0.0026,0.4978,0.004,0.6603,10.3036,0.0,MLP,0.9231071514255705,0.9254844164721677,0.9240855227312913,0.905090002462669,0.9234358521534959,0.925506596808114,0.9228081837342874,0.9223725346730259,0.9248230018173055,0.9258431077289601,0.9258503112735663,0.9244462063729115,0.9256060849482017,0.9256277187488238,0.9256473598944625,0.9247595817958113,0.9126969065148011,0.9256127624357782
mv,x6,40768.0,0.2501,0.9827,-37.3515,12.3802,-11.0395,-9.2296,10.7952,-0.3181,-0.9515,8.5143,18.2478,0.0051,0.7013,0.0026,0.4978,0.004,0.6603,10.3036,0.0,TabNet,0.9236340710759534,0.9261871808864565,0.9250827881607129,0.9064996115820774,0.923446423144829,0.9252041534084671,0.9225965742975526,0.9222431756136582,0.9252734569224215,0.9252703003438176,0.9251029414791648,0.9251249287109904,0.9257505557567666,0.9260974857030766,0.925635220484999,0.925711841816266,0.9131692153620589,0.925307676979569
mv,x6,40768.0,0.201,0.9814,-37.3515,12.3802,-11.0635,-9.2638,10.8073,-0.3194,-0.9487,8.5059,18.2404,0.0052,0.7002,0.003,0.4988,0.0045,0.6616,10.3651,0.0,MLP,0.9322145372236664,0.9352651867940109,0.932370873297385,0.9186352716296924,0.9321857765038692,0.934835453162158,0.9316061429469621,0.9312362757112723,0.9345630979037826,0.9346955587103685,0.9339399825355863,0.9341408365058728,0.9342874833415331,0.9340256526052747,0.9344113348670884,0.9340277980919647,0.9240983560869173,0.9348661788477677
mv,x6,40768.0,0.201,0.9814,-37.3515,12.3802,-11.0635,-9.2638,10.8073,-0.3194,-0.9487,8.5059,18.2404,0.0052,0.7002,0.003,0.4988,0.0045,0.6616,10.3651,0.0,TabNet,0.9310428439448629,0.9343943199449164,0.9326754089509357,0.9188293249420598,0.9326383884297715,0.9345600762101682,0.931317138020702,0.9310479537214278,0.9340019908393411,0.93467419737909,0.9345528538405566,0.9335129188064963,0.934883422119057,0.9345085765176245,0.9343618324995103,0.9347253973581817,0.9244342244082699,0.9348663338624505
mv,x6,40768.0,0.1506,0.9803,-37.3515,12.3802,-11.0455,-9.1891,10.801,-0.3264,-0.948,8.4833,18.2192,0.0045,0.7004,0.0029,0.5007,0.0044,0.6637,10.4249,0.0,MLP,0.9394144590220588,0.9416718757935523,0.9402453630823234,0.9273285685757872,0.9410001194081913,0.9424441203382571,0.9390669266295498,0.9387398844787662,0.941752760705571,0.942639281804111,0.9422549496673545,0.941758513290816,0.9418972114779576,0.9424194126534262,0.9421456380659218,0.9421215296584422,0.9345289684758504,0.9424512248767998
mv,x6,40768.0,0.1506,0.9803,-37.3515,12.3802,-11.0455,-9.1891,10.801,-0.3264,-0.948,8.4833,18.2192,0.0045,0.7004,0.0029,0.5007,0.0044,0.6637,10.4249,0.0,TabNet,0.9390336893722506,0.9415423831402462,0.939931983536787,0.9276009768844552,0.9409938591791238,0.9427179426534446,0.9393009235410716,0.938712195054705,0.9417236030014985,0.9427615332465626,0.9425808879034867,0.9419590272857365,0.942419702409454,0.94253941640569,0.9424705736211935,0.9422158606978611,0.9351353159135136,0.9426976729869104
mv,x6,40768.0,0.0988,0.9797,-37.3515,12.3802,-10.9961,-9.1363,10.7956,-0.3285,-0.9429,8.478,18.1814,0.0047,0.7017,0.0032,0.5016,0.0047,0.6649,10.4832,0.0,MLP,0.9455628802368978,0.948978926003937,0.9468978877080828,0.9384697837549718,0.9477872732924082,0.9486195020206436,0.9452191003383965,0.9449817122535876,0.947687825066416,0.9483196319483169,0.9482795303620097,0.9477635841484328,0.9480728136494962,0.9485188890224969,0.9477571647059719,0.9484397894384737,0.9428401989982055,0.9481459659985675
